Unity Editor version:    6000.5.11f1 (5c3a1087d8e4)
Branch:                  6000.5/staging
Build type:              Release
Batch mode:              YES
System name:             Linux
Distro version:          #22-Ubuntu SMP Mon Jul 27 17:24:03 UTC 2026
Kernel version:          6.17.0-1022-azure
Architecture:            x86_64
Available memory:        15989 MB
Date:                    2026-09-11T06:12:27Z
[Licensing::Module] Trying to connect to existing licensing client channel...
[Licensing::IpcConnector] Channel LicenseClient-root doesn't exist
[Licensing::Module] Successfully launched the LicensingClient (PId: 2044)
Selected window backend: (null) 
Desktop is 1280 x 1024 @ 60 Hz
Initialize udev device monitor.

COMMAND LINE ARGUMENTS:
/opt/unity/Editor/Unity
-batchmode
-quit
-logFile
/__w/avalon-the-waking-gates/avalon-the-waking-gates/shell-build.log
-projectPath
/__w/avalon-the-waking-gates/avalon-the-waking-gates/unity
-executeMethod
AvalonShell.AvalonShellBuild.BuildForAndroid
Successfully changed project path to: /__w/avalon-the-waking-gates/avalon-the-waking-gates/unity
/__w/avalon-the-waking-gates/avalon-the-waking-gates/unity
[UnityMemory] Configuration Parameters - Can be set up in boot.config
    "memorysetup-temp-allocator-size-gi-baking-worker=262144"
    "memorysetup-temp-allocator-size-gi-baking-worker=262144"
    "memorysetup-temp-allocator-size-gi-baking-worker=262144"
    "memorysetup-temp-allocator-size-gi-baking-worker=262144"
    "memorysetup-temp-allocator-size-gi-baking-worker=262144"
    "memorysetup-temp-allocator-size-nav-mesh-worker=65536"
    "memorysetup-temp-allocator-size-audio-worker=65536"
    "memorysetup-temp-allocator-size-cloud-worker=32768"
    "memorysetup-allocator-temp-initial-block-size-main=262144"
    "memorysetup-allocator-temp-initial-block-size-worker=262144"
    "memorysetup-temp-allocator-size-preload-manager=33554432"
    "memorysetup-remapper-allocator-initial-capacity=32768"
    "memorysetup-temp-allocator-size-gfx=262144"
    "memorysetup-temp-allocator-size-background-worker=32768"
    "memorysetup-temp-allocator-size-job-worker=262144"
    "memorysetup-bucket-allocator-granularity=16"
    "memorysetup-bucket-allocator-bucket-count=8"
    "memorysetup-bucket-allocator-block-size=33554432"
    "memorysetup-bucket-allocator-block-count=8"
    "memorysetup-main-allocator-block-size=16777216"
    "memorysetup-thread-allocator-block-size=16777216"
    "memorysetup-main-allocator-mimalloc-enabled=0"
    "memorysetup-gfx-main-allocator-block-size=16777216"
    "memorysetup-gfx-thread-allocator-block-size=16777216"
    "memorysetup-cache-allocator-block-size=4194304"
    "memorysetup-typetree-allocator-block-size=2097152"
    "memorysetup-profiler-bucket-allocator-granularity=16"
    "memorysetup-profiler-bucket-allocator-bucket-count=8"
    "memorysetup-profiler-bucket-allocator-block-size=33554432"
    "memorysetup-profiler-bucket-allocator-block-count=8"
    "memorysetup-profiler-allocator-block-size=16777216"
    "memorysetup-profiler-editor-allocator-block-size=1048576"
    "memorysetup-temp-allocator-size-main=16777216"
    "memorysetup-job-temp-allocator-block-size=2097152"
    "memorysetup-job-temp-allocator-block-size-background=1048576"
    "memorysetup-job-temp-allocator-reduction-small-platforms=262144"
Logging is directed to a specific file, skipping project log.Player connection [140519195228992]  Target information:

Player connection [140519195228992]  * "[IP] 172.18.0.2 [Port] 55504 [Flags] 2 [Guid] 3958850070 [EditorId] 3958850070 [Version] 1048832 [Id] LinuxEditor(16,172.18.0.2) [Debug] 1 [PackageName] LinuxEditor [ProjectName] Editor" 

Player connection [140519195228992] Host joined multi-casting on [225.0.0.222:54997]...
Player connection [140519195228992] Host joined alternative multi-casting on [225.0.0.222:34997]...
Input System module state changed to: Initialized.
[Physics::Module] Initialized fallback backend.
[Physics::Module] Id: 0xdecafbad
[Licensing::IpcConnector] Successfully connected to: "LicenseClient-root" at "2026-09-11T06:12:28.271548Z"
[SignatureVerifier] Application signature verification not supported on this platform.
[Package Manager] Connected to IPC stream "Upm-2037" after 0.2 seconds.
[Licensing::Module] Licensing is not yet initialized.
[Licensing::Client] Handshaking with LicensingClient:
  Version:                 1.18.3+d7ffd15
  Session Id:              42f2e497c0fd42959f48880c4b4f7c62
  Correlation Id:          4630b8d0c1bb28df2f212193ff8075aa
  External correlation Id: 8961124612539469829
  Machine Id:              D7nTUnjNAmtsUMcnoyrqkgIbYdM=
[Licensing::Module] Successfully connected to LicensingClient on channel: "LicenseClient-root" (connect: 0.38s, validation: 0.12s, handshake: 0.00s)
[Licensing::IpcConnector] Successfully connected to: "LicenseClient-root-notifications" at "2026-09-11T06:12:28.389512Z"
[Licensing::Module] Connected to LicensingClient (PId: 2044, launch time: 0.00, total connection time: 0.50s)
[Licensing::Module] Error: Access token is unavailable; failed to update
[Licensing::Client] Successfully resolved entitlement details
[Licensing::Module] License group:
  Id: 20067645595270-UnityPersXXXX
  Product: Unity Personal
  Type: Assigned
  Expiration: Unlimited
[Licensing::Client] Successfully updated license, isAsync: True, time: 0.01
[Licensing::Client] Successfully resolved entitlement details
[Licensing::Module] Licensing Background thread has ended after 0.53s
[Licensing::Module] Licensing is initialized (took 0.05s).
[Licensing::Client] Successfully resolved entitlement details
Library Redirect Path: Library/
[Physics::Module] Selected backend.
[Physics::Module] Name: PhysX
[Physics::Module] Id: 0xf2b8ea05
[Physics::Module] SDK Version: 4.1.2
[Physics::Module] Integration Version: 1.0.0
[Physics::Module] Threading Mode: Multi-Threaded
Artifact Garbage Collection - Removed 81 unused hashed content files
Initialize engine version: 6000.5.11f1 (5c3a1087d8e4)
[Subsystems] Discovering subsystems at path /opt/unity/Editor/Data/Resources/UnitySubsystems
[Subsystems] Discovering subsystems at path /__w/avalon-the-waking-gates/avalon-the-waking-gates/unity/Assets
kGfxThreadingModeNonThreaded is not supported on OpenGL Core. Reverting to kGfxThreadingModeDirect instead.
GfxDevice: creating device client; kGfxThreadingModeDirect
GLX Extensions: GLX_ARB_context_flush_control GLX_ARB_create_context GLX_ARB_create_context_no_error GLX_ARB_create_context_profile GLX_ARB_fbconfig_float GLX_ARB_framebuffer_sRGB GLX_ARB_get_proc_address GLX_ARB_multisample GLX_EXT_create_context_es2_profile GLX_EXT_create_context_es_profile GLX_EXT_fbconfig_packed_float GLX_EXT_framebuffer_sRGB GLX_EXT_no_config_context GLX_EXT_texture_from_pixmap GLX_EXT_visual_info GLX_EXT_visual_rating GLX_MESA_copy_sub_buffer GLX_MESA_query_renderer GLX_OML_swap_method GLX_SGIS_multisample GLX_SGIX_fbconfig GLX_SGIX_pbuffer GLX_SGIX_visual_select_group GLX_SGI_make_current_read 
Renderer: llvmpipe (LLVM 15.0.7, 256 bits)
Vendor:   Mesa
Version:  4.5 (Core Profile) Mesa 23.2.1-1ubuntu3.1~22.04.3
GLES:     0
 GL_3DFX_texture_compression_FXT1 GL_AMD_conservative_depth GL_AMD_draw_buffers_blend GL_AMD_gpu_shader_int64 GL_AMD_multi_draw_indirect GL_AMD_pinned_memory GL_AMD_query_buffer_object GL_AMD_seamless_cubemap_per_texture GL_AMD_shader_stencil_export GL_AMD_shader_trinary_minmax GL_AMD_texture_texture4 GL_AMD_vertex_shader_layer GL_AMD_vertex_shader_viewport_index GL_ANGLE_texture_compression_dxt3 GL_ANGLE_texture_compression_dxt5 GL_ARB_ES2_compatibility GL_ARB_ES3_1_compatibility GL_ARB_ES3_2_compatibility GL_ARB_ES3_compatibility GL_ARB_arrays_of_arrays GL_ARB_base_instance GL_ARB_blend_func_extended GL_ARB_buffer_storage GL_ARB_clear_buffer_object GL_ARB_clear_texture GL_ARB_clip_control GL_ARB_compressed_texture_pixel_storage GL_ARB_compute_shader GL_ARB_conditional_render_inverted GL_ARB_conservative_depth GL_ARB_copy_buffer GL_ARB_copy_image GL_ARB_cull_distance GL_ARB_debug_output GL_ARB_depth_buffer_float GL_ARB_depth_clamp GL_ARB_derivative_control GL_ARB_direct_state_access GL_ARB_draw_buffers GL_A
RB_draw_buffers_blend GL_ARB_draw_elements_base_vertex GL_ARB_draw_indirect GL_ARB_draw_instanced GL_ARB_enhanced_layouts GL_ARB_explicit_attrib_location GL_ARB_explicit_uniform_location GL_ARB_fragment_coord_conventions GL_ARB_fragment_layer_viewport GL_ARB_fragment_shader GL_ARB_framebuffer_no_attachments GL_ARB_framebuffer_object GL_ARB_framebuffer_sRGB GL_ARB_get_program_binary GL_ARB_get_texture_sub_image GL_ARB_gl_spirv GL_ARB_gpu_shader5 GL_ARB_gpu_shader_fp64 GL_ARB_gpu_shader_int64 GL_ARB_half_float_pixel GL_ARB_half_float_vertex GL_ARB_indirect_parameters GL_ARB_instanced_arrays GL_ARB_internalformat_query GL_ARB_internalformat_query2 GL_ARB_invalidate_subdata GL_ARB_map_buffer_alignment GL_ARB_map_buffer_range GL_ARB_multi_bind GL_ARB_multi_draw_indirect GL_ARB_occlusion_query2 GL_ARB_parallel_shader_compile GL_ARB_pipeline_statistics_query GL_ARB_pixel_buffer_object GL_ARB_point_sprite GL_ARB_polygon_offset_clamp GL_ARB_post_depth_coverage GL_ARB_program_interface_query GL_ARB_provoking_vertex GL
_ARB_query_buffer_object GL_ARB_robust_buffer_access_behavior GL_ARB_robustness GL_ARB_sample_shading GL_ARB_sampler_objects GL_ARB_seamless_cube_map GL_ARB_seamless_cubemap_per_texture GL_ARB_separate_shader_objects GL_ARB_shader_atomic_counter_ops GL_ARB_shader_atomic_counters GL_ARB_shader_ballot GL_ARB_shader_bit_encoding GL_ARB_shader_clock GL_ARB_shader_draw_parameters GL_ARB_shader_group_vote GL_ARB_shader_image_load_store GL_ARB_shader_image_size GL_ARB_shader_objects GL_ARB_shader_precision GL_ARB_shader_stencil_export GL_ARB_shader_storage_buffer_object GL_ARB_shader_subroutine GL_ARB_shader_texture_image_samples GL_ARB_shader_texture_lod GL_ARB_shader_viewport_layer_array GL_ARB_shading_language_420pack GL_ARB_shading_language_include GL_ARB_shading_language_packing GL_ARB_spirv_extensions GL_ARB_stencil_texturing GL_ARB_sync GL_ARB_tessellation_shader GL_ARB_texture_barrier GL_ARB_texture_buffer_object GL_ARB_texture_buffer_object_rgb32 GL_ARB_texture_buffer_range GL_ARB_texture_compression_bptc 
GL_ARB_texture_compression_rgtc GL_ARB_texture_cube_map_array GL_ARB_texture_filter_anisotropic GL_ARB_texture_filter_minmax GL_ARB_texture_float GL_ARB_texture_gather GL_ARB_texture_mirror_clamp_to_edge GL_ARB_texture_multisample GL_ARB_texture_non_power_of_two GL_ARB_texture_query_levels GL_ARB_texture_query_lod GL_ARB_texture_rectangle GL_ARB_texture_rg GL_ARB_texture_rgb10_a2ui GL_ARB_texture_stencil8 GL_ARB_texture_storage GL_ARB_texture_storage_multisample GL_ARB_texture_swizzle GL_ARB_texture_view GL_ARB_timer_query GL_ARB_transform_feedback2 GL_ARB_transform_feedback3 GL_ARB_transform_feedback_instanced GL_ARB_transform_feedback_overflow_query GL_ARB_uniform_buffer_object GL_ARB_vertex_array_bgra GL_ARB_vertex_array_object GL_ARB_vertex_attrib_64bit GL_ARB_vertex_attrib_binding GL_ARB_vertex_buffer_object GL_ARB_vertex_shader GL_ARB_vertex_type_10f_11f_11f_rev GL_ARB_vertex_type_2_10_10_10_rev GL_ARB_viewport_array GL_ARM_shader_framebuffer_fetch_depth_stencil GL_ATI_blend_equation_separate GL_ATI_me
minfo GL_ATI_texture_float GL_ATI_texture_mirror_once GL_EXT_EGL_image_storage GL_EXT_EGL_sync GL_EXT_abgr GL_EXT_blend_equation_separate GL_EXT_debug_label GL_EXT_draw_buffers2 GL_EXT_draw_instanced GL_EXT_framebuffer_blit GL_EXT_framebuffer_multisample GL_EXT_framebuffer_multisample_blit_scaled GL_EXT_framebuffer_object GL_EXT_framebuffer_sRGB GL_EXT_memory_object GL_EXT_memory_object_fd GL_EXT_packed_depth_stencil GL_EXT_packed_float GL_EXT_pixel_buffer_object GL_EXT_polygon_offset_clamp GL_EXT_provoking_vertex GL_EXT_shader_framebuffer_fetch GL_EXT_shader_framebuffer_fetch_non_coherent GL_EXT_shader_integer_mix GL_EXT_texture_array GL_EXT_texture_compression_dxt1 GL_EXT_texture_compression_rgtc GL_EXT_texture_compression_s3tc GL_EXT_texture_filter_anisotropic GL_EXT_texture_filter_minmax GL_EXT_texture_integer GL_EXT_texture_mirror_clamp GL_EXT_texture_sRGB GL_EXT_texture_sRGB_R8 GL_EXT_texture_sRGB_RG8 GL_EXT_texture_sRGB_decode GL_EXT_texture_shadow_lod GL_EXT_texture_shared_exponent GL_EXT_texture_sno
rm GL_EXT_texture_swizzle GL_EXT_timer_query GL_EXT_transform_feedback GL_EXT_vertex_array_bgra GL_EXT_vertex_attrib_64bit GL_IBM_multimode_draw_arrays GL_INTEL_shader_atomic_float_minmax GL_KHR_blend_equation_advanced GL_KHR_blend_equation_advanced_coherent GL_KHR_context_flush_control GL_KHR_debug GL_KHR_no_error GL_KHR_parallel_shader_compile GL_KHR_robust_buffer_access_behavior GL_KHR_robustness GL_KHR_texture_compression_astc_ldr GL_KHR_texture_compression_astc_sliced_3d GL_MESA_framebuffer_flip_y GL_MESA_pack_invert GL_MESA_shader_integer_functions GL_MESA_texture_signed_rgba GL_MESA_ycbcr_texture GL_NVX_gpu_memory_info GL_NV_conditional_render GL_NV_copy_image GL_NV_depth_clamp GL_NV_packed_depth_stencil GL_NV_shader_atomic_float GL_NV_texture_barrier GL_OES_EGL_image GL_S3_s3tc
OPENGL LOG: Creating OpenGL 4.5 graphics device ; Context level  <OpenGL 4.5> ; Context handle -946445184
Initialize mono
Mono path[0] = '/opt/unity/Editor/Data/Managed'
Mono path[1] = '/opt/unity/Editor/Data/BCLExtensions/runtime/netstandard2.1'
Mono path[2] = '/opt/unity/Editor/Data/MonoBleedingEdge/lib/mono/unityjit-linux'
Mono config path = '/opt/unity/Editor/Data/MonoBleedingEdge/etc'
Using monoOptions --debugger-agent=transport=dt_socket,embedding=1,server=y,suspend=n,address=127.0.0.1:56037
CodeReloadManager initialized
ImportWorker Server TCP listen port: 0
AcceleratorClientConnectionCallback - disconnected - :0
Begin MonoManager ReloadAssembly
Registering precompiled unity dll's ...
[Licensing::Client] Successfully resolved entitlement details
Register platform support module: /opt/unity/Editor/Data/PlaybackEngines/AndroidPlayer/UnityEditor.Android.Extensions.dll
Register platform support module: /opt/unity/Editor/Data/PlaybackEngines/LinuxStandaloneSupport/UnityEditor.LinuxStandalone.Extensions.dll
Registered in 0.004725 seconds.
Native extension for LinuxStandalone target not found
Native extension for Android target not found
Package Manager log level set to [2]
[Licensing::Client] Successfully resolved entitlement details
ScheduleIndexationOnStartup MainProcess:False IndexOnStartup:False
Mono: successfully reloaded assembly
- Finished resetting the current domain, in  0.664 seconds
Domain Reload Profiling: 1155ms
	BeginReloadAssembly (75ms)
	RebuildCommonClasses (4ms)
	RebuildNativeTypeToScriptingClass (14ms)
	initialDomainReloadingComplete (84ms)
	LoadAllAssembliesAndSetupDomain (312ms)
		LoadAssemblies (74ms)
		AnalyzeDomain (225ms)
			TypeCache.Refresh (224ms)
				TypeCache.ScanAssembly (211ms)
	FinalizeReload (665ms)
		SetupLoadedEditorAssemblies (0ms)
			InitializePlatformSupportModulesInManaged (11ms)
			BeforeProcessingInitializeOnLoad (105ms)
			ProcessInitializeOnLoadAttributes (101ms)
			ProcessInitializeOnLoadMethodAttributes (370ms)
[Licensing::Client] Successfully resolved entitlement details
Application.AssetDatabase Initial Refresh Start
[Package Manager] Restoring resolved packages state from cache
[Licensing::Client] Successfully resolved entitlement details
[Package Manager] Registered 13 packages:
  Built-in packages:
    com.unity.ugui@2.5.0 (location: /__w/avalon-the-waking-gates/avalon-the-waking-gates/unity/Library/PackageCache/com.unity.ugui@88d425521773)
    com.unity.modules.animation@1.0.0 (location: /__w/avalon-the-waking-gates/avalon-the-waking-gates/unity/Library/PackageCache/com.unity.modules.animation)
    com.unity.modules.imgui@1.0.0 (location: /__w/avalon-the-waking-gates/avalon-the-waking-gates/unity/Library/PackageCache/com.unity.modules.imgui)
    com.unity.modules.jsonserialize@1.0.0 (location: /__w/avalon-the-waking-gates/avalon-the-waking-gates/unity/Library/PackageCache/com.unity.modules.jsonserialize)
    com.unity.modules.uielements@1.0.0 (location: /__w/avalon-the-waking-gates/avalon-the-waking-gates/unity/Library/PackageCache/com.unity.modules.uielements)
    com.unity.modules.ui@1.0.0 (location: /__w/avalon-the-waking-gates/avalon-the-waking-gates/unity/Library/PackageCache/com.unity.modules.ui)
    com.unity.modules.physics@1.0.0 (location: /__w/avalon-the-waking-gates/avalon-the-waking-gates/unity/Library/PackageCache/com.unity.modules.physics)
    com.unity.modules.unitywebrequest@1.0.0 (location: /__w/avalon-the-waking-gates/avalon-the-waking-gates/unity/Library/PackageCache/com.unity.modules.unitywebrequest)
    com.unity.modules.androidjni@1.0.0 (location: /__w/avalon-the-waking-gates/avalon-the-waking-gates/unity/Library/PackageCache/com.unity.modules.androidjni)
    com.unity.modules.hierarchycore@1.0.0 (location: /__w/avalon-the-waking-gates/avalon-the-waking-gates/unity/Library/PackageCache/com.unity.modules.hierarchycore)
    com.unity.modules.audio@1.0.0 (location: /__w/avalon-the-waking-gates/avalon-the-waking-gates/unity/Library/PackageCache/com.unity.modules.audio)
    com.unity.modules.physics2d@1.0.0 (location: /__w/avalon-the-waking-gates/avalon-the-waking-gates/unity/Library/PackageCache/com.unity.modules.physics2d)
    com.unity.modules.physicscore2d@1.0.0 (location: /__w/avalon-the-waking-gates/avalon-the-waking-gates/unity/Library/PackageCache/com.unity.modules.physicscore2d)
[Subsystems] No new subsystems found in resolved package list.
[Package Manager] Done registering packages in 0.00 seconds
info: Microsoft.Hosting.Lifetime[14]
      Now listening on: http://unix:/tmp/ilpp.sock-ffb8d8d7324f9a9fd9938dee50e4d991
info: Microsoft.Hosting.Lifetime[0]
      Application started. Press Ctrl+C to shut down.
info: Microsoft.Hosting.Lifetime[0]
      Hosting environment: Production
info: Microsoft.Hosting.Lifetime[0]
      Content root path: /__w/avalon-the-waking-gates/avalon-the-waking-gates/unity
info: Microsoft.AspNetCore.Hosting.Diagnostics[1]
      Request starting HTTP/2 POST http://ilpp/UnityILPP.PostProcessing/Ping - application/grpc -
info: Microsoft.AspNetCore.Routing.EndpointMiddleware[0]
      Executing endpoint 'gRPC - /UnityILPP.PostProcessing/Ping'
info: Microsoft.AspNetCore.Routing.EndpointMiddleware[1]
      Executed endpoint 'gRPC - /UnityILPP.PostProcessing/Ping'
info: Microsoft.AspNetCore.Hosting.Diagnostics[2]
      Request finished HTTP/2 POST http://ilpp/UnityILPP.PostProcessing/Ping - 200 - application/grpc 29.9116ms
Starting: /opt/unity/Editor/Data/Tools/BuildPipeline/bee_backend --ipc --defer-dag-verification --dagfile="Library/Bee/2400b0aE.dag" --continue-on-failure --profile="Library/Bee/backend1.traceevents" ScriptAssemblies
WorkingDir: /__w/avalon-the-waking-gates/avalon-the-waking-gates/unity
DisplayProgressbar: Compiling Scripts
ExitCode: 0 Duration: 0s185ms
*** Tundra build success (0.17 seconds), 0 items updated, 224 evaluated
Total cache size 2009500
Total cache size after purge 2009500, took 00:00:00.0087889
AssetDatabase: script compilation time: 0.928647s
Begin MonoManager ReloadAssembly
Importing 'GUID: b66d6b92dcbd3ceb0bd30067a7ef574e - Path: Assets/AvalonForge/Reports' with importer (DefaultImporter)
Imported 'GUID: b66d6b92dcbd3ceb0bd30067a7ef574e' -> (Import Result ID: '35a7b00c3a88efc9d66ba2ef26333f5f') in 0.101 seconds [static dependencies only]. Details - ImportResultOutputID=c8b0ff974887d2243e5b6e9a6cf8d7a9 DependenciesID=2f661e3455f3dfb46a5fde18f187d717 StaticDependenciesID=6511ac3e33688d96fe730e570dde0c17 
Importing 'GUID: 5d00b65e79ef53d5695133748551c754 - Path: Assets/AvalonForge/QCShots' with importer (DefaultImporter)
Imported 'GUID: 5d00b65e79ef53d5695133748551c754' -> (Import Result ID: 'a1fb955787e86d172c3b7bf1efa2e951') in 0.127 seconds [static dependencies only]. Details - ImportResultOutputID=1402b9327faa3880e45ef19393f08a1d DependenciesID=8673785d4b3d5363458967971cb2923c StaticDependenciesID=da36ab120af0c74f0e5b4d67df5c229f 
Native extension for LinuxStandalone target not found
Native extension for Android target not found
ScheduleIndexationOnStartup MainProcess:True IndexOnStartup:True
Mono: successfully reloaded assembly
- Finished resetting the current domain, in  0.451 seconds
Domain Reload Profiling: 770ms
	BeginReloadAssembly (154ms)
		DisableScriptedObjects (18ms)
		CreateAndSetChildDomain (38ms)
	RebuildCommonClasses (8ms)
	RebuildNativeTypeToScriptingClass (10ms)
	initialDomainReloadingComplete (32ms)
	LoadAllAssembliesAndSetupDomain (115ms)
		LoadAssemblies (64ms)
		AnalyzeDomain (25ms)
			TypeCache.Refresh (17ms)
				TypeCache.ScanAssembly (12ms)
			BuildScriptInfoCaches (5ms)
	FinalizeReload (453ms)
		SetupLoadedEditorAssemblies (0ms)
			InitializePlatformSupportModulesInManaged (7ms)
			BeforeProcessingInitializeOnLoad (80ms)
			ProcessInitializeOnLoadAttributes (60ms)
			ProcessInitializeOnLoadMethodAttributes (85ms)
			AfterProcessingInitializeOnLoad (8ms)
		AwakeInstancesAfterBackupRestoration (24ms)
Importing 'GUID: a88dca8fe404f9a0ead79d5d8d46aa07 - Path: Assets/AvalonForge/QCShots/Sovereign-idle.png' with importer (TextureImporter)
Imported 'GUID: a88dca8fe404f9a0ead79d5d8d46aa07' -> (Import Result ID: 'c4f016336d83a4d3f832f61ae606182d') in 0.109 seconds [static and dynamic dependencies]. Details - ImportResultOutputID=0e14927ea0b0f41b54758fac771eaf61 DependenciesID=6b8075a073b1c7312f03d471e709f553 StaticDependenciesID=a1137d98517dfaccc8d9014cf7727607 
Importing 'GUID: fca8c5eea7a313e1f920910002a26b32 - Path: Assets/AvalonForge/QCShots/Sovereign-walk.png' with importer (TextureImporter)
Imported 'GUID: fca8c5eea7a313e1f920910002a26b32' -> (Import Result ID: 'a18635d67ae6cad54ff4a5ee9260179a') in 0.114 seconds [static and dynamic dependencies]. Details - ImportResultOutputID=c4b534cf10d6b780cb2977cf6b87606e DependenciesID=8c73847b7accae95f4e97ef8b5fe49ff StaticDependenciesID=f46e3106c088ff248af5d6a9c40b2d4f 
Importing 'GUID: 1196feb7218c25bd5b388cca8be3507e - Path: Assets/AvalonForge/Reports/Sovereign-20260911-061222.json' with importer (TextScriptImporter)
Imported 'GUID: 1196feb7218c25bd5b388cca8be3507e' -> (Import Result ID: 'c59159c3a83e2db8997b039f9404b273') in 0.115 seconds [static dependencies only]. Details - ImportResultOutputID=d4b91be36e27e18b34cca800cf298c47 DependenciesID=1b262c48b9b142c6e2a3c0d8cf4ad539 StaticDependenciesID=1f0fbea97ac69f081cb7029bf22183a0 
Starting new worker id: 0 with log in /__w/avalon-the-waking-gates/avalon-the-waking-gates/unity/Logs/AssetImportWorkerHW0.log

Asset Pipeline Refresh (id=68b72304c5e75443e8e402b638ac49e7): Total: 2.699 seconds - Initiated by InitialRefreshV2(ForceSynchronousImport)
	(Values over 0.05ms)
	Summary:
		Imports: total=5 (actual=5, local cache=0, cache server=0)
		Asset DB Process Time: managed=4 ms, native=1296 ms
		Asset DB Callback time: managed=113 ms, native=7 ms
		Scripting: domain reloads=1, domain reload time=334 ms, compile time=931 ms, other=11 ms
		Project Asset Count: scripts=146, non-scripts=68
		Asset File Changes: new=5, changed=5, moved=0, deleted=0
		Scan Filter Count: 1
	InvokePackagesCallback: 6.388ms
	ApplyChangesToAssetFolders: 0.145ms
	Scan: 73.335ms
	Collect global state as custom dependencies: 7.728ms
	OnSourceAssetsModified: 0.527ms
	CategorizeScriptCompilationAssets: 0.975ms
	ProcessAssetsWithTransientArtifactChanges: 5.703ms
	CategorizeAssets: 1.607ms
	CompileScripts: 931.141ms
	ImportOutOfDateAssets: 1037.691ms (456.310ms without children)
		ImportManagerImport: 570.765ms (3.372ms without children)
		UnloadImportedAssets: 0.215ms
		ImportSchedulerStart: 10.336ms
	PostProcessAllAssets: 114.729ms
		MonoPostProcessAllAssets: 112.810ms
			AssetPostprocessor.OnPostprocessAllAssets 63.396ms
			StyleCatalogPostProcessor.OnPostprocessAllAssets 11.042ms
			WindowAssetPostprocessingWatcher.OnPostprocessAllAssets 9.298ms
			BuilderAssetPostprocessor.OnPostprocessAllAssets 7.994ms
			AssetChangedListener.OnPostprocessAllAssets 1.915ms
			TextAssetPostProcessor.OnPostprocessAllAssets 1.643ms
			EditModeScopePostprocessor.OnPostprocessAllAssets 1.194ms
			RetainedModeAssetPostprocessor.OnPostprocessAllAssets 1.170ms
			SyncVS.PostprocessSyncProject 0.991ms
			SpeedTree9Postprocessor.OnPostprocessAllAssets 0.714ms
			ArtifactBrowserPostProcessor.OnPostprocessAllAssets 0.510ms
			TMPro_TexturePostProcessor.OnPostprocessAllAssets 0.345ms
			ReferencedClipsPostProcessor.OnPostprocessAllAssets 0.278ms
			AudioMixerPostprocessor.OnPostprocessAllAssets 0.264ms
			AssetEvents.OnPostprocessAllAssets 0.206ms
			TerrainToolbarOverlayPostProcessor.OnPostprocessAllAssets 0.189ms
			ConfigAssetsTracker.OnPostprocessAllAssets 0.186ms
			AssetDatabaseCallbacks.OnPostprocessAllAssets 0.179ms
			SpeedTreePostProcessor.OnPostprocessAllAssets 0.158ms
			ScenarioDriftAssetsTracker.OnPostprocessAllAssets 0.157ms
			RenderPipelineGlobalSettingsPostprocessor.OnPostprocessAllAssets 0.095ms
			AudioContainerPostProcessor.OnPostprocessAllAssets 0.067ms
	PostAssetChangesProfiler: 0.976ms
	UnloadStreamsBegin: 1.512ms
	PersistCurrentRevisions: 0.123ms
	Untracked: 376.819ms

Application.AssetDatabase Initial Refresh End
Launched and connected shader compiler UnityShaderCompiler after 0.01 seconds
Scanning for USB devices : 0.114ms
Initializing Unity extensions:
UpdateMenuTitleForLanguage: 10
[MODES] ModeService[none].Initialize
[MODES] ModeService[none].LoadModes
[MODES] Loading mode Default (0) for mode-current-id-unity
Unloading 4 Unused Serialized files (Serialized files now loaded: 0)
Unloading 378 unused Assets / (462.1 KB). Loaded Objects now: 1194.
Memory consumption went from 114.0 MB to 113.5 MB.
Total: 11.058199 ms (FindLiveObjects: 0.144936 ms CreateObjectMapping: 0.042132 ms MarkObjects: 10.205160 ms  DeleteObjects: 0.665070 ms)

[SHELL] staged art: CINEMATIC-TEASER-KEYART-CANON.png
UnityEngine.Debug:ExtractStackTraceNoAlloc (byte*,int,string)
UnityEngine.StackTraceUtility:ExtractStackTrace () (at /home/bokken/build/output/unity/unity/Runtime/Export/Scripting/StackTrace.cs:35)
UnityEngine.DebugLogHandler:Internal_Log (UnityEngine.LogType,UnityEngine.LogOption,string,UnityEngine.Object)
UnityEngine.DebugLogHandler:LogFormat (UnityEngine.LogType,UnityEngine.Object,string,object[])
UnityEngine.Logger:Log (UnityEngine.LogType,object)
UnityEngine.Debug:Log (object)
AvalonShell.AvalonShellBuild:BuildForAndroid () (at Assets/AvalonShell/Editor/AvalonShellBuild.cs:38)

(Filename: Assets/AvalonShell/Editor/AvalonShellBuild.cs Line: 38)

[SHELL] staged art: CLASS-SOVEREIGN-CANON.png
UnityEngine.Debug:ExtractStackTraceNoAlloc (byte*,int,string)
UnityEngine.StackTraceUtility:ExtractStackTrace () (at /home/bokken/build/output/unity/unity/Runtime/Export/Scripting/StackTrace.cs:35)
UnityEngine.DebugLogHandler:Internal_Log (UnityEngine.LogType,UnityEngine.LogOption,string,UnityEngine.Object)
UnityEngine.DebugLogHandler:LogFormat (UnityEngine.LogType,UnityEngine.Object,string,object[])
UnityEngine.Logger:Log (UnityEngine.LogType,object)
UnityEngine.Debug:Log (object)
AvalonShell.AvalonShellBuild:BuildForAndroid () (at Assets/AvalonShell/Editor/AvalonShellBuild.cs:38)

(Filename: Assets/AvalonShell/Editor/AvalonShellBuild.cs Line: 38)

[SHELL] staged art: CLASS-RAVAGER-CANON.png
UnityEngine.Debug:ExtractStackTraceNoAlloc (byte*,int,string)
UnityEngine.StackTraceUtility:ExtractStackTrace () (at /home/bokken/build/output/unity/unity/Runtime/Export/Scripting/StackTrace.cs:35)
UnityEngine.DebugLogHandler:Internal_Log (UnityEngine.LogType,UnityEngine.LogOption,string,UnityEngine.Object)
UnityEngine.DebugLogHandler:LogFormat (UnityEngine.LogType,UnityEngine.Object,string,object[])
UnityEngine.Logger:Log (UnityEngine.LogType,object)
UnityEngine.Debug:Log (object)
AvalonShell.AvalonShellBuild:BuildForAndroid () (at Assets/AvalonShell/Editor/AvalonShellBuild.cs:38)

(Filename: Assets/AvalonShell/Editor/AvalonShellBuild.cs Line: 38)

[SHELL] staged art: CLASS-WARDEN-CANON.png
UnityEngine.Debug:ExtractStackTraceNoAlloc (byte*,int,string)
UnityEngine.StackTraceUtility:ExtractStackTrace () (at /home/bokken/build/output/unity/unity/Runtime/Export/Scripting/StackTrace.cs:35)
UnityEngine.DebugLogHandler:Internal_Log (UnityEngine.LogType,UnityEngine.LogOption,string,UnityEngine.Object)
UnityEngine.DebugLogHandler:LogFormat (UnityEngine.LogType,UnityEngine.Object,string,object[])
UnityEngine.Logger:Log (UnityEngine.LogType,object)
UnityEngine.Debug:Log (object)
AvalonShell.AvalonShellBuild:BuildForAndroid () (at Assets/AvalonShell/Editor/AvalonShellBuild.cs:38)

(Filename: Assets/AvalonShell/Editor/AvalonShellBuild.cs Line: 38)

[SHELL] staged art: CLASS-VEILBORN-CANON.png
UnityEngine.Debug:ExtractStackTraceNoAlloc (byte*,int,string)
UnityEngine.StackTraceUtility:ExtractStackTrace () (at /home/bokken/build/output/unity/unity/Runtime/Export/Scripting/StackTrace.cs:35)
UnityEngine.DebugLogHandler:Internal_Log (UnityEngine.LogType,UnityEngine.LogOption,string,UnityEngine.Object)
UnityEngine.DebugLogHandler:LogFormat (UnityEngine.LogType,UnityEngine.Object,string,object[])
UnityEngine.Logger:Log (UnityEngine.LogType,object)
UnityEngine.Debug:Log (object)
AvalonShell.AvalonShellBuild:BuildForAndroid () (at Assets/AvalonShell/Editor/AvalonShellBuild.cs:38)

(Filename: Assets/AvalonShell/Editor/AvalonShellBuild.cs Line: 38)

[SHELL] staged art: CLASS-WEAVER-CANON.png
UnityEngine.Debug:ExtractStackTraceNoAlloc (byte*,int,string)
UnityEngine.StackTraceUtility:ExtractStackTrace () (at /home/bokken/build/output/unity/unity/Runtime/Export/Scripting/StackTrace.cs:35)
UnityEngine.DebugLogHandler:Internal_Log (UnityEngine.LogType,UnityEngine.LogOption,string,UnityEngine.Object)
UnityEngine.DebugLogHandler:LogFormat (UnityEngine.LogType,UnityEngine.Object,string,object[])
UnityEngine.Logger:Log (UnityEngine.LogType,object)
UnityEngine.Debug:Log (object)
AvalonShell.AvalonShellBuild:BuildForAndroid () (at Assets/AvalonShell/Editor/AvalonShellBuild.cs:38)

(Filename: Assets/AvalonShell/Editor/AvalonShellBuild.cs Line: 38)

[SHELL] staged art: CLASS-WILDBORN-CANON.png
UnityEngine.Debug:ExtractStackTraceNoAlloc (byte*,int,string)
UnityEngine.StackTraceUtility:ExtractStackTrace () (at /home/bokken/build/output/unity/unity/Runtime/Export/Scripting/StackTrace.cs:35)
UnityEngine.DebugLogHandler:Internal_Log (UnityEngine.LogType,UnityEngine.LogOption,string,UnityEngine.Object)
UnityEngine.DebugLogHandler:LogFormat (UnityEngine.LogType,UnityEngine.Object,string,object[])
UnityEngine.Logger:Log (UnityEngine.LogType,object)
UnityEngine.Debug:Log (object)
AvalonShell.AvalonShellBuild:BuildForAndroid () (at Assets/AvalonShell/Editor/AvalonShellBuild.cs:38)

(Filename: Assets/AvalonShell/Editor/AvalonShellBuild.cs Line: 38)

[SHELL] staged prefab: Sovereign-GAME.prefab
UnityEngine.Debug:ExtractStackTraceNoAlloc (byte*,int,string)
UnityEngine.StackTraceUtility:ExtractStackTrace () (at /home/bokken/build/output/unity/unity/Runtime/Export/Scripting/StackTrace.cs:35)
UnityEngine.DebugLogHandler:Internal_Log (UnityEngine.LogType,UnityEngine.LogOption,string,UnityEngine.Object)
UnityEngine.DebugLogHandler:LogFormat (UnityEngine.LogType,UnityEngine.Object,string,object[])
UnityEngine.Logger:Log (UnityEngine.LogType,object)
UnityEngine.Debug:Log (object)
AvalonShell.AvalonShellBuild:BuildForAndroid () (at Assets/AvalonShell/Editor/AvalonShellBuild.cs:48)

(Filename: Assets/AvalonShell/Editor/AvalonShellBuild.cs Line: 48)

GUID [65e28cf0f8d0583518834d9b06e3e9bc] for asset 'Assets/AvalonShell/Resources/Sovereign-GAME.prefab' conflicts with:
  'Assets/AvalonForge/Prefabs/Sovereign-GAME.prefab' (current owner)
Assigning a new guid.
Importing 'GUID: 304bff80a78051c3e966fc6f32022602 - Path: Assets/AvalonShell/Resources' with importer (DefaultImporter)
Imported 'GUID: 304bff80a78051c3e966fc6f32022602' -> (Import Result ID: '74b086fa710621bca639b751a1a5a5a9') in 0.002 seconds [static dependencies only]. Details - ImportResultOutputID=3f2643f9b6fa967d228b51f309d62ef5 DependenciesID=2b49bd7ef959cd233feab72101e4ee13 StaticDependenciesID=82f797d81f0c644d4d5ded3041a03fde 
Importing 'GUID: 087d8c5db934a0142b02a7cc6e2682df - Path: Assets/AvalonShell/Resources/Art' with importer (DefaultImporter)
Imported 'GUID: 087d8c5db934a0142b02a7cc6e2682df' -> (Import Result ID: 'e33f199a0920e1e11044b059bd571c8a') in 0.001 seconds [static dependencies only]. Details - ImportResultOutputID=6c8d19b4c6ccb9e286a21b291ffc52e1 DependenciesID=92b73ae2e7097c94b214937bbb0fb1ee StaticDependenciesID=09e138c8e63e5dee11074a44116a1c8d 
Importing 'GUID: c01ec990e02faa25ea1d343a757f5c3c - Path: Assets/AvalonShell/Resources/Art/CLASS-VEILBORN-CANON.png' with importer (TextureImporter)
Imported 'GUID: c01ec990e02faa25ea1d343a757f5c3c' -> (Import Result ID: 'fe777e3b047def8806b7eef3c60e8395') in 0.046 seconds [static and dynamic dependencies]. Details - ImportResultOutputID=db08e9585edface9998d3e6f130a92bd DependenciesID=05eba0d380f3a989389d228709cd0665 StaticDependenciesID=dc6ba73732f27640d6a911ff06101a3f 
Importing 'GUID: 41edfce6dce5acd76b89ea06719ff2ed - Path: Assets/AvalonShell/Resources/Art/CINEMATIC-TEASER-KEYART-CANON.png' with importer (TextureImporter)
Imported 'GUID: 41edfce6dce5acd76b89ea06719ff2ed' -> (Import Result ID: '1b724bd95ff319b6d1f8f742c09de1b9') in 0.042 seconds [static and dynamic dependencies]. Details - ImportResultOutputID=1609ecaf3545a4991876b239a6d7e9fe DependenciesID=2c2f73f40e61a935f17663a51d2ef378 StaticDependenciesID=06262c4422899850a678107357028726 
Importing 'GUID: a716e0baa13d58f6b9dcf1a0c52a7172 - Path: Assets/AvalonShell/Resources/Art/CLASS-WILDBORN-CANON.png' with importer (TextureImporter)
Imported 'GUID: a716e0baa13d58f6b9dcf1a0c52a7172' -> (Import Result ID: 'ae23268ca52c6b49a602997178e541a2') in 0.037 seconds [static and dynamic dependencies]. Details - ImportResultOutputID=86e8bd6d91a80a5ce2381c5acbde1fb7 DependenciesID=08fab6a5e842cf00724a5771adc52d8d StaticDependenciesID=15d8c60d23faa78230606af18aa1637e 
Importing 'GUID: 4868edba9e0a8418d940bddbfc33bb4f - Path: Assets/AvalonShell/Resources/Art/CLASS-WEAVER-CANON.png' with importer (TextureImporter)
Imported 'GUID: 4868edba9e0a8418d940bddbfc33bb4f' -> (Import Result ID: 'ac5d1be11447d8a8907f9eab94d74e8d') in 0.045 seconds [static and dynamic dependencies]. Details - ImportResultOutputID=4f5662f3855699149e12d85e7980e637 DependenciesID=6514998255fafbd35566cdd6fbb8a5b4 StaticDependenciesID=efa396ce05173c87efaf05e4b625ac15 
Importing 'GUID: a932cff9e4f0713e4811091758cf2077 - Path: Assets/AvalonShell/Resources/Art/CLASS-SOVEREIGN-CANON.png' with importer (TextureImporter)
Imported 'GUID: a932cff9e4f0713e4811091758cf2077' -> (Import Result ID: '501555819f0d10a8019faa2db9ad0624') in 0.035 seconds [static and dynamic dependencies]. Details - ImportResultOutputID=0fbcb653e894970496fc448c12335474 DependenciesID=ad014aeff9f54dd328e01b5966d8434e StaticDependenciesID=b444fe28e1f8ad79e8d731930e8b8aa6 
Importing 'GUID: 2aaffbd29974088268b25f590e906697 - Path: Assets/AvalonShell/Resources/Art/CLASS-WARDEN-CANON.png' with importer (TextureImporter)
Imported 'GUID: 2aaffbd29974088268b25f590e906697' -> (Import Result ID: '1b9b2f000117378a88f4db85bbcab649') in 0.036 seconds [static and dynamic dependencies]. Details - ImportResultOutputID=4221351f25fee725fd3ca350f8703c1f DependenciesID=3ac181d9631fe75fe3debea96c7a642f StaticDependenciesID=bbf7cca582e9e1933af884aa8b0ed24a 
Importing 'GUID: 8b3a00ec380b311efbfec65f4c75a245 - Path: Assets/AvalonShell/Resources/Art/CLASS-RAVAGER-CANON.png' with importer (TextureImporter)
Imported 'GUID: 8b3a00ec380b311efbfec65f4c75a245' -> (Import Result ID: '4f50bdc14e6a3a5ec2ff1e729196fc1d') in 0.036 seconds [static and dynamic dependencies]. Details - ImportResultOutputID=e6f194db70acbf0b589119a0cd6d9450 DependenciesID=dff4d4eecc40ad2bba3f3f33de6213ee StaticDependenciesID=69b61cce0aa577b3db336865a5fe8307 
Importing 'GUID: c5cecd1050b46860f918e1e378b17aee - Path: Assets/AvalonShell/Resources/Sovereign-GAME.prefab' with importer (PrefabImporter)
Imported 'GUID: c5cecd1050b46860f918e1e378b17aee' -> (Import Result ID: '558f493e1d1a2652304e12a5bb04236f') in 0.012 seconds [static and dynamic dependencies]. Details - ImportResultOutputID=f54dd0d6b703ac0e906bdbb484d61944 DependenciesID=e7d08fd9eaec707881d4c4dd1fffd170 StaticDependenciesID=41f1e3cabd5398473c88dd18fa2909f6 

Asset Pipeline Refresh (id=e4dc0af36be054e97a6f02aed54ccf1c): Total: 0.348 seconds - Initiated by RefreshV2(NoUpdateAssetOptions)
	(Values over 0.05ms)
	Summary:
		Imports: total=10 (actual=10, local cache=0, cache server=0)
		Asset DB Process Time: managed=1 ms, native=336 ms
		Asset DB Callback time: managed=8 ms, native=0 ms
		Scripting: domain reloads=0, domain reload time=0 ms, compile time=0 ms, other=0 ms
		Project Asset Count: scripts=148, non-scripts=76
		Asset File Changes: new=10, changed=10, moved=0, deleted=0
		Scan Filter Count: 1
	ApplyChangesToAssetFolders: 0.078ms
	Scan: 34.979ms
	Collect global state as custom dependencies: 0.543ms
	OnSourceAssetsModified: 0.783ms
	CategorizeAssets: 0.304ms
	ImportOutOfDateAssets: 299.562ms (2.445ms without children)
		ImportManagerImport: 295.547ms (0.869ms without children)
			UpdateCategorizedAssets: 0.082ms
		UnloadImportedAssets: 0.119ms
		ImportSchedulerStart: 1.401ms
	PostProcessAllAssets: 8.040ms
		VersionControlSettings.HiddenFilePostprocess 0.083ms
		MonoPostProcessAllAssets: 7.572ms
			AssetPostprocessor.OnPostprocessAllAssets 3.864ms
			TMPro_TexturePostProcessor.OnPostprocessAllAssets 1.615ms
			AssetChangedListener.OnPostprocessAllAssets 0.057ms
	PostAssetChangesProfiler: 0.600ms
	PersistCurrentRevisions: 0.279ms
	Untracked: 1.288ms

Unloading 0 Unused Serialized files (Serialized files now loaded: 0)
Unloading 1 unused Assets / (0.8 KB). Loaded Objects now: 1201.
Memory consumption went from 110.2 MB to 110.2 MB.
Total: 8.371491 ms (FindLiveObjects: 0.063324 ms CreateObjectMapping: 0.021202 ms MarkObjects: 8.268487 ms  DeleteObjects: 0.017807 ms)

Importing 'GUID: 8058e3641969cffe8926e39e3a41f88c - Path: Assets/AvalonShell/Shell.unity' with importer (DefaultImporter)
Imported 'GUID: 8058e3641969cffe8926e39e3a41f88c' -> (Import Result ID: 'ee4b70fccb20844efca8da3b936a31e4') in 0.001 seconds [static dependencies only]. Details - ImportResultOutputID=12133483d5df2a201f081656a7ac12b3 DependenciesID=36b5ba8e46083be2fe2cc38f96babcab StaticDependenciesID=ba2d7f991a7c994d61021a9df81b48bb 
Asset Pipeline Refresh (id=340e0b29391b08d908ddf7af52d904ab): Total: 0.009 seconds - Initiated by StopAssetImportingV2(NoUpdateAssetOptions)
[SHELL] scene saved: Assets/AvalonShell/Shell.unity (prefabs staged: 1)
UnityEngine.Debug:ExtractStackTraceNoAlloc (byte*,int,string)
UnityEngine.StackTraceUtility:ExtractStackTrace () (at /home/bokken/build/output/unity/unity/Runtime/Export/Scripting/StackTrace.cs:35)
UnityEngine.DebugLogHandler:Internal_Log (UnityEngine.LogType,UnityEngine.LogOption,string,UnityEngine.Object)
UnityEngine.DebugLogHandler:LogFormat (UnityEngine.LogType,UnityEngine.Object,string,object[])
UnityEngine.Logger:Log (UnityEngine.LogType,object)
UnityEngine.Debug:Log (object)
AvalonShell.AvalonShellBuild:BuildForAndroid () (at Assets/AvalonShell/Editor/AvalonShellBuild.cs:58)

(Filename: Assets/AvalonShell/Editor/AvalonShellBuild.cs Line: 58)

[SHELL] signing with repo demo keystore: /__w/avalon-the-waking-gates/avalon-the-waking-gates/unity/AVALON-DEMO.keystore
UnityEngine.Debug:ExtractStackTraceNoAlloc (byte*,int,string)
UnityEngine.StackTraceUtility:ExtractStackTrace () (at /home/bokken/build/output/unity/unity/Runtime/Export/Scripting/StackTrace.cs:35)
UnityEngine.DebugLogHandler:Internal_Log (UnityEngine.LogType,UnityEngine.LogOption,string,UnityEngine.Object)
UnityEngine.DebugLogHandler:LogFormat (UnityEngine.LogType,UnityEngine.Object,string,object[])
UnityEngine.Logger:Log (UnityEngine.LogType,object)
UnityEngine.Debug:Log (object)
AvalonShell.AvalonShellBuild:BuildForAndroid () (at Assets/AvalonShell/Editor/AvalonShellBuild.cs:72)

(Filename: Assets/AvalonShell/Editor/AvalonShellBuild.cs Line: 72)

AcceleratorClientConnectionCallback - disconnected - :0
Importing 'GUID: 00000000000000004000000000000000 - Path: ProjectSettings/ProjectSettings.asset' with importer (LibraryAssetImporter)
Imported 'GUID: 00000000000000004000000000000000' -> (Import Result ID: '811a8dca1b622d9a9fc3830c25e502f8') in 0.001 seconds [static dependencies only]. Details - ImportResultOutputID=276a810dac73e1f29404d5e5f692e214 DependenciesID=329b49f548d39515160f6ee2563fc6a7 StaticDependenciesID=731efa011b0d6eeb3553a16ac5f03106 
Asset Pipeline Refresh (id=93a857f706c64bb48b748ce3290ba5aa): Total: 0.009 seconds - Initiated by StopAssetImportingV2(NoUpdateAssetOptions)
DisplayProgressbar: Checking prerequisites
Reporting tool paths:
 JDK: '/opt/unity/Editor/Data/PlaybackEngines/AndroidPlayer/OpenJDK'
 Android SDK: '/opt/unity/Editor/Data/PlaybackEngines/AndroidPlayer/SDK'
 Android NDK: '/opt/unity/Editor/Data/PlaybackEngines/AndroidPlayer/NDK'
 Gradle: '/opt/unity/Editor/Data/PlaybackEngines/AndroidPlayer/Tools/gradle' (Gradle Version: '9.1.0' Android Plugin Version: '9.0.0')
Android PostProcess task "Checking prerequisites" took 34.8061 ms
DisplayProgressbar: Detect Java Development Kit (JDK)
Android PostProcess task "Detect Java Development Kit (JDK)" took 4.4869 ms
DisplayProgressbar: Detecting Android SDK
Worker ready: AssetImportWorkerHW0 0
AndroidSDKTools:

	root          : /opt/unity/Editor/Data/PlaybackEngines/AndroidPlayer/SDK
	cmdline-tools : /opt/unity/Editor/Data/PlaybackEngines/AndroidPlayer/SDK/cmdline-tools/16.0
	platform-tools: /opt/unity/Editor/Data/PlaybackEngines/AndroidPlayer/SDK/platform-tools
	build-tools   : /opt/unity/Editor/Data/PlaybackEngines/AndroidPlayer/SDK/build-tools/36.0.0

	adb           : /opt/unity/Editor/Data/PlaybackEngines/AndroidPlayer/SDK/platform-tools/adb

Android PostProcess task "Detecting Android SDK" took 2999.8937 ms
DisplayProgressbar: Detect Android NDK
Android PostProcess task "Detect Android NDK" took 0.7303 ms
Android PostProcess task "Trying to find a suitable Android device" took 0.3495 ms
DisplayProgressbar: Check resources
Android PostProcess task "Check resources" took 0.1418 ms
DisplayProgressbar: Check Android Player Settings
Android PostProcess task "Check Android Player Settings" took 2.3827 ms
info: Microsoft.AspNetCore.Hosting.Diagnostics[1]
      Request starting HTTP/2 POST http://ilpp/UnityILPP.PostProcessing/Ping - application/grpc -
info: Microsoft.AspNetCore.Routing.EndpointMiddleware[0]
      Executing endpoint 'gRPC - /UnityILPP.PostProcessing/Ping'
info: Microsoft.AspNetCore.Routing.EndpointMiddleware[1]
      Executed endpoint 'gRPC - /UnityILPP.PostProcessing/Ping'
info: Microsoft.AspNetCore.Hosting.Diagnostics[2]
      Request finished HTTP/2 POST http://ilpp/UnityILPP.PostProcessing/Ping - 200 - application/grpc 2.0095ms
Starting: /opt/unity/Editor/Data/Tools/BuildPipeline/bee_backend --ipc --defer-dag-verification --dagfile="Library/Bee/2400b0aESkipCompile.dag" --continue-on-failure --profile="Library/Bee/backend1.traceevents" ScriptAssembliesAndTypeDB
WorkingDir: /__w/avalon-the-waking-gates/avalon-the-waking-gates/unity
ExitCode: 4 Duration: 0s21ms
[             ] Require frontend run.  Library/Bee/2400b0aESkipCompile.dag couldn't be loaded
DisplayProgressbar: Compiling Scripts
Starting: /opt/unity/Editor/Data/netcorerun/netcorerun "/opt/unity/Editor/Data/Tools/BuildPipeline/ScriptCompilationBuildProgram.exe" "Library/Bee/2400b0aESkipCompile.dag.json" "Library/Bee/2400b0aESkipCompile-inputdata.json" "Library/Bee/buildprogram0.traceevents"
WorkingDir: /__w/avalon-the-waking-gates/avalon-the-waking-gates/unity
ExitCode: 0 Duration: 0s254ms
Starting: /opt/unity/Editor/Data/Tools/BuildPipeline/bee_backend --ipc --defer-dag-verification --dagfile="Library/Bee/2400b0aESkipCompile.dag" --continue-on-failure --dagfilejson="Library/Bee/2400b0aESkipCompile.dag.json" --profile="Library/Bee/backend2.traceevents" ScriptAssembliesAndTypeDB
WorkingDir: /__w/avalon-the-waking-gates/avalon-the-waking-gates/unity
ExitCode: 0 Duration: 0s214ms
Finished compiling graph: 4 nodes, 5 flattened edges (5 ToBuild, 0 ToUse), maximum node priority 3
[2/3        0s] BuildPlayerDataGenerator Library/BuildPlayerData/Editor/TypeDb-All.json
*** Tundra build success (0.19 seconds), 1 items updated, 3 evaluated
Total cache size 2009500
Total cache size after purge 2009500, took 00:00:00.0074880
Asset Pipeline Refresh (id=a616399bfd2383825a050d5cb7924327): Total: 0.011 seconds - Initiated by RefreshV2(NoUpdateAssetOptions)
[ScriptCompilation] Requested script compilation because: Recompiling scripts for player build.
BuildPlayer: start building target 13
info: Microsoft.AspNetCore.Hosting.Diagnostics[1]
      Request starting HTTP/2 POST http://ilpp/UnityILPP.PostProcessing/Ping - application/grpc -
info: Microsoft.AspNetCore.Routing.EndpointMiddleware[0]
      Executing endpoint 'gRPC - /UnityILPP.PostProcessing/Ping'
info: Microsoft.AspNetCore.Routing.EndpointMiddleware[1]
      Executed endpoint 'gRPC - /UnityILPP.PostProcessing/Ping'
info: Microsoft.AspNetCore.Hosting.Diagnostics[2]
      Request finished HTTP/2 POST http://ilpp/UnityILPP.PostProcessing/Ping - 200 - application/grpc 0.5723ms
Starting: /opt/unity/Editor/Data/Tools/BuildPipeline/bee_backend --ipc --defer-dag-verification --dagfile="Library/Bee/1300b0aP.dag" --continue-on-failure --profile="Library/Bee/backend1.traceevents" ScriptAssembliesAndTypeDB
WorkingDir: /__w/avalon-the-waking-gates/avalon-the-waking-gates/unity
Starting: /opt/unity/Editor/Data/netcorerun/netcorerun "/opt/unity/Editor/Data/Tools/BuildPipeline/ScriptCompilationBuildProgram.exe" "Library/Bee/1300b0aP.dag.json" "Library/Bee/1300b0aP-inputdata.json" "Library/Bee/buildprogram0.traceevents"
WorkingDir: /__w/avalon-the-waking-gates/avalon-the-waking-gates/unity
ExitCode: 4 Duration: 0s117ms
[             ] Require frontend run.  Library/Bee/1300b0aP.dag couldn't be loaded
ExitCode: 0 Duration: 0s339ms
Starting: /opt/unity/Editor/Data/Tools/BuildPipeline/bee_backend --ipc --defer-dag-verification --dagfile="Library/Bee/1300b0aP.dag" --continue-on-failure --dagfilejson="Library/Bee/1300b0aP.dag.json" --profile="Library/Bee/backend2.traceevents" ScriptAssembliesAndTypeDB
WorkingDir: /__w/avalon-the-waking-gates/avalon-the-waking-gates/unity
ExitCode: 0 Duration: 6s953ms
Finished compiling graph: 92 nodes, 450 flattened edges (416 ToBuild, 8 ToUse), maximum node priority 53
[ 1/91      0s] MovedFromExtractor Library/Bee/artifacts/mvdfrm/UnityEngine.MarshallingModule.dll_F1A784982275EC43.mvfrm
[ 2/91      0s] MovedFromExtractor Library/Bee/artifacts/mvdfrm/UnityEngine.JSONSerializeModule.dll_76A48DC3DC759687.mvfrm
[ 3/91      0s] MovedFromExtractor Library/Bee/artifacts/mvdfrm/UnityEngine.LocalizationModule.dll_6C965563781439AE.mvfrm
[ 4/91      0s] MovedFromExtractor Library/Bee/artifacts/mvdfrm/UnityEngine.MathematicsModule.dll_6E5393DCB2C5B625.mvfrm
[ 5/91      0s] MovedFromExtractor Library/Bee/artifacts/mvdfrm/UnityEngine.InputModule.dll_0BEA92768290C239.mvfrm
[ 6/91      0s] MovedFromExtractor Library/Bee/artifacts/mvdfrm/UnityEngine.PhysicsBackendPhysXModule.dll_1E41D912025D6868.mvfrm
[ 7/91      0s] MovedFromExtractor Library/Bee/artifacts/mvdfrm/UnityEngine.MultiplayerModule.dll_C8E7028FF7154C69.mvfrm
[ 8/91      0s] MovedFromExtractor Library/Bee/artifacts/mvdfrm/Unity.Scripting.dll_2F8A3463B8A60C38.mvfrm
[ 9/91      0s] MovedFromExtractor Library/Bee/artifacts/mvdfrm/UnityEngine.PhysicsCore2DModule.dll_0450DC333BDF2AE7.mvfrm
[10/91      0s] MovedFromExtractor Library/Bee/artifacts/mvdfrm/UnityEngine.PerformanceReportingModule.dll_E546887894CA4CA3.mvfrm
[11/91      0s] MovedFromExtractor Library/Bee/artifacts/mvdfrm/UnityEngine.RuntimeInitializeOnLoadManagerInitializerModule.dll_76D3D31D5C8A25C1.mvfrm
[12/91      0s] MovedFromExtractor Library/Bee/artifacts/mvdfrm/UnityEngine.PhysicsModule.dll_C97B1E425A39FD06.mvfrm
[13/91      0s] MovedFromExtractor Library/Bee/artifacts/mvdfrm/UnityEngine.PropertiesModule.dll_E738545B4E53EB58.mvfrm
[14/91      0s] MovedFromExtractor Library/Bee/artifacts/mvdfrm/UnityEngine.RenderAs2DModule.dll_287016E12DAE358F.mvfrm
[15/91      0s] MovedFromExtractor Library/Bee/artifacts/mvdfrm/UnityEngine.ScriptingModule.dll_6A784C6C73A17C16.mvfrm
[16/91      0s] MovedFromExtractor Library/Bee/artifacts/mvdfrm/UnityEngine.AndroidJNIModule.dll_8FAFCB021527962B.mvfrm
[17/91      0s] MovedFromExtractor Library/Bee/artifacts/mvdfrm/UnityEngine.AnimationModule.dll_5356F3A5F419CD63.mvfrm
[18/91      0s] MovedFromExtractor Library/Bee/artifacts/mvdfrm/UnityEngine.Physics2DModule.dll_9FFCE3969516C4F8.mvfrm
[19/91      0s] MovedFromExtractor Library/Bee/artifacts/mvdfrm/UnityEngine.ShaderVariantAnalyticsModule.dll_7AD26C8EBA7BEDEB.mvfrm
[20/91      0s] MovedFromExtractor Library/Bee/artifacts/mvdfrm/UnityEngine.AudioModule.dll_A574CAC60C589D95.mvfrm
[21/91      0s] MovedFromExtractor Library/Bee/artifacts/mvdfrm/UnityEngine.DSPGraphModule.dll_7BED46D79A7CCC22.mvfrm
[22/91      0s] MovedFromExtractor Library/Bee/artifacts/mvdfrm/UnityEngine.CoreModule.dll_14745B4726ADD3E4.mvfrm
[23/91      0s] MovedFromExtractor Library/Bee/artifacts/mvdfrm/UnityEngine.CrashReportingModule.dll_549C83A75CD9BDFC.mvfrm
[24/91      0s] MovedFromExtractor Library/Bee/artifacts/mvdfrm/UnityEngine.ContentLoadModule.dll_E2553F440CD066DE.mvfrm
[25/91      0s] MovedFromExtractor Library/Bee/artifacts/mvdfrm/UnityEngine.GameCenterModule.dll_B9FD151CDB68871C.mvfrm
[26/91      0s] MovedFromExtractor Library/Bee/artifacts/mvdfrm/UnityEngine.GridModule.dll_F1E577353F0269DB.mvfrm
[27/91      0s] MovedFromExtractor Library/Bee/artifacts/mvdfrm/UnityEngine.InputLegacyModule.dll_DA840121D63F74E2.mvfrm
[28/91      0s] MovedFromExtractor Library/Bee/artifacts/mvdfrm/UnityEngine.GraphicsStateCollectionSerializerModule.dll_E6911F82C6FE0C65.mvfrm
[29/91      0s] MovedFromExtractor Library/Bee/artifacts/mvdfrm/UnityEngine.HierarchyCoreModule.dll_8DA7A1624BE78EF3.mvfrm
[30/91      0s] MovedFromExtractor Library/Bee/artifacts/mvdfrm/UnityEngine.HotReloadModule.dll_D49FB1ABCF4CE8E5.mvfrm
[31/91      0s] MovedFromExtractor Library/Bee/artifacts/mvdfrm/UnityEngine.IdentifiersModule.dll_21C86DF900C68D09.mvfrm
[32/91      0s] WriteText Library/Bee/artifacts/1300b0aP.dag/UnityEngine.UI.rsp2
[33/91      0s] WriteText Library/Bee/artifacts/1300b0aP.dag/UnityEngine.UI.UnityAdditionalFile.txt
[34/91      0s] MovedFromExtractor Library/Bee/artifacts/mvdfrm/UnityEngine.GIModule.dll_9F987F6BE2AFC207.mvfrm
[35/91      0s] MovedFromExtractor Library/Bee/artifacts/mvdfrm/UnityEngine.IMGUIModule.dll_DDD46A2CD28A3176.mvfrm
[36/91      0s] MovedFromExtractor Library/Bee/artifacts/mvdfrm/UnityEngine.InputForUIModule.dll_BCAF6F363B8923D8.mvfrm
[37/91      0s] MovedFromExtractor Library/Bee/artifacts/mvdfrm/UnityEngine.dll_9893FE5314051071.mvfrm
[38/91      0s] MovedFromExtractor Library/Bee/artifacts/mvdfrm/UnityEngine.UnityWebRequestModule.dll_3FF1EE8BC974514F.mvfrm
[39/91      0s] MovedFromExtractor Library/Bee/artifacts/mvdfrm/UnityEngine.VFXModule.dll_B24CA8BB126A05C7.mvfrm
[40/91      0s] MovedFromExtractor Library/Bee/artifacts/mvdfrm/UnityEngine.UnityConnectModule.dll_9C0C9A0A2998749A.mvfrm
[41/91      0s] MovedFromExtractor Library/Bee/artifacts/mvdfrm/UnityEngine.UnityAnalyticsCommonModule.dll_808545BCAEB2EB01.mvfrm
[42/91      0s] MovedFromExtractor Library/Bee/artifacts/mvdfrm/UnityEngine.UnityCurlModule.dll_867394D7642DBF50.mvfrm
[43/91      0s] MovedFromExtractor Library/Bee/artifacts/mvdfrm/UnityEngine.UnityConsentModule.dll_6DB2313636A30AEA.mvfrm
[44/91      0s] MovedFromExtractor Library/Bee/artifacts/mvdfrm/UnityEngine.UIModule.dll_02CFD48BA347DF99.mvfrm
[45/91      0s] MovedFromExtractor Library/Bee/artifacts/mvdfrm/UnityEngine.U2DRuntimeModule.dll_DEB33ED59B7B7AB6.mvfrm
[46/91      0s] MovedFromExtractor Library/Bee/artifacts/mvdfrm/UnityEngine.TextCoreFontEngineModule.dll_227FEBEEAE0EF4E2.mvfrm
[47/91      0s] MovedFromExtractor Library/Bee/artifacts/mvdfrm/UnityEngine.TLSModule.dll_316E104C3BFC9C5A.mvfrm
[48/91      0s] MovedFromExtractor Library/Bee/artifacts/mvdfrm/UnityEngine.TextCoreTextEngineModule.dll_6A6822603D92AE00.mvfrm
[49/91      0s] MovedFromExtractor Library/Bee/artifacts/mvdfrm/UnityEngine.TextRenderingModule.dll_B9CBAD53A81942DE.mvfrm
[50/91      0s] MovedFromExtractor Library/Bee/artifacts/mvdfrm/UnityEngine.UIElementsModule.dll_12154F76CE4C40A0.mvfrm
[51/91      0s] MovedFromExtractor Library/Bee/artifacts/mvdfrm/UnityEngine.StreamingModule.dll_07EBE0F643A184A1.mvfrm
[52/91      0s] MovedFromExtractor Library/Bee/artifacts/mvdfrm/UnityEngine.SpriteShapeModule.dll_62A0135DF3EFF6FB.mvfrm
[53/91      0s] WriteText Library/Bee/artifacts/1300b0aP.dag/UnityEngine.UI.dll.mvfrm.rsp
[54/91      0s] WriteText Library/Bee/artifacts/1300b0aP.dag/UnityEngine.UI.rsp
[55/91      0s] WriteText Library/Bee/artifacts/1300b0aP.dag/Unity.InternalAPIEngineBridge.004.rsp2
[56/91      0s] WriteText Library/Bee/artifacts/1300b0aP.dag/Unity.InternalAPIEngineBridge.004.UnityAdditionalFile.txt
[57/91      0s] WriteText Library/Bee/artifacts/1300b0aP.dag/Unity.InternalAPIEngineBridge.004.dll.mvfrm.rsp
[58/91      0s] WriteText Library/Bee/artifacts/1300b0aP.dag/Unity.InternalAPIEngineBridge.004.rsp
[59/91      0s] WriteText Library/Bee/artifacts/1300b0aP.dag/Unity.TextMeshPro.UnityAdditionalFile.txt
[60/91      0s] WriteText Library/Bee/artifacts/1300b0aP.dag/Unity.TextMeshPro.rsp2
[61/91      0s] WriteText Library/Bee/artifacts/1300b0aP.dag/Unity.TextMeshPro.dll.mvfrm.rsp
[62/91      0s] WriteText Library/Bee/artifacts/1300b0aP.dag/Unity.TextMeshPro.rsp
[63/91      0s] WriteText Library/Bee/artifacts/1300b0aP.dag/Assembly-CSharp.UnityAdditionalFile.txt
[64/91      0s] WriteText Library/Bee/artifacts/1300b0aP.dag/Assembly-CSharp.rsp2
[65/91      0s] WriteText Library/Bee/artifacts/1300b0aP.dag/Assembly-CSharp.dll.mvfrm.rsp
[66/91      0s] WriteText Library/Bee/artifacts/1300b0aP.dag/Assembly-CSharp.rsp
[67/91      0s] MovedFromExtractor Library/Bee/artifacts/mvdfrm/UnityEngine.SharedInternalsModule.dll_B26425B735ADB220.mvfrm
[68/91      0s] MovedFromExtractor Library/Bee/artifacts/mvdfrm/UnityEngine.SubstanceModule.dll_E496F53F8EF482AF.mvfrm
[69/91      0s] MovedFromExtractor Library/Bee/artifacts/mvdfrm/UnityEngine.SpriteMaskModule.dll_A32987ACFCD81C96.mvfrm
[70/91      0s] MovedFromExtractor-Combine Library/Bee/artifacts/1300b0aP.dag/UnityEngine.UI.dll.mvfrm
[           0s] Csc Library/Bee/artifacts/1300b0aP.dag/UnityEngine.UI.dll (+2 others) [CacheMiss e00b6f1f9eca354899e7593a43dd72a900000000000000000000000000000006]
[71/91      2s] Csc Library/Bee/artifacts/1300b0aP.dag/UnityEngine.UI.dll (+2 others)
[           0s] Csc Library/Bee/artifacts/1300b0aP.dag/UnityEngine.UI.dll (+2 others) [CacheWrite e00b6f1f9eca354899e7593a43dd72a900000000000000000000000000000006]
[72/91      0s] CopyFiles Library/Bee/PlayerScriptAssemblies/UnityEngine.UI.pdb
[73/91      0s] CopyFiles Library/Bee/PlayerScriptAssemblies/UnityEngine.UI.dll
[74/91      0s] MovedFromExtractor Library/Bee/artifacts/mvdfrm/UnityEngine.UI.ref.dll_AFC2E85BC2EDBC0B.mvfrm
[75/91      0s] MovedFromExtractor-Combine Library/Bee/artifacts/1300b0aP.dag/Unity.InternalAPIEngineBridge.004.dll.mvfrm
[           0s] Csc Library/Bee/artifacts/1300b0aP.dag/Unity.InternalAPIEngineBridge.004.dll (+2 others) [CacheMiss f2d2a33a4a8a870591ad3af929b9ef8f00000000000000000000000000000006]
[76/91      0s] Csc Library/Bee/artifacts/1300b0aP.dag/Unity.InternalAPIEngineBridge.004.dll (+2 others)
[           0s] Csc Library/Bee/artifacts/1300b0aP.dag/Unity.InternalAPIEngineBridge.004.dll (+2 others) [CacheWrite f2d2a33a4a8a870591ad3af929b9ef8f00000000000000000000000000000006]
[77/91      0s] CopyFiles Library/Bee/PlayerScriptAssemblies/Unity.InternalAPIEngineBridge.004.pdb
[78/91      0s] CopyFiles Library/Bee/PlayerScriptAssemblies/Unity.InternalAPIEngineBridge.004.dll
[79/91      0s] MovedFromExtractor Library/Bee/artifacts/mvdfrm/Unity.InternalAPIEngineBridge.004.ref.dll_DE559C9CDA613EEB.mvfrm
[80/91      0s] MovedFromExtractor-Combine Library/Bee/artifacts/1300b0aP.dag/Unity.TextMeshPro.dll.mvfrm
[           0s] Csc Library/Bee/artifacts/1300b0aP.dag/Unity.TextMeshPro.dll (+2 others) [CacheMiss 19ac89ea2eab5acae67a67fbd55a781e00000000000000000000000000000006]
[81/91      1s] Csc Library/Bee/artifacts/1300b0aP.dag/Unity.TextMeshPro.dll (+2 others)
[           0s] Csc Library/Bee/artifacts/1300b0aP.dag/Unity.TextMeshPro.dll (+2 others) [CacheWrite 19ac89ea2eab5acae67a67fbd55a781e00000000000000000000000000000006]
[82/91      0s] CopyFiles Library/Bee/PlayerScriptAssemblies/Unity.TextMeshPro.pdb
[83/91      0s] CopyFiles Library/Bee/PlayerScriptAssemblies/Unity.TextMeshPro.dll
[84/91      0s] MovedFromExtractor Library/Bee/artifacts/mvdfrm/Unity.TextMeshPro.ref.dll_2E746244A5BDAEA0.mvfrm
[85/91      0s] MovedFromExtractor-Combine Library/Bee/artifacts/1300b0aP.dag/Assembly-CSharp.dll.mvfrm
[86/91      0s] Csc Library/Bee/artifacts/1300b0aP.dag/Assembly-CSharp.dll (+2 others)
[87/91      0s] CopyFiles Library/Bee/PlayerScriptAssemblies/Assembly-CSharp.dll
[88/91      0s] CopyFiles Library/Bee/PlayerScriptAssemblies/Assembly-CSharp.pdb
[90/91      0s] BuildPlayerDataGenerator Library/BuildPlayerData/Player/RuntimeInitializeOnLoads.json (+1 other)
*** Tundra build success (6.94 seconds), 89 items updated, 91 evaluated
Total cache size 3246996
Total cache size after purge 3246996, took 00:00:00.0029671
[Licensing::Client] Successfully resolved entitlement details
Importing 'GUID: c01ec990e02faa25ea1d343a757f5c3c - Path: Assets/AvalonShell/Resources/Art/CLASS-VEILBORN-CANON.png' with importer (TextureImporter)
Imported 'GUID: c01ec990e02faa25ea1d343a757f5c3c' -> (Import Result ID: 'a5ee437215d4798dd0eebf7c4bc227ee') in 0.500 seconds [static and dynamic dependencies]. Details - ImportResultOutputID=83ffbecb5518aeb2f5ec36aa2fbdad76 DependenciesID=1d4c70270e1f5eb26d0d30e123035ed2 StaticDependenciesID=dc6ba73732f27640d6a911ff06101a3f 
Importing 'GUID: e05ace3bd15740cda0bad60d89092a5b - Path: Packages/com.unity.ugui/Editor Resources/Textures/btn_AlignRight_Light.psd' with importer (TextureImporter)
Imported 'GUID: e05ace3bd15740cda0bad60d89092a5b' -> (Import Result ID: '6f54e9e0ef9641a950ec2cfad11b81a2') in 0.002 seconds [static and dynamic dependencies]. Details - ImportResultOutputID=bceaac979213addc2346e412d922078b DependenciesID=4b55e2be2d17dada1aac1e8415e15415 StaticDependenciesID=6e5acb023244c00d0a9c1f490771343a 
Importing 'GUID: 41b96614b2e6494ba995ddcd252d11ae - Path: Packages/com.unity.ugui/Editor Resources/Textures/btn_AlignMiddle.psd' with importer (TextureImporter)
Imported 'GUID: 41b96614b2e6494ba995ddcd252d11ae' -> (Import Result ID: 'ae8d418905c0b1fc6744aa57e65530e1') in 0.001 seconds [static and dynamic dependencies]. Details - ImportResultOutputID=4c83af312f138748d5e16c24badfae70 DependenciesID=f1c7e22b3892f29ccb4bc93b809cc67b StaticDependenciesID=6cfa7295cafa9f5e6bf37964c7eb2037 
Importing 'GUID: 41edfce6dce5acd76b89ea06719ff2ed - Path: Assets/AvalonShell/Resources/Art/CINEMATIC-TEASER-KEYART-CANON.png' with importer (TextureImporter)
Imported 'GUID: 41edfce6dce5acd76b89ea06719ff2ed' -> (Import Result ID: '33dfbb3ce51724e7508b4caddee36b86') in 0.513 seconds [static and dynamic dependencies]. Details - ImportResultOutputID=e8a793f2747a5070ff627942b5a74b20 DependenciesID=801ba162e0e0c24a1c9a3a18bb9740b4 StaticDependenciesID=06262c4422899850a678107357028726 
Importing 'GUID: 81ed8c76d2bc4a4c95d092c98af4e58f - Path: Packages/com.unity.ugui/Editor Resources/Textures/btn_AlignCenter.psd' with importer (TextureImporter)
Imported 'GUID: 81ed8c76d2bc4a4c95d092c98af4e58f' -> (Import Result ID: '76d642650817e98070a5029dabf01ad5') in 0.002 seconds [static and dynamic dependencies]. Details - ImportResultOutputID=78b273ceda0865ceea98d789d2f54c02 DependenciesID=cb7ba69ababfff9ed08fb47082ca0376 StaticDependenciesID=606ef26b438ebb21d41c14a922153ee8 
Importing 'GUID: 12736c98af174f91827a26b66d2b01b9 - Path: Packages/com.unity.ugui/Editor Resources/Textures/btn_AlignLeft_Light.psd' with importer (TextureImporter)
Imported 'GUID: 12736c98af174f91827a26b66d2b01b9' -> (Import Result ID: 'f8c550665c7d326f9848118a2d4d08ea') in 0.001 seconds [static and dynamic dependencies]. Details - ImportResultOutputID=ec46ad7e4c0562695b9f728e6a0f434f DependenciesID=af06222ed4465e8ffc2bf7222f69e58a StaticDependenciesID=f1b3dea8c7fd308a24861c078b2523f7 
Importing 'GUID: 92027f7f8cfc4feaa477da0dc38d3d46 - Path: Packages/com.unity.ugui/Editor Resources/Textures/btn_AlignJustified.psd' with importer (TextureImporter)
Imported 'GUID: 92027f7f8cfc4feaa477da0dc38d3d46' -> (Import Result ID: '06071cfe5a0b2cb822e8d59ee188d767') in 0.001 seconds [static and dynamic dependencies]. Details - ImportResultOutputID=f6c80fedf1650a57a362e28d0c3fc6f5 DependenciesID=45b5f6f15e092dc79acac8e311974f54 StaticDependenciesID=cafcef34478d9bfd767a55d24eed979c 
Importing 'GUID: 9288066c33474b94b6ee5465f4df1cc0 - Path: Packages/com.unity.ugui/Editor Resources/Textures/btn_AlignLeft.psd' with importer (TextureImporter)
Imported 'GUID: 9288066c33474b94b6ee5465f4df1cc0' -> (Import Result ID: 'd3c934d2ccaa3e72c6c1c517ed06343a') in 0.001 seconds [static and dynamic dependencies]. Details - ImportResultOutputID=977a8911f0649ec7b1859e9469d129f7 DependenciesID=b6414ff7b98b8b0883b1e86073382a31 StaticDependenciesID=8c4a4b2d86fc9cde6b38598cd04153b0 
Importing 'GUID: c2f7f6a88b4c4f20a53deb72f3d9144c - Path: Packages/com.unity.ugui/Editor Resources/Textures/btn_AlignMidLine.psd' with importer (TextureImporter)
Imported 'GUID: c2f7f6a88b4c4f20a53deb72f3d9144c' -> (Import Result ID: '33ecb12eed7fda826d5e44ad1f7f94b6') in 0.001 seconds [static and dynamic dependencies]. Details - ImportResultOutputID=a8a922eea722e2746de7f5dbabf4dc51 DependenciesID=739d0db6628f91c010948afab93d3d97 StaticDependenciesID=65014ad5ea680191bd0a8a454543f409 
Importing 'GUID: e3b0f810fdea84e40ab4ba20f256f7e8 - Path: Packages/com.unity.ugui/Editor Resources/Textures/SectionHeader_Light.psd' with importer (TextureImporter)
Imported 'GUID: e3b0f810fdea84e40ab4ba20f256f7e8' -> (Import Result ID: 'a5f052ec1efbb118a6ed83ae29051885') in 0.001 seconds [static and dynamic dependencies]. Details - ImportResultOutputID=15e562be43ad2d3cdd1072309ddf0734 DependenciesID=770704003587ef1315f4d8f994cea8ab StaticDependenciesID=48bfd572d0fc30409086be0ca0ffe6d4 
Importing 'GUID: 342a0f8aca7f4f0691338912faec0494 - Path: Packages/com.unity.ugui/Editor Resources/Textures/btn_AlignRight.psd' with importer (TextureImporter)
Imported 'GUID: 342a0f8aca7f4f0691338912faec0494' -> (Import Result ID: 'bec7ea6ca501e87410661679bee61bfa') in 0.001 seconds [static and dynamic dependencies]. Details - ImportResultOutputID=fca4f7b094a898dd944305001b4a2c6b DependenciesID=12459747079fd74ee8b65314b8e64c99 StaticDependenciesID=56842705d1b7bfefc759cafff41e63fb 
Importing 'GUID: 64b9fad609434c489c32b1cdf2004a1c - Path: Packages/com.unity.ugui/Editor Resources/Textures/btn_AlignFlush_Light.psd' with importer (TextureImporter)
Imported 'GUID: 64b9fad609434c489c32b1cdf2004a1c' -> (Import Result ID: '2931eac12709a87b352264ed6dfa5129') in 0.001 seconds [static and dynamic dependencies]. Details - ImportResultOutputID=dfb21b1d8be88f8cf14dfcd9465dc8fe DependenciesID=21052b914255e100d0a995c4cede147b StaticDependenciesID=873f1977b22588c07245e470e6f251d5 
Importing 'GUID: 35ff0937876540d3bd4b6a941df62a92 - Path: Packages/com.unity.ugui/Editor Resources/Textures/btn_AlignCenterGeo_Light.psd' with importer (TextureImporter)
Imported 'GUID: 35ff0937876540d3bd4b6a941df62a92' -> (Import Result ID: 'f56d455137c847dcd0b3bf36b247050e') in 0.001 seconds [static and dynamic dependencies]. Details - ImportResultOutputID=4d8e31d906eb9d28454a7571c00adeee DependenciesID=33a7023a4e7608da7033257803919e05 StaticDependenciesID=13c11de4347dbaa16668fc2813f85a60 
Importing 'GUID: 066619c9c9c84f89acb1b48c11a7efe2 - Path: Packages/com.unity.ugui/Editor Resources/Textures/btn_AlignMiddle_Light.psd' with importer (TextureImporter)
Imported 'GUID: 066619c9c9c84f89acb1b48c11a7efe2' -> (Import Result ID: '896a7c22ad2f25bc0a417134e9c66d8d') in 0.001 seconds [static and dynamic dependencies]. Details - ImportResultOutputID=95af7bff45db57c2ab393a9da6988e25 DependenciesID=4158773271709d15d21f911db0a8a71e StaticDependenciesID=4bdad9f5071ddadc60126fb2c9858329 
Importing 'GUID: a716e0baa13d58f6b9dcf1a0c52a7172 - Path: Assets/AvalonShell/Resources/Art/CLASS-WILDBORN-CANON.png' with importer (TextureImporter)
Imported 'GUID: a716e0baa13d58f6b9dcf1a0c52a7172' -> (Import Result ID: 'eb1da0986b4c6d68902f653b57a82ed5') in 0.508 seconds [static and dynamic dependencies]. Details - ImportResultOutputID=4b006be488d69389d0840244d5d38d72 DependenciesID=6c1aecc29f0cb4caa4db175a9e8ed264 StaticDependenciesID=15d8c60d23faa78230606af18aa1637e 
Importing 'GUID: a7ec9e7ad8b847b7ae4510af83c5d868 - Path: Packages/com.unity.ugui/Editor Resources/Gizmos/TMP - Dropdown Icon.psd' with importer (TextureImporter)
Imported 'GUID: a7ec9e7ad8b847b7ae4510af83c5d868' -> (Import Result ID: '07b7f18a2c2f6b8b0a53a8ce3273e861') in 0.002 seconds [static and dynamic dependencies]. Details - ImportResultOutputID=c2213d370bd4d602ca4fcec2465bafb1 DependenciesID=0a4efcda0017327f2071215ef40c8827 StaticDependenciesID=8d13e25eced332281b89ef86fdddb88d 
Importing 'GUID: c76700ea0062413d9f69409b4e9e151b - Path: Packages/com.unity.ugui/Editor Resources/Textures/btn_AlignCenterGeo.psd' with importer (TextureImporter)
Imported 'GUID: c76700ea0062413d9f69409b4e9e151b' -> (Import Result ID: '494157316ec5f3a17f6ddcf0944cf587') in 0.001 seconds [static and dynamic dependencies]. Details - ImportResultOutputID=1122d5cdb460c205ec471094ea4aa53a DependenciesID=f1c2b5b4af635cbb039aa5a839d3e3a1 StaticDependenciesID=8da660e34ca33c147ccf1fcc2ea5749c 
Importing 'GUID: 18775b51e3bd42299fd30bd036ea982f - Path: Packages/com.unity.ugui/Editor Resources/Textures/btn_AlignBaseLine_Light.psd' with importer (TextureImporter)
Imported 'GUID: 18775b51e3bd42299fd30bd036ea982f' -> (Import Result ID: '3036f193808b4b1e77ae15b21a9bac4d') in 0.001 seconds [static and dynamic dependencies]. Details - ImportResultOutputID=8ebbd6c1ee05066e6b48c298d01b6d80 DependenciesID=8afec7bb7e1eaf414110719b796e71c8 StaticDependenciesID=5f7059750c1c8d9726a36c644757883b 
Importing 'GUID: 48d034c499ee4697af9dd6e327110249 - Path: Packages/com.unity.ugui/Editor Resources/Textures/btn_AlignTop.psd' with importer (TextureImporter)
Imported 'GUID: 48d034c499ee4697af9dd6e327110249' -> (Import Result ID: '919f9b4c639d36d3bab230da5ec81aec') in 0.001 seconds [static and dynamic dependencies]. Details - ImportResultOutputID=01b1a7584f66c8ee5a77c3c59afef155 DependenciesID=dcaf97d071feb4c1c0e8863d119545b5 StaticDependenciesID=0160dfa8864f597edcc5d7a25ba5fb91 
Importing 'GUID: 4868edba9e0a8418d940bddbfc33bb4f - Path: Assets/AvalonShell/Resources/Art/CLASS-WEAVER-CANON.png' with importer (TextureImporter)
Imported 'GUID: 4868edba9e0a8418d940bddbfc33bb4f' -> (Import Result ID: '037b7a587525cacc7ff703e7a0a1f8b7') in 0.494 seconds [static and dynamic dependencies]. Details - ImportResultOutputID=4edc2d95d54e4c26e0911bc193cad96b DependenciesID=3d0f5374b8272c18b582707ec9944a1d StaticDependenciesID=efa396ce05173c87efaf05e4b625ac15 
Importing 'GUID: 585b70cb75dd43efbfead809c30a1731 - Path: Packages/com.unity.ugui/Editor Resources/Textures/btn_AlignBottom_Light.psd' with importer (TextureImporter)
Imported 'GUID: 585b70cb75dd43efbfead809c30a1731' -> (Import Result ID: '45ece59319b215a22104f1d487ab17b6') in 0.001 seconds [static and dynamic dependencies]. Details - ImportResultOutputID=d4b50c8fe7821914ae3d8580d66efebf DependenciesID=a9c77aebdee11c9d14c964753401584b StaticDependenciesID=6225329215a4aac3c3cda3aef4e7cf49 
Importing 'GUID: a88dca8fe404f9a0ead79d5d8d46aa07 - Path: Assets/AvalonForge/QCShots/Sovereign-idle.png' with importer (TextureImporter)
Imported 'GUID: a88dca8fe404f9a0ead79d5d8d46aa07' -> (Import Result ID: '90a07b076a4796d54b94f0ba2d923d90') in 0.278 seconds [static and dynamic dependencies]. Details - ImportResultOutputID=01f64ce6a3f1526c7febb72d0374e94d DependenciesID=bec03ddd986f14c273be86b531963845 StaticDependenciesID=a1137d98517dfaccc8d9014cf7727607 
Importing 'GUID: 49679f302ac6408697f6b9314a38985c - Path: Packages/com.unity.ugui/Editor Resources/Textures/btn_AlignCapLine_Light.psd' with importer (TextureImporter)
Imported 'GUID: 49679f302ac6408697f6b9314a38985c' -> (Import Result ID: 'bcf7606c11e0d0b0b2cd03e30397cc4b') in 0.001 seconds [static and dynamic dependencies]. Details - ImportResultOutputID=d2246e9053cbb754132cda954922781d DependenciesID=2fa8a843cf8e8f2408fd5f02b8cfb3b8 StaticDependenciesID=caefcec09aea723108da504b7e8f7279 
Importing 'GUID: 691475c57a824010be0c6f474caeb7e1 - Path: Packages/com.unity.ugui/Editor Resources/Textures/btn_AlignFlush.psd' with importer (TextureImporter)
Imported 'GUID: 691475c57a824010be0c6f474caeb7e1' -> (Import Result ID: 'd740878e2f7c2ede2280f24aa462b377') in 0.001 seconds [static and dynamic dependencies]. Details - ImportResultOutputID=a8e4b20e64acb518c9092128230f629c DependenciesID=7f67b6d4d5b495fac6136aa071304afc StaticDependenciesID=4765bfa9481017c7d1fa0b6a0fbdd59d 
Importing 'GUID: a932cff9e4f0713e4811091758cf2077 - Path: Assets/AvalonShell/Resources/Art/CLASS-SOVEREIGN-CANON.png' with importer (TextureImporter)
Imported 'GUID: a932cff9e4f0713e4811091758cf2077' -> (Import Result ID: '41853ee361cbc52207eb1664cf75ba02') in 0.595 seconds [static and dynamic dependencies]. Details - ImportResultOutputID=8ee1140f6a6c3e16606e64db5c977025 DependenciesID=b4e4900e4cfd3fea3845527fb761ea57 StaticDependenciesID=b444fe28e1f8ad79e8d731930e8b8aa6 
Importing 'GUID: 2aaffbd29974088268b25f590e906697 - Path: Assets/AvalonShell/Resources/Art/CLASS-WARDEN-CANON.png' with importer (TextureImporter)
Imported 'GUID: 2aaffbd29974088268b25f590e906697' -> (Import Result ID: 'ee4e57cace53a4e3dfeaa883a2647195') in 0.475 seconds [static and dynamic dependencies]. Details - ImportResultOutputID=460c133c29b42530b0cd1b7ec0d5e681 DependenciesID=1b744953a47d213b1836652b7758d13d StaticDependenciesID=bbf7cca582e9e1933af884aa8b0ed24a 
Importing 'GUID: 6ace62d30f494c948b71d5594afce11d - Path: Packages/com.unity.ugui/Editor Resources/Textures/btn_AlignCenter_Light.psd' with importer (TextureImporter)
Imported 'GUID: 6ace62d30f494c948b71d5594afce11d' -> (Import Result ID: '8e5efafa30c62a4e0698e4be5592666e') in 0.001 seconds [static and dynamic dependencies]. Details - ImportResultOutputID=a06ce2b03c12e5256a802cf092d51bbc DependenciesID=d113b72096e196ff917ffe9b3f98b0dc StaticDependenciesID=068ccfc6fab2af60d535632b923e407f 
Importing 'GUID: ca51b19024094d1b87f3e07edb0a75fb - Path: Packages/com.unity.ugui/Editor Resources/Textures/btn_AlignBottom.psd' with importer (TextureImporter)
Imported 'GUID: ca51b19024094d1b87f3e07edb0a75fb' -> (Import Result ID: '62cc312c05545dd751b68bfbcc1af227') in 0.001 seconds [static and dynamic dependencies]. Details - ImportResultOutputID=8ea2b7ecc63982a8ddf08c537b41456a DependenciesID=91b451bb33ea5dd089e6b95b21c940a6 StaticDependenciesID=8e274978f3fec035dab9e98243169499 
Importing 'GUID: fa6bd40a216346b783a4cce741d277a5 - Path: Packages/com.unity.ugui/Editor Resources/Textures/btn_AlignJustified_Light.psd' with importer (TextureImporter)
Imported 'GUID: fa6bd40a216346b783a4cce741d277a5' -> (Import Result ID: '34dbfda5df15836b5dac14e97c65f3ab') in 0.001 seconds [static and dynamic dependencies]. Details - ImportResultOutputID=686a5b3d55ffa98f9ab65b15a0cd6b7e DependenciesID=4798d7721070527ccefdf5d8f5da881f StaticDependenciesID=9620f8a1b9a63fd80993828e7d337524 
Importing 'GUID: 8bc445bb79654bf496c92d0407840a92 - Path: Packages/com.unity.ugui/Editor Resources/Textures/btn_AlignBaseLine.psd' with importer (TextureImporter)
Imported 'GUID: 8bc445bb79654bf496c92d0407840a92' -> (Import Result ID: '47d2d044f431597a81e766f11372ad60') in 0.001 seconds [static and dynamic dependencies]. Details - ImportResultOutputID=71c69993514f154a7e8658d8395179ff DependenciesID=62612e8e21a19879b66f57ab0151c92b StaticDependenciesID=18408eb548eb816ff70d53988db21494 
Importing 'GUID: 8b3a00ec380b311efbfec65f4c75a245 - Path: Assets/AvalonShell/Resources/Art/CLASS-RAVAGER-CANON.png' with importer (TextureImporter)
Imported 'GUID: 8b3a00ec380b311efbfec65f4c75a245' -> (Import Result ID: '15c4dd185d86a79d4c7fb99ec9c4d014') in 0.492 seconds [static and dynamic dependencies]. Details - ImportResultOutputID=af0361da2b7febd310df53e0aa77d316 DependenciesID=8d134a5209881fa702b396d7b4137581 StaticDependenciesID=69b61cce0aa577b3db336865a5fe8307 
Importing 'GUID: bb42b2d967d6427983c901a4ffc8ecd9 - Path: Packages/com.unity.ugui/Editor Resources/Textures/btn_AlignMidline_Light.psd' with importer (TextureImporter)
Imported 'GUID: bb42b2d967d6427983c901a4ffc8ecd9' -> (Import Result ID: '6fc22f90b650cd7aa89a41f2ec944534') in 0.002 seconds [static and dynamic dependencies]. Details - ImportResultOutputID=1edd4fdcec35bf85d0f307e4d963dc07 DependenciesID=0242a98ed163da5404d8ff1c265d0081 StaticDependenciesID=922185cb8dc159b6f094400508167933 
Importing 'GUID: fb5730e24283d0c489e5c7d0bee023d9 - Path: Packages/com.unity.ugui/Editor Resources/Textures/SectionHeader_Dark.psd' with importer (TextureImporter)
Imported 'GUID: fb5730e24283d0c489e5c7d0bee023d9' -> (Import Result ID: '4575bac907f0d3e76e4fe5a2d6f7a22a') in 0.001 seconds [static and dynamic dependencies]. Details - ImportResultOutputID=7bd653f9870504d7a28513a7d1564035 DependenciesID=84fbf816f2458a29db8e8a940430cb49 StaticDependenciesID=6e17f87e3aae37eb1a7df222edf1e03f 
Importing 'GUID: ec7c645d93308c04d8840982af12101e - Path: Packages/com.unity.ugui/Editor Resources/Gizmos/TMP - Sprite Asset Icon.psd' with importer (TextureImporter)
Imported 'GUID: ec7c645d93308c04d8840982af12101e' -> (Import Result ID: '7393b7dac69847064c99b84f14806734') in 0.002 seconds [static and dynamic dependencies]. Details - ImportResultOutputID=f5c9f6e61ce3562ada9be4560fa6bd57 DependenciesID=53692e3b997f4432710d8eef6238b0a5 StaticDependenciesID=71d77da5a7d0a0008380afaf33528e00 
Importing 'GUID: fca8c5eea7a313e1f920910002a26b32 - Path: Assets/AvalonForge/QCShots/Sovereign-walk.png' with importer (TextureImporter)
Imported 'GUID: fca8c5eea7a313e1f920910002a26b32' -> (Import Result ID: 'f76b3185aaf6af0434777cfc7aaea423') in 0.231 seconds [static and dynamic dependencies]. Details - ImportResultOutputID=87c92d1b684a242a12afd0af267a34c8 DependenciesID=6de46e381a425400da9610022e88371c StaticDependenciesID=f46e3106c088ff248af5d6a9c40b2d4f 
Importing 'GUID: 0d9a36012a224080966c7b55896aa0f9 - Path: Packages/com.unity.ugui/Editor Resources/Textures/btn_AlignCapLine.psd' with importer (TextureImporter)
Imported 'GUID: 0d9a36012a224080966c7b55896aa0f9' -> (Import Result ID: '6dd9e0e3c34d7b46aab854a32874775a') in 0.002 seconds [static and dynamic dependencies]. Details - ImportResultOutputID=748ea55503afb76223c84ad3caf7bcba DependenciesID=9710efb393668c6300883408189d0255 StaticDependenciesID=3abbc4605984f119e5f0325e5585800e 
Importing 'GUID: ed041e68439749a69d0efa0e3d896c2e - Path: Packages/com.unity.ugui/Editor Resources/Textures/btn_AlignTop_Light.psd' with importer (TextureImporter)
Imported 'GUID: ed041e68439749a69d0efa0e3d896c2e' -> (Import Result ID: 'd29b04ab43850884f3c94f48ba36f5b9') in 0.001 seconds [static and dynamic dependencies]. Details - ImportResultOutputID=a6782bfe4d6b189eefced0de8e93dce4 DependenciesID=b19cf26cada0118d515062c40fb74d32 StaticDependenciesID=9b681875e46b156a7ccd904e7bcdefbb 
Importing 'GUID: 3ee40aa79cd242a5b53b0b0ca4f13f0f - Path: Packages/com.unity.ugui/Editor Resources/Gizmos/TMP - Input Field Icon.psd' with importer (TextureImporter)
Imported 'GUID: 3ee40aa79cd242a5b53b0b0ca4f13f0f' -> (Import Result ID: 'e823bb9f2f33fdd779ffaca8b33d9b3f') in 0.002 seconds [static and dynamic dependencies]. Details - ImportResultOutputID=572fbe769b7ce10c26482e2b794576cc DependenciesID=d21c664b06b1497dfff5addb17806a06 StaticDependenciesID=8ce879d1c550b9c9d8b2b87679ee8207 
Importing 'GUID: ee148e281f3c41c5b4ff5f8a5afe5a6c - Path: Packages/com.unity.ugui/Editor Resources/Gizmos/TMP - Font Asset Icon.psd' with importer (TextureImporter)
Imported 'GUID: ee148e281f3c41c5b4ff5f8a5afe5a6c' -> (Import Result ID: 'dc1298fc9fe77ada406e439d46c57def') in 0.002 seconds [static and dynamic dependencies]. Details - ImportResultOutputID=265a250e224341f295e8f9bbc0c65c57 DependenciesID=0ea3c9c7e2ebfa7f9a65356b0b17e98d StaticDependenciesID=31a557f0f0a0e9460a546b8c9f4eea6e 
Importing 'GUID: 2fd6421f253b4ef1a19526541f9ffc0c - Path: Packages/com.unity.ugui/Editor Resources/Gizmos/TMP - Text Component Icon.psd' with importer (TextureImporter)
Imported 'GUID: 2fd6421f253b4ef1a19526541f9ffc0c' -> (Import Result ID: '75d3f64f2af3efeeb9bb9b52e997adb3') in 0.002 seconds [static and dynamic dependencies]. Details - ImportResultOutputID=84fefe20f3329c00ebe86f9fde581a8d DependenciesID=25e0f37b0344ede9462731f36053ad51 StaticDependenciesID=1c4e55390e2f82778d7fb6ab4552a6bd 
Importing 'GUID: e0bd3c7d9c6796045a5fe1fe4471cba8 - Path: Assets/AvalonShell/Fonts/Cinzel-Bold.ttf' with importer (TrueTypeFontImporter)
Imported 'GUID: e0bd3c7d9c6796045a5fe1fe4471cba8' -> (Import Result ID: '8880654f8e6e7e89f9211046606c0dae') in 0.004 seconds [static and dynamic dependencies]. Details - ImportResultOutputID=aab154a7d2132f86e42142f6712f857e DependenciesID=a196592cd77e5e418e096c65e6f62f9a StaticDependenciesID=c670301cdc32142409beac374f957ffe 
Importing 'GUID: 6b6be634c2f5ab8438a331052710f7a3 - Path: Assets/AvalonShell/Fonts/Cinzel-Regular.ttf' with importer (TrueTypeFontImporter)
Imported 'GUID: 6b6be634c2f5ab8438a331052710f7a3' -> (Import Result ID: '53cd88ae2a9f3c627ce65f4583952bbf') in 0.001 seconds [static and dynamic dependencies]. Details - ImportResultOutputID=40e3a6e067359f889a5785a5faa6d7eb DependenciesID=59ec3c9c3cb1ce17ccdf11b0c2b5de0e StaticDependenciesID=0e57967e9d8b88312517450c90e93b70 

Asset Pipeline Refresh (id=fe2c9b138d0e5ff52be3d1e6f6f042e3): Total: 4.187 seconds - Initiated by RefreshV2(NoUpdateAssetOptions)
	(Values over 0.05ms)
	Summary:
		Imports: total=42 (actual=42, local cache=0, cache server=0)
		Asset DB Process Time: managed=3 ms, native=4180 ms
		Asset DB Callback time: managed=1 ms, native=1 ms
		Scripting: domain reloads=0, domain reload time=0 ms, compile time=0 ms, other=0 ms
		Project Asset Count: scripts=148, non-scripts=77
		Asset File Changes: new=0, changed=0, moved=0, deleted=0
		Scan Filter Count: 1
	ApplyChangesToAssetFolders: 0.072ms
	Scan: 31.435ms
	Collect global state as custom dependencies: 6.699ms
	CategorizeAssets: 2.297ms
	ImportOutOfDateAssets: 4139.663ms (0.590ms without children)
		ImportManagerImport: 4138.166ms (0.706ms without children)
			UpdateCategorizedAssets: 0.236ms
		UnloadImportedAssets: 0.073ms
		ImportSchedulerStart: 0.789ms
	PostProcessAllAssets: 2.775ms
		RaytracingShaderImportPostprocess 0.082ms
		ShaderAssetModifiedCallback 0.069ms
		ComputeShaderImportPostprocess 0.065ms
		PostProcessCallbackCreateDeferredMaterials 0.056ms
		SpeedTreeImporter.PostprocessAllAssets 0.053ms
		MonoPostProcessAllAssets: 1.454ms
			AssetPostprocessor.OnPostprocessAllAssets 0.462ms
			AssetChangedListener.OnPostprocessAllAssets 0.378ms
			TextAssetPostProcessor.OnPostprocessAllAssets 0.172ms
			TMPro_TexturePostProcessor.OnPostprocessAllAssets 0.051ms
	PostAssetChangesProfiler: 0.138ms
	PersistCurrentRevisions: 0.094ms
	Untracked: 2.146ms

Asset Pipeline Refresh (id=71b523b4f066a0f459a1adb0c12f666a): Total: 0.029 seconds - Initiated by RefreshV2(NoUpdateAssetOptions)


Mono dependencies included in the build
Dependency assembly - System.Net.Http.dll
Dependency assembly - System.Resources.ResourceManager.dll
Dependency assembly - I18N.Rare.dll
Dependency assembly - System.Security.Cryptography.ProtectedData.dll
Dependency assembly - System.Net.Ping.dll
Dependency assembly - System.Runtime.CompilerServices.VisualC.dll
Dependency assembly - I18N.MidEast.dll
Dependency assembly - System.Linq.dll
Dependency assembly - Unity.InternalAPIEngineBridge.004.dll
Dependency assembly - System.Net.Mail.dll
Dependency assembly - I18N.dll
Dependency assembly - System.Collections.Specialized.dll
Dependency assembly - System.Net.Http.WebRequest.dll
Dependency assembly - System.Web.ApplicationServices.dll
Dependency assembly - System.DirectoryServices.Protocols.dll
Dependency assembly - System.IO.FileSystem.DriveInfo.dll
Dependency assembly - System.Reflection.Extensions.dll
Dependency assembly - System.Runtime.InteropServices.RuntimeInformation.dll
Dependency assembly - I18N.West.dll
Dependency assembly - System.Threading.ThreadPool.dll
Dependency assembly - System.Data.OracleClient.dll
Dependency assembly - System.Data.DataSetExtensions.dll
Dependency assembly - System.Xml.dll
Dependency assembly - System.Linq.Expressions.dll
Dependency assembly - System.Xml.XPath.dll
Dependency assembly - System.Numerics.Vectors.dll
Dependency assembly - System.Collections.Immutable.dll
Dependency assembly - System.Security.Cryptography.X509Certificates.dll
Dependency assembly - System.ServiceModel.Web.dll
Dependency assembly - System.Net.HttpListener.dll
Dependency assembly - System.Threading.Tasks.dll
Dependency assembly - System.Reflection.Primitives.dll
Dependency assembly - System.Security.AccessControl.dll
Dependency assembly - System.ServiceModel.Primitives.dll
Dependency assembly - System.Data.SqlClient.dll
Dependency assembly - System.Linq.Parallel.dll
Dependency assembly - System.ObjectModel.dll
Dependency assembly - System.Security.Cryptography.OpenSsl.dll
Dependency assembly - Assembly-CSharp.dll
Dependency assembly - System.Data.Common.dll
Dependency assembly - System.Web.DynamicData.dll
Dependency assembly - System.Security.SecureString.dll
Dependency assembly - System.Reflection.Emit.dll
Dependency assembly - System.Runtime.Caching.dll
Dependency assembly - System.IO.Pipes.dll
Dependency assembly - System.Web.Extensions.Design.dll
Dependency assembly - System.Diagnostics.StackTrace.dll
Dependency assembly - System.Security.Cryptography.Encryption.dll
Dependency assembly - System.Runtime.InteropServices.WindowsRuntime.dll
Dependency assembly - System.Runtime.Serialization.Formatters.dll
Dependency assembly - System.Security.Cryptography.Hashing.Algorithms.dll
Dependency assembly - System.ComponentModel.DataAnnotations.dll
Dependency assembly - System.Reflection.DispatchProxy.dll
Dependency assembly - I18N.CJK.dll
Dependency assembly - System.Text.Encodings.Web.dll
Dependency assembly - System.IO.Compression.FileSystem.dll
Dependency assembly - Mono.Security.dll
Dependency assembly - System.Text.Encoding.dll
Dependency assembly - System.AppContext.dll
Dependency assembly - System.ComponentModel.EventBasedAsync.dll
Dependency assembly - Microsoft.Win32.Primitives.dll
Dependency assembly - System.Runtime.DurableInstancing.dll
Dependency assembly - Accessibility.dll
Dependency assembly - System.IO.FileSystem.Watcher.dll
Dependency assembly - System.Runtime.Numerics.dll
Dependency assembly - System.Transactions.dll
Dependency assembly - System.Threading.Tasks.Extensions.dll
Dependency assembly - System.Threading.Timer.dll
Dependency assembly - System.IO.dll
Dependency assembly - Mono.Data.Tds.dll
Dependency assembly - System.Xml.XDocument.dll
Dependency assembly - System.Text.Encoding.Extensions.dll
Dependency assembly - System.Globalization.dll
Dependency assembly - System.Net.Utilities.dll
Dependency assembly - System.Security.Principal.dll
Dependency assembly - System.Xml.XPath.XDocument.dll
Dependency assembly - System.Xaml.dll
Dependency assembly - System.Collections.dll
Dependency assembly - System.Diagnostics.Tracing.dll
Dependency assembly - System.Security.Cryptography.Primitives.dll
Dependency assembly - System.ServiceModel.NetTcp.dll
Dependency assembly - System.Security.Cryptography.Pkcs.dll
Dependency assembly - System.IO.Hashing.dll
Dependency assembly - System.Text.Json.dll
Dependency assembly - System.EnterpriseServices.dll
Dependency assembly - System.dll
Dependency assembly - System.Diagnostics.Contracts.dll
Dependency assembly - System.Net.Requests.dll
Dependency assembly - System.Dynamic.Runtime.dll
Dependency assembly - Microsoft.Extensions.DependencyInjection.Abstractions.dll
Dependency assembly - System.Xml.Xsl.Primitives.dll
Dependency assembly - System.ComponentModel.Primitives.dll
Dependency assembly - System.ServiceProcess.ServiceController.dll
Dependency assembly - System.Security.Cryptography.Csp.dll
Dependency assembly - System.Windows.Forms.DataVisualization.dll
Dependency assembly - System.Threading.dll
Dependency assembly - System.Web.Services.dll
Dependency assembly - System.ComponentModel.dll
Dependency assembly - System.Diagnostics.FileVersionInfo.dll
Dependency assembly - System.Drawing.Primitives.dll
Dependency assembly - System.Xml.Serialization.dll
Dependency assembly - System.Security.Cryptography.Cng.dll
Dependency assembly - System.ServiceModel.Routing.dll
Dependency assembly - System.Security.Cryptography.Encryption.Aes.dll
Dependency assembly - System.Design.dll
Dependency assembly - System.ServiceModel.Activation.dll
Dependency assembly - System.Reflection.TypeExtensions.dll
Dependency assembly - System.Data.Linq.dll
Dependency assembly - System.Diagnostics.TraceSource.dll
Dependency assembly - System.Security.Cryptography.Hashing.dll
Dependency assembly - System.Runtime.Serialization.Primitives.dll
Dependency assembly - System.Text.Encoding.CodePages.dll
Dependency assembly - System.Resources.Reader.dll
Dependency assembly - System.Data.Entity.dll
Dependency assembly - System.Runtime.CompilerServices.Unsafe.dll
Dependency assembly - System.Drawing.dll
Dependency assembly - System.Reflection.Emit.ILGeneration.dll
Dependency assembly - System.Security.Claims.dll
Dependency assembly - System.ServiceModel.dll
Dependency assembly - System.Net.WebHeaderCollection.dll
Dependency assembly - System.ServiceModel.Internals.dll
Dependency assembly - System.Net.dll
Dependency assembly - System.IO.Compression.dll
Dependency assembly - Microsoft.Win32.Registry.AccessControl.dll
Dependency assembly - System.IO.FileSystem.Primitives.dll
Dependency assembly - Microsoft.Bcl.AsyncInterfaces.dll
Dependency assembly - System.Diagnostics.TraceEvent.dll
Dependency assembly - System.Net.Security.dll
Dependency assembly - System.IO.Compression.ZipFile.dll
Dependency assembly - System.Management.dll
Dependency assembly - System.Security.Cryptography.DeriveBytes.dll
Dependency assembly - System.IO.MemoryMappedFiles.dll
Dependency assembly - System.Data.dll
Dependency assembly - System.Reflection.Metadata.dll
Dependency assembly - System.Threading.Tasks.Parallel.dll
Dependency assembly - System.Threading.AccessControl.dll
Dependency assembly - System.Linq.Queryable.dll
Dependency assembly - System.IdentityModel.Selectors.dll
Dependency assembly - System.Collections.Concurrent.dll
Dependency assembly - System.Memory.dll
Dependency assembly - System.Resources.Writer.dll
Dependency assembly - System.Windows.Forms.dll
Dependency assembly - System.Runtime.Serialization.dll
Dependency assembly - System.Net.Sockets.dll
Dependency assembly - Microsoft.Extensions.Logging.Abstractions.dll
Dependency assembly - System.Collections.NonGeneric.dll
Dependency assembly - System.Numerics.dll
Dependency assembly - System.Net.AuthenticationManager.dll
Dependency assembly - UnityEngine.UI.dll
Dependency assembly - System.IO.UnmanagedMemoryStream.dll
Dependency assembly - System.Console.dll
Dependency assembly - System.Globalization.Calendars.dll
Dependency assembly - System.IO.FileSystem.AccessControl.dll
Dependency assembly - System.Diagnostics.DiagnosticSource.dll
Dependency assembly - Microsoft.Win32.Registry.dll
Dependency assembly - System.Core.dll
Dependency assembly - System.Security.Cryptography.Encryption.ECDsa.dll
Dependency assembly - Microsoft.CSharp.dll
Dependency assembly - System.Runtime.Serialization.Xml.dll
Dependency assembly - System.Net.NameResolution.dll
Dependency assembly - System.ServiceModel.Http.dll
Dependency assembly - System.Runtime.Remoting.dll
Dependency assembly - System.Security.Cryptography.Encoding.dll
Dependency assembly - System.Net.Cache.dll
Dependency assembly - System.Runtime.InteropServices.dll
Dependency assembly - System.Runtime.Serialization.Formatters.Soap.dll
Dependency assembly - Unity.TextMeshPro.dll
Dependency assembly - System.ServiceModel.Discovery.dll
Dependency assembly - System.Net.ServicePoint.dll
Dependency assembly - System.Security.Cryptography.Encryption.ECDiffieHellman.dll
Dependency assembly - System.Security.Cryptography.RSA.dll
Dependency assembly - System.ServiceModel.Duplex.dll
Dependency assembly - System.Buffers.dll
Dependency assembly - Mono.Data.Sqlite.dll
Dependency assembly - System.Diagnostics.Tools.dll
Dependency assembly - System.Json.dll
Dependency assembly - System.Text.RegularExpressions.dll
Dependency assembly - System.Security.dll
Dependency assembly - System.Security.Cryptography.Algorithms.dll
Dependency assembly - System.Runtime.dll
Dependency assembly - System.Messaging.dll
Dependency assembly - System.Diagnostics.Process.dll
Dependency assembly - System.Reflection.Context.dll
Dependency assembly - System.Resources.ReaderWriter.dll
Dependency assembly - System.Reflection.dll
Dependency assembly - System.Xml.ReaderWriter.dll
Dependency assembly - System.Diagnostics.Debug.dll
Dependency assembly - System.Drawing.Design.dll
Dependency assembly - System.Windows.dll
Dependency assembly - System.Data.Services.Client.dll
Dependency assembly - System.Runtime.Loader.dll
Dependency assembly - System.Security.Principal.Windows.dll
Dependency assembly - System.IO.FileSystem.dll
Dependency assembly - System.Net.NetworkInformation.dll
Dependency assembly - System.ServiceModel.Security.dll
Dependency assembly - System.Web.RegularExpressions.dll
Dependency assembly - System.Xml.XPath.XmlDocument.dll
Dependency assembly - System.ValueTuple.dll
Dependency assembly - System.Net.WebSockets.dll
Dependency assembly - System.Net.Primitives.dll
Dependency assembly - System.Web.Extensions.dll
Dependency assembly - System.Reflection.Emit.Lightweight.dll
Dependency assembly - System.Threading.Thread.dll
Dependency assembly - netstandard.dll
Dependency assembly - System.Threading.Overlapped.dll
Dependency assembly - System.Runtime.Serialization.Json.dll
Dependency assembly - System.Security.Cryptography.RandomNumberGenerator.dll
Dependency assembly - System.ComponentModel.Annotations.dll
Dependency assembly - System.Diagnostics.TextWriterTraceListener.dll
Dependency assembly - mscorlib.dll
Dependency assembly - System.Web.dll
Dependency assembly - System.Runtime.Handles.dll
Dependency assembly - System.Xml.XmlDocument.dll
Dependency assembly - System.IO.IsolatedStorage.dll
Dependency assembly - System.Configuration.Install.dll
Dependency assembly - System.Configuration.dll
Dependency assembly - I18N.Other.dll
Dependency assembly - System.ComponentModel.TypeConverter.dll
Dependency assembly - System.Runtime.Extensions.dll
Dependency assembly - System.ServiceProcess.dll
Dependency assembly - System.Data.Services.dll
Dependency assembly - System.Globalization.Extensions.dll
Dependency assembly - System.DirectoryServices.dll
Dependency assembly - System.Net.WebSockets.Client.dll
Dependency assembly - System.IdentityModel.dll
Dependency assembly - System.Xml.XmlSerializer.dll
Dependency assembly - System.Xml.Linq.dll
Dependency assembly - System.ComponentModel.Composition.dll

DisplayProgressbar: Fetching assembly references
Opening scene 'Assets/AvalonShell/Shell.unity'
Unloading 1 Unused Serialized files (Serialized files now loaded: 0)
Loaded scene 'Assets/AvalonShell/Shell.unity'
	Deserialize:            0.858 ms
	Integration:            4.615 ms
	Integration of assets:  0.001 ms
	Thread Wait Time:       0.014 ms
	Total Operation Time:   5.488 ms
Unloading 26 unused Assets / (0.5 MB). Loaded Objects now: 1240.
Memory consumption went from 127.6 MB to 127.1 MB.
Total: 9.788058 ms (FindLiveObjects: 0.063324 ms CreateObjectMapping: 0.015463 ms MarkObjects: 9.172913 ms  DeleteObjects: 0.535797 ms)

Unloading 13 Unused Serialized files (Serialized files now loaded: 0)
Unloading 84 unused Assets / (0.5 MB). Loaded Objects now: 1237.
Memory consumption went from 141.1 MB to 140.6 MB.
Total: 7.104405 ms (FindLiveObjects: 0.050725 ms CreateObjectMapping: 0.019429 ms MarkObjects: 6.581076 ms  DeleteObjects: 0.452613 ms)

Unloading 0 Unused Serialized files (Serialized files now loaded: 0)
Unloading 0 unused Assets / (0 B). Loaded Objects now: 1237.
Memory consumption went from 140.1 MB to 140.1 MB.
Total: 5.503071 ms (FindLiveObjects: 0.043845 ms CreateObjectMapping: 0.012068 ms MarkObjects: 5.443262 ms  DeleteObjects: 0.003325 ms)

Unloading 1 Unused Serialized files (Serialized files now loaded: 0)
Unloading 177 unused Assets / (145.6 MB). Loaded Objects now: 1237.
Memory consumption went from 283.8 MB to 138.2 MB.
Total: 17.881074 ms (FindLiveObjects: 0.062473 ms CreateObjectMapping: 0.019700 ms MarkObjects: 6.567275 ms  DeleteObjects: 11.231096 ms)

Compiling shader "Skybox/Procedural"
  Pass "" (vp)
    Target graphics API: gles3
    Full variant space:         3
    After settings filtering:   3
    After built-in stripping:   9
    After scriptable stripping: 9
    Processed in 0.01 seconds
    Target graphics API: vulkan
    Full variant space:         3
    After settings filtering:   3
    After built-in stripping:   9
    After scriptable stripping: 9
    Processed in 0.01 seconds
Launched and connected shader compiler UnityShaderCompiler after 0.01 seconds
Launched and connected shader compiler UnityShaderCompiler after 0.01 seconds
Launched and connected shader compiler UnityShaderCompiler after 0.03 seconds
  Pass  (vp, gles3) finished in 0.35 seconds. Local cache hits 0 (0.00s CPU time), remote cache hits 0 (0.00s CPU time), compiled 9 variants (1.35s CPU time), skipped 0 variants.
  Pass  (vp, vulkan) finished in 0.37 seconds. Local cache hits 0 (0.00s CPU time), remote cache hits 0 (0.00s CPU time), compiled 9 variants (1.33s CPU time), skipped 0 variants.
    Prepared data for serialisation in 0.00s
Serialized binary data for shader Skybox/Procedural in 0.00s
    gles3 (total internal programs: 9, unique: 3)
    vulkan (total internal programs: 9, unique: 3)
Compiling shader "Legacy Shaders/VertexLit"
  Pass "" (vp)
    Target graphics API: gles3
    Full variant space:         12
    After settings filtering:   12
    After built-in stripping:   9
    After scriptable stripping: 9
    Processed in 0.00 seconds
    Target graphics API: vulkan
    Full variant space:         12
    After settings filtering:   12
    After built-in stripping:   9
    After scriptable stripping: 9
    Processed in 0.00 seconds
  Pass "" (vp)
    Target graphics API: gles3
    Full variant space:         4
    After settings filtering:   4
    After built-in stripping:   3
    After scriptable stripping: 3
    Processed in 0.00 seconds
    Target graphics API: vulkan
    Full variant space:         4
    After settings filtering:   4
    After built-in stripping:   3
    After scriptable stripping: 3
    Processed in 0.00 seconds
  Pass "ShadowCaster" (vp)
    Target graphics API: gles3
    Full variant space:         4
    After settings filtering:   4
    After built-in stripping:   6
    After scriptable stripping: 6
    Processed in 0.00 seconds
    Target graphics API: vulkan
    Full variant space:         4
    After settings filtering:   4
    After built-in stripping:   6
    After scriptable stripping: 6
    Processed in 0.00 seconds
  Pass  (vp, gles3) finished in 0.39 seconds. Local cache hits 0 (0.00s CPU time), remote cache hits 0 (0.00s CPU time), compiled 9 variants (1.32s CPU time), skipped 0 variants.
  Pass  (vp, vulkan) finished in 0.26 seconds. Local cache hits 0 (0.00s CPU time), remote cache hits 0 (0.00s CPU time), compiled 9 variants (0.73s CPU time), skipped 0 variants.
    Prepared data for serialisation in 0.00s
  Pass  (vp, gles3) finished in 0.06 seconds. Local cache hits 0 (0.00s CPU time), remote cache hits 0 (0.00s CPU time), compiled 3 variants (0.09s CPU time), skipped 0 variants.
  Pass  (vp, vulkan) finished in 0.09 seconds. Local cache hits 0 (0.00s CPU time), remote cache hits 0 (0.00s CPU time), compiled 3 variants (0.13s CPU time), skipped 0 variants.
    Prepared data for serialisation in 0.00s
  Pass ShadowCaster (vp, gles3) finished in 0.09 seconds. Local cache hits 0 (0.00s CPU time), remote cache hits 0 (0.00s CPU time), compiled 6 variants (0.21s CPU time), skipped 0 variants.
  Pass ShadowCaster (vp, vulkan) finished in 0.07 seconds. Local cache hits 0 (0.00s CPU time), remote cache hits 0 (0.00s CPU time), compiled 6 variants (0.21s CPU time), skipped 0 variants.
    Prepared data for serialisation in 0.00s
Serialized binary data for shader Legacy Shaders/VertexLit in 0.00s
    gles3 (total internal programs: 18, unique: 6)
    vulkan (total internal programs: 18, unique: 6)
Compiling shader "Legacy Shaders/Diffuse"
  Pass "FORWARD" (vp)
    Target graphics API: gles3
    Full variant space:         664
    After settings filtering:   664
    After built-in stripping:   24
    After scriptable stripping: 24
    Processed in 0.00 seconds
    Target graphics API: vulkan
    Full variant space:         664
    After settings filtering:   664
    After built-in stripping:   24
    After scriptable stripping: 24
    Processed in 0.00 seconds
  Pass "FORWARD" (vp)
    Target graphics API: gles3
    Full variant space:         20
    After settings filtering:   20
    After built-in stripping:   15
    After scriptable stripping: 15
    Processed in 0.00 seconds
    Target graphics API: vulkan
    Full variant space:         20
    After settings filtering:   20
    After built-in stripping:   15
    After scriptable stripping: 15
    Processed in 0.00 seconds
  Pass "DEFERRED" (vp)
    Target graphics API: gles3
    Full variant space:         76
    After settings filtering:   76
    After built-in stripping:   12
    After scriptable stripping: 12
    Processed in 0.00 seconds
    Target graphics API: vulkan
    Full variant space:         76
    After settings filtering:   76
    After built-in stripping:   12
    After scriptable stripping: 12
    Processed in 0.00 seconds
  Pass FORWARD (vp, gles3) finished in 0.48 seconds. Local cache hits 0 (0.00s CPU time), remote cache hits 0 (0.00s CPU time), compiled 24 variants (1.71s CPU time), skipped 0 variants.
  Pass FORWARD (vp, vulkan) finished in 0.54 seconds. Local cache hits 0 (0.00s CPU time), remote cache hits 0 (0.00s CPU time), compiled 24 variants (1.87s CPU time), skipped 0 variants.
    Prepared data for serialisation in 0.00s
  Pass FORWARD (vp, gles3) finished in 0.31 seconds. Local cache hits 0 (0.00s CPU time), remote cache hits 0 (0.00s CPU time), compiled 15 variants (0.97s CPU time), skipped 0 variants.
  Pass FORWARD (vp, vulkan) finished in 0.34 seconds. Local cache hits 0 (0.00s CPU time), remote cache hits 0 (0.00s CPU time), compiled 15 variants (1.09s CPU time), skipped 0 variants.
    Prepared data for serialisation in 0.00s
  Pass DEFERRED (vp, gles3) finished in 0.27 seconds. Local cache hits 0 (0.00s CPU time), remote cache hits 0 (0.00s CPU time), compiled 12 variants (0.78s CPU time), skipped 0 variants.
  Pass DEFERRED (vp, vulkan) finished in 0.23 seconds. Local cache hits 0 (0.00s CPU time), remote cache hits 0 (0.00s CPU time), compiled 12 variants (0.78s CPU time), skipped 0 variants.
    Prepared data for serialisation in 0.00s
Serialized binary data for shader Legacy Shaders/Diffuse in 0.00s
    gles3 (total internal programs: 51, unique: 17)
    vulkan (total internal programs: 51, unique: 17)
Compiling shader "Hidden/Internal-StencilWrite"
  Pass "" (vp)
    Target graphics API: gles3
    Full variant space:         1
    After settings filtering:   1
    After built-in stripping:   3
    After scriptable stripping: 3
    Processed in 0.00 seconds
    Target graphics API: vulkan
    Full variant space:         1
    After settings filtering:   1
    After built-in stripping:   3
    After scriptable stripping: 3
    Processed in 0.00 seconds
  Pass  (vp, gles3) finished in 0.03 seconds. Local cache hits 0 (0.00s CPU time), remote cache hits 0 (0.00s CPU time), compiled 3 variants (0.08s CPU time), skipped 0 variants.
  Pass  (vp, vulkan) finished in 0.03 seconds. Local cache hits 0 (0.00s CPU time), remote cache hits 0 (0.00s CPU time), compiled 3 variants (0.07s CPU time), skipped 0 variants.
    Prepared data for serialisation in 0.00s
Serialized binary data for shader Hidden/Internal-StencilWrite in 0.00s
    gles3 (total internal programs: 3, unique: 1)
    vulkan (total internal programs: 3, unique: 1)
Compiling shader "Hidden/Internal-DepthNormalsTexture"
  Pass "" (vp)
    Target graphics API: gles3
    Full variant space:         1
    After settings filtering:   1
    After built-in stripping:   3
    After scriptable stripping: 3
    Processed in 0.00 seconds
    Target graphics API: vulkan
    Full variant space:         1
    After settings filtering:   1
    After built-in stripping:   3
    After scriptable stripping: 3
    Processed in 0.00 seconds
  Pass "" (vp)
    Target graphics API: gles3
    Full variant space:         1
    After settings filtering:   1
    After built-in stripping:   3
    After scriptable stripping: 3
    Processed in 0.00 seconds
    Target graphics API: vulkan
    Full variant space:         1
    After settings filtering:   1
    After built-in stripping:   3
    After scriptable stripping: 3
    Processed in 0.00 seconds
  Pass "" (vp)
    Target graphics API: gles3
    Full variant space:         1
    After settings filtering:   1
    After built-in stripping:   3
    After scriptable stripping: 3
    Processed in 0.00 seconds
    Target graphics API: vulkan
    Full variant space:         1
    After settings filtering:   1
    After built-in stripping:   3
    After scriptable stripping: 3
    Processed in 0.00 seconds
  Pass "" (vp)
    Target graphics API: gles3
    Full variant space:         1
    After settings filtering:   1
    After built-in stripping:   3
    After scriptable stripping: 3
    Processed in 0.00 seconds
    Target graphics API: vulkan
    Full variant space:         1
    After settings filtering:   1
    After built-in stripping:   3
    After scriptable stripping: 3
    Processed in 0.00 seconds
  Pass "" (vp)
    Target graphics API: gles3
    Full variant space:         1
    After settings filtering:   1
    After built-in stripping:   3
    After scriptable stripping: 3
    Processed in 0.00 seconds
    Target graphics API: vulkan
    Full variant space:         1
    After settings filtering:   1
    After built-in stripping:   3
    After scriptable stripping: 3
    Processed in 0.00 seconds
  Pass "" (vp)
    Target graphics API: gles3
    Full variant space:         1
    After settings filtering:   1
    After built-in stripping:   3
    After scriptable stripping: 3
    Processed in 0.00 seconds
    Target graphics API: vulkan
    Full variant space:         1
    After settings filtering:   1
    After built-in stripping:   3
    After scriptable stripping: 3
    Processed in 0.00 seconds
  Pass "" (vp)
    Target graphics API: gles3
    Full variant space:         1
    After settings filtering:   1
    After built-in stripping:   3
    After scriptable stripping: 3
    Processed in 0.00 seconds
    Target graphics API: vulkan
    Full variant space:         1
    After settings filtering:   1
    After built-in stripping:   3
    After scriptable stripping: 3
    Processed in 0.00 seconds
  Pass "" (vp)
    Target graphics API: gles3
    Full variant space:         1
    After settings filtering:   1
    After built-in stripping:   3
    After scriptable stripping: 3
    Processed in 0.00 seconds
    Target graphics API: vulkan
    Full variant space:         1
    After settings filtering:   1
    After built-in stripping:   3
    After scriptable stripping: 3
    Processed in 0.00 seconds
  Pass "" (vp)
    Target graphics API: gles3
    Full variant space:         1
    After settings filtering:   1
    After built-in stripping:   3
    After scriptable stripping: 3
    Processed in 0.00 seconds
    Target graphics API: vulkan
    Full variant space:         1
    After settings filtering:   1
    After built-in stripping:   3
    After scriptable stripping: 3
    Processed in 0.00 seconds
  Pass "" (vp)
    Target graphics API: gles3
    Full variant space:         1
    After settings filtering:   1
    After built-in stripping:   3
    After scriptable stripping: 3
    Processed in 0.00 seconds
    Target graphics API: vulkan
    Full variant space:         1
    After settings filtering:   1
    After built-in stripping:   3
    After scriptable stripping: 3
    Processed in 0.00 seconds
  Pass  (vp, gles3) finished in 0.04 seconds. Local cache hits 0 (0.00s CPU time), remote cache hits 0 (0.00s CPU time), compiled 3 variants (0.10s CPU time), skipped 0 variants.
  Pass  (vp, vulkan) finished in 0.08 seconds. Local cache hits 0 (0.00s CPU time), remote cache hits 0 (0.00s CPU time), compiled 3 variants (0.14s CPU time), skipped 0 variants.
    Prepared data for serialisation in 0.00s
  Pass  (vp, gles3) finished in 0.08 seconds. Local cache hits 0 (0.00s CPU time), remote cache hits 0 (0.00s CPU time), compiled 3 variants (0.16s CPU time), skipped 0 variants.
  Pass  (vp, vulkan) finished in 0.06 seconds. Local cache hits 0 (0.00s CPU time), remote cache hits 0 (0.00s CPU time), compiled 3 variants (0.13s CPU time), skipped 0 variants.
    Prepared data for serialisation in 0.00s
  Pass  (vp, gles3) finished in 0.10 seconds. Local cache hits 0 (0.00s CPU time), remote cache hits 0 (0.00s CPU time), compiled 3 variants (0.21s CPU time), skipped 0 variants.
  Pass  (vp, vulkan) finished in 0.18 seconds. Local cache hits 0 (0.00s CPU time), remote cache hits 0 (0.00s CPU time), compiled 3 variants (0.29s CPU time), skipped 0 variants.
    Prepared data for serialisation in 0.00s
  Pass  (vp, gles3) finished in 0.16 seconds. Local cache hits 0 (0.00s CPU time), remote cache hits 0 (0.00s CPU time), compiled 3 variants (0.34s CPU time), skipped 0 variants.
  Pass  (vp, vulkan) finished in 0.13 seconds. Local cache hits 0 (0.00s CPU time), remote cache hits 0 (0.00s CPU time), compiled 3 variants (0.27s CPU time), skipped 0 variants.
    Prepared data for serialisation in 0.00s
  Pass  (vp, gles3) finished in 0.08 seconds. Local cache hits 0 (0.00s CPU time), remote cache hits 0 (0.00s CPU time), compiled 3 variants (0.12s CPU time), skipped 0 variants.
  Pass  (vp, vulkan) finished in 0.08 seconds. Local cache hits 0 (0.00s CPU time), remote cache hits 0 (0.00s CPU time), compiled 3 variants (0.13s CPU time), skipped 0 variants.
    Prepared data for serialisation in 0.00s
  Pass  (vp, gles3) finished in 0.14 seconds. Local cache hits 0 (0.00s CPU time), remote cache hits 0 (0.00s CPU time), compiled 3 variants (0.21s CPU time), skipped 0 variants.
  Pass  (vp, vulkan) finished in 0.10 seconds. Local cache hits 0 (0.00s CPU time), remote cache hits 0 (0.00s CPU time), compiled 3 variants (0.17s CPU time), skipped 0 variants.
    Prepared data for serialisation in 0.00s
  Pass  (vp, gles3) finished in 0.07 seconds. Local cache hits 0 (0.00s CPU time), remote cache hits 0 (0.00s CPU time), compiled 3 variants (0.16s CPU time), skipped 0 variants.
  Pass  (vp, vulkan) finished in 0.07 seconds. Local cache hits 0 (0.00s CPU time), remote cache hits 0 (0.00s CPU time), compiled 3 variants (0.15s CPU time), skipped 0 variants.
    Prepared data for serialisation in 0.00s
  Pass  (vp, gles3) finished in 0.07 seconds. Local cache hits 0 (0.00s CPU time), remote cache hits 0 (0.00s CPU time), compiled 3 variants (0.14s CPU time), skipped 0 variants.
  Pass  (vp, vulkan) finished in 0.09 seconds. Local cache hits 0 (0.00s CPU time), remote cache hits 0 (0.00s CPU time), compiled 3 variants (0.17s CPU time), skipped 0 variants.
    Prepared data for serialisation in 0.00s
  Pass  (vp, gles3) finished in 0.09 seconds. Local cache hits 0 (0.00s CPU time), remote cache hits 0 (0.00s CPU time), compiled 3 variants (0.20s CPU time), skipped 0 variants.
  Pass  (vp, vulkan) finished in 0.10 seconds. Local cache hits 0 (0.00s CPU time), remote cache hits 0 (0.00s CPU time), compiled 3 variants (0.21s CPU time), skipped 0 variants.
    Prepared data for serialisation in 0.00s
  Pass  (vp, gles3) finished in 0.11 seconds. Local cache hits 0 (0.00s CPU time), remote cache hits 0 (0.00s CPU time), compiled 3 variants (0.20s CPU time), skipped 0 variants.
  Pass  (vp, vulkan) finished in 0.11 seconds. Local cache hits 0 (0.00s CPU time), remote cache hits 0 (0.00s CPU time), compiled 3 variants (0.20s CPU time), skipped 0 variants.
    Prepared data for serialisation in 0.00s
Serialized binary data for shader Hidden/Internal-DepthNormalsTexture in 0.00s
    gles3 (total internal programs: 30, unique: 10)
    vulkan (total internal programs: 30, unique: 10)
Compiling shader "Hidden/Internal-ScreenSpaceShadows"
  Pass "" (vp)
    Target graphics API: gles3
    Full variant space:         4
    After settings filtering:   4
    After built-in stripping:   12
    After scriptable stripping: 12
    Processed in 0.00 seconds
    Target graphics API: vulkan
    Full variant space:         4
    After settings filtering:   4
    After built-in stripping:   12
    After scriptable stripping: 12
    Processed in 0.00 seconds
  Pass "" (vp)
    Target graphics API: gles3
    Full variant space:         4
    After settings filtering:   4
    After built-in stripping:   12
    After scriptable stripping: 12
    Processed in 0.00 seconds
    Target graphics API: vulkan
    Full variant space:         4
    After settings filtering:   4
    After built-in stripping:   12
    After scriptable stripping: 12
    Processed in 0.00 seconds
  Pass "" (vp)
    Target graphics API: gles3
    Full variant space:         4
    After settings filtering:   4
    After built-in stripping:   12
    After scriptable stripping: 12
    Processed in 0.00 seconds
    Target graphics API: vulkan
    Full variant space:         4
    After settings filtering:   4
    After built-in stripping:   12
    After scriptable stripping: 12
    Processed in 0.01 seconds
  Pass "" (vp)
    Target graphics API: gles3
    Full variant space:         4
    After settings filtering:   4
    After built-in stripping:   12
    After scriptable stripping: 12
    Processed in 0.00 seconds
    Target graphics API: vulkan
    Full variant space:         4
    After settings filtering:   4
    After built-in stripping:   12
    After scriptable stripping: 12
    Processed in 0.00 seconds
  Pass  (vp, gles3) finished in 0.27 seconds. Local cache hits 0 (0.00s CPU time), remote cache hits 0 (0.00s CPU time), compiled 12 variants (0.92s CPU time), skipped 0 variants.
  Pass  (vp, vulkan) finished in 0.31 seconds. Local cache hits 0 (0.00s CPU time), remote cache hits 0 (0.00s CPU time), compiled 12 variants (0.98s CPU time), skipped 0 variants.
    Prepared data for serialisation in 0.00s
  Pass  (vp, gles3) finished in 0.29 seconds. Local cache hits 0 (0.00s CPU time), remote cache hits 0 (0.00s CPU time), compiled 12 variants (0.95s CPU time), skipped 0 variants.
  Pass  (vp, vulkan) finished in 0.31 seconds. Local cache hits 0 (0.00s CPU time), remote cache hits 0 (0.00s CPU time), compiled 12 variants (0.94s CPU time), skipped 0 variants.
    Prepared data for serialisation in 0.00s
  Pass  (vp, gles3) finished in 0.40 seconds. Local cache hits 0 (0.00s CPU time), remote cache hits 0 (0.00s CPU time), compiled 12 variants (1.23s CPU time), skipped 0 variants.
  Pass  (vp, vulkan) finished in 0.42 seconds. Local cache hits 0 (0.00s CPU time), remote cache hits 0 (0.00s CPU time), compiled 12 variants (1.32s CPU time), skipped 0 variants.
    Prepared data for serialisation in 0.00s
  Pass  (vp, gles3) finished in 0.38 seconds. Local cache hits 0 (0.00s CPU time), remote cache hits 0 (0.00s CPU time), compiled 12 variants (1.40s CPU time), skipped 0 variants.
  Pass  (vp, vulkan) finished in 0.40 seconds. Local cache hits 0 (0.00s CPU time), remote cache hits 0 (0.00s CPU time), compiled 12 variants (1.43s CPU time), skipped 0 variants.
    Prepared data for serialisation in 0.00s
Serialized binary data for shader Hidden/Internal-ScreenSpaceShadows in 0.00s
    gles3 (total internal programs: 48, unique: 16)
    vulkan (total internal programs: 48, unique: 16)
Compiling shader "Hidden/Internal-CombineDepthNormals"
  Pass "" (vp)
    Target graphics API: gles3
    Full variant space:         1
    After settings filtering:   1
    After built-in stripping:   3
    After scriptable stripping: 3
    Processed in 0.00 seconds
    Target graphics API: vulkan
    Full variant space:         1
    After settings filtering:   1
    After built-in stripping:   3
    After scriptable stripping: 3
    Processed in 0.00 seconds
  Pass  (vp, gles3) finished in 0.04 seconds. Local cache hits 0 (0.00s CPU time), remote cache hits 0 (0.00s CPU time), compiled 3 variants (0.10s CPU time), skipped 0 variants.
  Pass  (vp, vulkan) finished in 0.04 seconds. Local cache hits 0 (0.00s CPU time), remote cache hits 0 (0.00s CPU time), compiled 3 variants (0.11s CPU time), skipped 0 variants.
    Prepared data for serialisation in 0.00s
Serialized binary data for shader Hidden/Internal-CombineDepthNormals in 0.00s
    gles3 (total internal programs: 3, unique: 1)
    vulkan (total internal programs: 3, unique: 1)
Compiling shader "Hidden/BlitCopy"
  Pass "" (vp)
    Target graphics API: gles3
    Full variant space:         1
    After settings filtering:   1
    After built-in stripping:   3
    After scriptable stripping: 3
    Processed in 0.00 seconds
    Target graphics API: vulkan
    Full variant space:         1
    After settings filtering:   1
    After built-in stripping:   3
    After scriptable stripping: 3
    Processed in 0.00 seconds
  Pass  (vp, gles3) finished in 0.03 seconds. Local cache hits 0 (0.00s CPU time), remote cache hits 0 (0.00s CPU time), compiled 3 variants (0.08s CPU time), skipped 0 variants.
  Pass  (vp, vulkan) finished in 0.03 seconds. Local cache hits 0 (0.00s CPU time), remote cache hits 0 (0.00s CPU time), compiled 3 variants (0.09s CPU time), skipped 0 variants.
    Prepared data for serialisation in 0.00s
Serialized binary data for shader Hidden/BlitCopy in 0.00s
    gles3 (total internal programs: 3, unique: 1)
    vulkan (total internal programs: 3, unique: 1)
Compiling shader "Hidden/BlitCopyDepth"
  Pass "" (vp)
    Target graphics API: gles3
    Full variant space:         1
    After settings filtering:   1
    After built-in stripping:   3
    After scriptable stripping: 3
    Processed in 0.00 seconds
    Target graphics API: vulkan
    Full variant space:         1
    After settings filtering:   1
    After built-in stripping:   3
    After scriptable stripping: 3
    Processed in 0.00 seconds
  Pass  (vp, gles3) finished in 0.03 seconds. Local cache hits 0 (0.00s CPU time), remote cache hits 0 (0.00s CPU time), compiled 3 variants (0.07s CPU time), skipped 0 variants.
  Pass  (vp, vulkan) finished in 0.03 seconds. Local cache hits 0 (0.00s CPU time), remote cache hits 0 (0.00s CPU time), compiled 3 variants (0.08s CPU time), skipped 0 variants.
    Prepared data for serialisation in 0.00s
Serialized binary data for shader Hidden/BlitCopyDepth in 0.00s
    gles3 (total internal programs: 3, unique: 1)
    vulkan (total internal programs: 3, unique: 1)
Compiling shader "Hidden/ConvertTexture"
  Pass "" (vp)
    Target graphics API: gles3
    Full variant space:         1
    After settings filtering:   1
    After built-in stripping:   3
    After scriptable stripping: 3
    Processed in 0.00 seconds
    Target graphics API: vulkan
    Full variant space:         1
    After settings filtering:   1
    After built-in stripping:   3
    After scriptable stripping: 3
    Processed in 0.00 seconds
  Pass  (vp, gles3) finished in 0.05 seconds. Local cache hits 0 (0.00s CPU time), remote cache hits 0 (0.00s CPU time), compiled 3 variants (0.12s CPU time), skipped 0 variants.
  Pass  (vp, vulkan) finished in 0.08 seconds. Local cache hits 0 (0.00s CPU time), remote cache hits 0 (0.00s CPU time), compiled 3 variants (0.11s CPU time), skipped 0 variants.
    Prepared data for serialisation in 0.00s
Serialized binary data for shader Hidden/ConvertTexture in 0.00s
    gles3 (total internal programs: 3, unique: 1)
    vulkan (total internal programs: 3, unique: 1)
Compiling shader "Hidden/Internal-DeferredShading"
  Pass "" (vp)
    Target graphics API: gles3
    Full variant space:         94
    After settings filtering:   94
    After built-in stripping:   78
    After scriptable stripping: 78
    Processed in 0.00 seconds
    Target graphics API: vulkan
    Full variant space:         94
    After settings filtering:   94
    After built-in stripping:   78
    After scriptable stripping: 78
    Processed in 0.01 seconds
  Pass "" (vp)
    Target graphics API: gles3
    Full variant space:         1
    After settings filtering:   1
    After built-in stripping:   3
    After scriptable stripping: 3
    Processed in 0.00 seconds
    Target graphics API: vulkan
    Full variant space:         1
    After settings filtering:   1
    After built-in stripping:   3
    After scriptable stripping: 3
    Processed in 0.00 seconds
  Pass  (vp, gles3) finished in 1.78 seconds. Local cache hits 0 (0.00s CPU time), remote cache hits 0 (0.00s CPU time), compiled 78 variants (7.02s CPU time), skipped 0 variants.
  Pass  (vp, vulkan) finished in 1.93 seconds. Local cache hits 0 (0.00s CPU time), remote cache hits 0 (0.00s CPU time), compiled 78 variants (7.59s CPU time), skipped 0 variants.
    Prepared data for serialisation in 0.00s
  Pass  (vp, gles3) finished in 0.07 seconds. Local cache hits 0 (0.00s CPU time), remote cache hits 0 (0.00s CPU time), compiled 3 variants (0.10s CPU time), skipped 0 variants.
  Pass  (vp, vulkan) finished in 0.05 seconds. Local cache hits 0 (0.00s CPU time), remote cache hits 0 (0.00s CPU time), compiled 3 variants (0.09s CPU time), skipped 0 variants.
    Prepared data for serialisation in 0.00s
Serialized binary data for shader Hidden/Internal-DeferredShading in 0.00s
    gles3 (total internal programs: 81, unique: 53)
    vulkan (total internal programs: 81, unique: 53)
Compiling shader "Hidden/Internal-DeferredReflections"
  Pass "" (vp)
    Target graphics API: gles3
    Full variant space:         1
    After settings filtering:   1
    After built-in stripping:   3
    After scriptable stripping: 3
    Processed in 0.00 seconds
    Target graphics API: vulkan
    Full variant space:         1
    After settings filtering:   1
    After built-in stripping:   3
    After scriptable stripping: 3
    Processed in 0.00 seconds
  Pass "" (vp)
    Target graphics API: gles3
    Full variant space:         2
    After settings filtering:   2
    After built-in stripping:   6
    After scriptable stripping: 6
    Processed in 0.00 seconds
    Target graphics API: vulkan
    Full variant space:         2
    After settings filtering:   2
    After built-in stripping:   6
    After scriptable stripping: 6
    Processed in 0.00 seconds
  Pass  (vp, gles3) finished in 0.12 seconds. Local cache hits 0 (0.00s CPU time), remote cache hits 0 (0.00s CPU time), compiled 3 variants (0.26s CPU time), skipped 0 variants.
  Pass  (vp, vulkan) finished in 0.11 seconds. Local cache hits 0 (0.00s CPU time), remote cache hits 0 (0.00s CPU time), compiled 3 variants (0.22s CPU time), skipped 0 variants.
    Prepared data for serialisation in 0.00s
  Pass  (vp, gles3) finished in 0.09 seconds. Local cache hits 0 (0.00s CPU time), remote cache hits 0 (0.00s CPU time), compiled 6 variants (0.20s CPU time), skipped 0 variants.
  Pass  (vp, vulkan) finished in 0.07 seconds. Local cache hits 0 (0.00s CPU time), remote cache hits 0 (0.00s CPU time), compiled 6 variants (0.18s CPU time), skipped 0 variants.
    Prepared data for serialisation in 0.00s
Serialized binary data for shader Hidden/Internal-DeferredReflections in 0.00s
    gles3 (total internal programs: 9, unique: 4)
    vulkan (total internal programs: 9, unique: 4)
Compiling shader "Hidden/Internal-MotionVectors"
  Pass "" (vp)
    Target graphics API: gles3
    Full variant space:         1
    After settings filtering:   1
    After built-in stripping:   3
    After scriptable stripping: 3
    Processed in 0.00 seconds
    Target graphics API: vulkan
    Full variant space:         1
    After settings filtering:   1
    After built-in stripping:   3
    After scriptable stripping: 3
    Processed in 0.00 seconds
  Pass "" (vp)
    Target graphics API: gles3
    Full variant space:         1
    After settings filtering:   1
    After built-in stripping:   3
    After scriptable stripping: 3
    Processed in 0.00 seconds
    Target graphics API: vulkan
    Full variant space:         1
    After settings filtering:   1
    After built-in stripping:   3
    After scriptable stripping: 3
    Processed in 0.00 seconds
  Pass "" (vp)
    Target graphics API: gles3
    Full variant space:         1
    After settings filtering:   1
    After built-in stripping:   3
    After scriptable stripping: 3
    Processed in 0.00 seconds
    Target graphics API: vulkan
    Full variant space:         1
    After settings filtering:   1
    After built-in stripping:   3
    After scriptable stripping: 3
    Processed in 0.00 seconds
  Pass  (vp, gles3) finished in 0.07 seconds. Local cache hits 0 (0.00s CPU time), remote cache hits 0 (0.00s CPU time), compiled 3 variants (0.15s CPU time), skipped 0 variants.
  Pass  (vp, vulkan) finished in 0.08 seconds. Local cache hits 0 (0.00s CPU time), remote cache hits 0 (0.00s CPU time), compiled 3 variants (0.13s CPU time), skipped 0 variants.
    Prepared data for serialisation in 0.00s
  Pass  (vp, gles3) finished in 0.06 seconds. Local cache hits 0 (0.00s CPU time), remote cache hits 0 (0.00s CPU time), compiled 3 variants (0.12s CPU time), skipped 0 variants.
  Pass  (vp, vulkan) finished in 0.06 seconds. Local cache hits 0 (0.00s CPU time), remote cache hits 0 (0.00s CPU time), compiled 3 variants (0.12s CPU time), skipped 0 variants.
    Prepared data for serialisation in 0.00s
  Pass  (vp, gles3) finished in 0.05 seconds. Local cache hits 0 (0.00s CPU time), remote cache hits 0 (0.00s CPU time), compiled 3 variants (0.12s CPU time), skipped 0 variants.
  Pass  (vp, vulkan) finished in 0.05 seconds. Local cache hits 0 (0.00s CPU time), remote cache hits 0 (0.00s CPU time), compiled 3 variants (0.12s CPU time), skipped 0 variants.
    Prepared data for serialisation in 0.00s
Serialized binary data for shader Hidden/Internal-MotionVectors in 0.00s
    gles3 (total internal programs: 9, unique: 3)
    vulkan (total internal programs: 9, unique: 3)
Compiling shader "Hidden/Internal-Flare"
  Pass "" (vp)
    Target graphics API: gles3
    Full variant space:         1
    After settings filtering:   1
    After built-in stripping:   3
    After scriptable stripping: 3
    Processed in 0.00 seconds
    Target graphics API: vulkan
    Full variant space:         1
    After settings filtering:   1
    After built-in stripping:   3
    After scriptable stripping: 3
    Processed in 0.00 seconds
  Pass  (vp, gles3) finished in 0.03 seconds. Local cache hits 0 (0.00s CPU time), remote cache hits 0 (0.00s CPU time), compiled 3 variants (0.07s CPU time), skipped 0 variants.
  Pass  (vp, vulkan) finished in 0.03 seconds. Local cache hits 0 (0.00s CPU time), remote cache hits 0 (0.00s CPU time), compiled 3 variants (0.08s CPU time), skipped 0 variants.
    Prepared data for serialisation in 0.00s
Serialized binary data for shader Hidden/Internal-Flare in 0.00s
    gles3 (total internal programs: 3, unique: 1)
    vulkan (total internal programs: 3, unique: 1)
Compiling shader "Hidden/Internal-Halo"
  Pass "" (vp)
    Target graphics API: gles3
    Full variant space:         4
    After settings filtering:   4
    After built-in stripping:   3
    After scriptable stripping: 3
    Processed in 0.00 seconds
    Target graphics API: vulkan
    Full variant space:         4
    After settings filtering:   4
    After built-in stripping:   3
    After scriptable stripping: 3
    Processed in 0.00 seconds
  Pass  (vp, gles3) finished in 0.03 seconds. Local cache hits 0 (0.00s CPU time), remote cache hits 0 (0.00s CPU time), compiled 3 variants (0.07s CPU time), skipped 0 variants.
  Pass  (vp, vulkan) finished in 0.03 seconds. Local cache hits 0 (0.00s CPU time), remote cache hits 0 (0.00s CPU time), compiled 3 variants (0.08s CPU time), skipped 0 variants.
    Prepared data for serialisation in 0.00s
Serialized binary data for shader Hidden/Internal-Halo in 0.00s
    gles3 (total internal programs: 3, unique: 1)
    vulkan (total internal programs: 3, unique: 1)
Compiling shader "Hidden/BlitCopyWithDepth"
  Pass "" (vp)
    Target graphics API: gles3
    Full variant space:         1
    After settings filtering:   1
    After built-in stripping:   3
    After scriptable stripping: 3
    Processed in 0.00 seconds
    Target graphics API: vulkan
    Full variant space:         1
    After settings filtering:   1
    After built-in stripping:   3
    After scriptable stripping: 3
    Processed in 0.00 seconds
  Pass  (vp, gles3) finished in 0.05 seconds. Local cache hits 0 (0.00s CPU time), remote cache hits 0 (0.00s CPU time), compiled 3 variants (0.10s CPU time), skipped 0 variants.
  Pass  (vp, vulkan) finished in 0.06 seconds. Local cache hits 0 (0.00s CPU time), remote cache hits 0 (0.00s CPU time), compiled 3 variants (0.10s CPU time), skipped 0 variants.
    Prepared data for serialisation in 0.00s
Serialized binary data for shader Hidden/BlitCopyWithDepth in 0.00s
    gles3 (total internal programs: 3, unique: 1)
    vulkan (total internal programs: 3, unique: 1)
Compiling shader "Hidden/BlitToDepth"
  Pass "" (vp)
    Target graphics API: gles3
    Full variant space:         1
    After settings filtering:   1
    After built-in stripping:   3
    After scriptable stripping: 3
    Processed in 0.00 seconds
    Target graphics API: vulkan
    Full variant space:         1
    After settings filtering:   1
    After built-in stripping:   3
    After scriptable stripping: 3
    Processed in 0.00 seconds
  Pass  (vp, gles3) finished in 0.04 seconds. Local cache hits 0 (0.00s CPU time), remote cache hits 0 (0.00s CPU time), compiled 3 variants (0.09s CPU time), skipped 0 variants.
  Pass  (vp, vulkan) finished in 0.06 seconds. Local cache hits 0 (0.00s CPU time), remote cache hits 0 (0.00s CPU time), compiled 3 variants (0.08s CPU time), skipped 0 variants.
    Prepared data for serialisation in 0.00s
Serialized binary data for shader Hidden/BlitToDepth in 0.00s
    gles3 (total internal programs: 3, unique: 1)
    vulkan (total internal programs: 3, unique: 1)
Compiling shader "Hidden/BlitToDepth_MSAA"
  Pass "" (vp)
    Target graphics API: gles3
    Full variant space:         1
    After settings filtering:   1
    After built-in stripping:   3
    After scriptable stripping: 3
    Processed in 0.00 seconds
    Target graphics API: vulkan
    Full variant space:         1
    After settings filtering:   1
    After built-in stripping:   3
    After scriptable stripping: 3
    Processed in 0.00 seconds
  Pass  (vp, gles3) finished in 0.03 seconds. Local cache hits 0 (0.00s CPU time), remote cache hits 0 (0.00s CPU time), compiled 3 variants (0.07s CPU time), skipped 0 variants.
  Pass  (vp, vulkan) finished in 0.03 seconds. Local cache hits 0 (0.00s CPU time), remote cache hits 0 (0.00s CPU time), compiled 3 variants (0.08s CPU time), skipped 0 variants.
    Prepared data for serialisation in 0.00s
Serialized binary data for shader Hidden/BlitToDepth_MSAA in 0.00s
    gles3 (total internal programs: 3, unique: 1)
    vulkan (total internal programs: 3, unique: 1)
Compiling shader "Hidden/BlitCopyHDRTonemap"
  Pass "" (vp)
    Target graphics API: gles3
    Full variant space:         1
    After settings filtering:   1
    After built-in stripping:   3
    After scriptable stripping: 3
    Processed in 0.00 seconds
    Target graphics API: vulkan
    Full variant space:         1
    After settings filtering:   1
    After built-in stripping:   3
    After scriptable stripping: 3
    Processed in 0.00 seconds
  Pass  (vp, gles3) finished in 0.05 seconds. Local cache hits 0 (0.00s CPU time), remote cache hits 0 (0.00s CPU time), compiled 3 variants (0.13s CPU time), skipped 0 variants.
  Pass  (vp, vulkan) finished in 0.05 seconds. Local cache hits 0 (0.00s CPU time), remote cache hits 0 (0.00s CPU time), compiled 3 variants (0.14s CPU time), skipped 0 variants.
    Prepared data for serialisation in 0.00s
Serialized binary data for shader Hidden/BlitCopyHDRTonemap in 0.00s
    gles3 (total internal programs: 3, unique: 1)
    vulkan (total internal programs: 3, unique: 1)
Compiling shader "Hidden/Internal-DebugPattern"
  Pass "Target Color and DepthStencil" (vp)
    Target graphics API: gles3
    Full variant space:         1
    After settings filtering:   1
    After built-in stripping:   3
    After scriptable stripping: 3
    Processed in 0.00 seconds
    Target graphics API: vulkan
    Full variant space:         1
    After settings filtering:   1
    After built-in stripping:   3
    After scriptable stripping: 3
    Processed in 0.00 seconds
  Pass "Target only Color" (vp)
    Target graphics API: gles3
    Full variant space:         1
    After settings filtering:   1
    After built-in stripping:   3
    After scriptable stripping: 3
    Processed in 0.00 seconds
    Target graphics API: vulkan
    Full variant space:         1
    After settings filtering:   1
    After built-in stripping:   3
    After scriptable stripping: 3
    Processed in 0.00 seconds
  Pass "Target only DepthStencil" (vp)
    Target graphics API: gles3
    Full variant space:         1
    After settings filtering:   1
    After built-in stripping:   3
    After scriptable stripping: 3
    Processed in 0.00 seconds
    Target graphics API: vulkan
    Full variant space:         1
    After settings filtering:   1
    After built-in stripping:   3
    After scriptable stripping: 3
    Processed in 0.00 seconds
  Pass Target Color and DepthStencil (vp, gles3) finished in 0.04 seconds. Local cache hits 0 (0.00s CPU time), remote cache hits 0 (0.00s CPU time), compiled 3 variants (0.09s CPU time), skipped 0 variants.
  Pass Target Color and DepthStencil (vp, vulkan) finished in 0.07 seconds. Local cache hits 0 (0.00s CPU time), remote cache hits 0 (0.00s CPU time), compiled 3 variants (0.09s CPU time), skipped 0 variants.
    Prepared data for serialisation in 0.00s
  Pass Target only Color (vp, gles3) finished in 0.04 seconds. Local cache hits 0 (0.00s CPU time), remote cache hits 0 (0.00s CPU time), compiled 3 variants (0.07s CPU time), skipped 0 variants.
  Pass Target only Color (vp, vulkan) finished in 0.04 seconds. Local cache hits 0 (0.00s CPU time), remote cache hits 0 (0.00s CPU time), compiled 3 variants (0.08s CPU time), skipped 0 variants.
    Prepared data for serialisation in 0.00s
  Pass Target only DepthStencil (vp, gles3) finished in 0.04 seconds. Local cache hits 0 (0.00s CPU time), remote cache hits 0 (0.00s CPU time), compiled 3 variants (0.07s CPU time), skipped 0 variants.
  Pass Target only DepthStencil (vp, vulkan) finished in 0.04 seconds. Local cache hits 0 (0.00s CPU time), remote cache hits 0 (0.00s CPU time), compiled 3 variants (0.08s CPU time), skipped 0 variants.
    Prepared data for serialisation in 0.00s
Serialized binary data for shader Hidden/Internal-DebugPattern in 0.00s
    gles3 (total internal programs: 9, unique: 3)
    vulkan (total internal programs: 9, unique: 3)
Compiling shader "Hidden/Internal-GUITextureClip"
  Pass "" (vp)
    Target graphics API: gles3
    Full variant space:         1
    After settings filtering:   1
    After built-in stripping:   3
    After scriptable stripping: 3
    Processed in 0.00 seconds
    Target graphics API: vulkan
    Full variant space:         1
    After settings filtering:   1
    After built-in stripping:   3
    After scriptable stripping: 3
    Processed in 0.00 seconds
  Pass "" (vp)
    Target graphics API: gles3
    Full variant space:         1
    After settings filtering:   1
    After built-in stripping:   3
    After scriptable stripping: 3
    Processed in 0.00 seconds
    Target graphics API: vulkan
    Full variant space:         1
    After settings filtering:   1
    After built-in stripping:   3
    After scriptable stripping: 3
    Processed in 0.00 seconds
  Pass  (vp, gles3) finished in 0.04 seconds. Local cache hits 0 (0.00s CPU time), remote cache hits 0 (0.00s CPU time), compiled 3 variants (0.11s CPU time), skipped 0 variants.
  Pass  (vp, vulkan) finished in 0.07 seconds. Local cache hits 0 (0.00s CPU time), remote cache hits 0 (0.00s CPU time), compiled 3 variants (0.17s CPU time), skipped 0 variants.
    Prepared data for serialisation in 0.00s
  Pass  (vp, gles3) finished in 0.08 seconds. Local cache hits 0 (0.00s CPU time), remote cache hits 0 (0.00s CPU time), compiled 3 variants (0.11s CPU time), skipped 0 variants.
  Pass  (vp, vulkan) finished in 0.06 seconds. Local cache hits 0 (0.00s CPU time), remote cache hits 0 (0.00s CPU time), compiled 3 variants (0.12s CPU time), skipped 0 variants.
    Prepared data for serialisation in 0.00s
Serialized binary data for shader Hidden/Internal-GUITextureClip in 0.00s
    gles3 (total internal programs: 6, unique: 1)
    vulkan (total internal programs: 6, unique: 1)
Compiling shader "Hidden/Internal-GUITextureClipText"
  Pass "" (vp)
    Target graphics API: gles3
    Full variant space:         1
    After settings filtering:   1
    After built-in stripping:   3
    After scriptable stripping: 3
    Processed in 0.00 seconds
    Target graphics API: vulkan
    Full variant space:         1
    After settings filtering:   1
    After built-in stripping:   3
    After scriptable stripping: 3
    Processed in 0.00 seconds
  Pass "" (vp)
    Target graphics API: gles3
    Full variant space:         1
    After settings filtering:   1
    After built-in stripping:   3
    After scriptable stripping: 3
    Processed in 0.00 seconds
    Target graphics API: vulkan
    Full variant space:         1
    After settings filtering:   1
    After built-in stripping:   3
    After scriptable stripping: 3
    Processed in 0.00 seconds
  Pass  (vp, gles3) finished in 0.03 seconds. Local cache hits 0 (0.00s CPU time), remote cache hits 0 (0.00s CPU time), compiled 3 variants (0.09s CPU time), skipped 0 variants.
  Pass  (vp, vulkan) finished in 0.04 seconds. Local cache hits 0 (0.00s CPU time), remote cache hits 0 (0.00s CPU time), compiled 3 variants (0.09s CPU time), skipped 0 variants.
    Prepared data for serialisation in 0.00s
  Pass  (vp, gles3) finished in 0.06 seconds. Local cache hits 0 (0.00s CPU time), remote cache hits 0 (0.00s CPU time), compiled 3 variants (0.12s CPU time), skipped 0 variants.
  Pass  (vp, vulkan) finished in 0.06 seconds. Local cache hits 0 (0.00s CPU time), remote cache hits 0 (0.00s CPU time), compiled 3 variants (0.09s CPU time), skipped 0 variants.
    Prepared data for serialisation in 0.00s
Serialized binary data for shader Hidden/Internal-GUITextureClipText in 0.00s
    gles3 (total internal programs: 6, unique: 1)
    vulkan (total internal programs: 6, unique: 1)
Compiling shader "Hidden/Internal-GUITexture"
  Pass "" (vp)
    Target graphics API: gles3
    Full variant space:         1
    After settings filtering:   1
    After built-in stripping:   3
    After scriptable stripping: 3
    Processed in 0.00 seconds
    Target graphics API: vulkan
    Full variant space:         1
    After settings filtering:   1
    After built-in stripping:   3
    After scriptable stripping: 3
    Processed in 0.00 seconds
  Pass "" (vp)
    Target graphics API: gles3
    Full variant space:         1
    After settings filtering:   1
    After built-in stripping:   3
    After scriptable stripping: 3
    Processed in 0.00 seconds
    Target graphics API: vulkan
    Full variant space:         1
    After settings filtering:   1
    After built-in stripping:   3
    After scriptable stripping: 3
    Processed in 0.00 seconds
  Pass  (vp, gles3) finished in 0.05 seconds. Local cache hits 0 (0.00s CPU time), remote cache hits 0 (0.00s CPU time), compiled 3 variants (0.10s CPU time), skipped 0 variants.
  Pass  (vp, vulkan) finished in 0.06 seconds. Local cache hits 0 (0.00s CPU time), remote cache hits 0 (0.00s CPU time), compiled 3 variants (0.08s CPU time), skipped 0 variants.
    Prepared data for serialisation in 0.00s
  Pass  (vp, gles3) finished in 0.05 seconds. Local cache hits 0 (0.00s CPU time), remote cache hits 0 (0.00s CPU time), compiled 3 variants (0.07s CPU time), skipped 0 variants.
  Pass  (vp, vulkan) finished in 0.04 seconds. Local cache hits 0 (0.00s CPU time), remote cache hits 0 (0.00s CPU time), compiled 3 variants (0.07s CPU time), skipped 0 variants.
    Prepared data for serialisation in 0.00s
Serialized binary data for shader Hidden/Internal-GUITexture in 0.00s
    gles3 (total internal programs: 6, unique: 1)
    vulkan (total internal programs: 6, unique: 1)
Compiling shader "Hidden/Internal-GUITextureBlit"
  Pass "" (vp)
    Target graphics API: gles3
    Full variant space:         1
    After settings filtering:   1
    After built-in stripping:   3
    After scriptable stripping: 3
    Processed in 0.00 seconds
    Target graphics API: vulkan
    Full variant space:         1
    After settings filtering:   1
    After built-in stripping:   3
    After scriptable stripping: 3
    Processed in 0.00 seconds
  Pass "" (vp)
    Target graphics API: gles3
    Full variant space:         1
    After settings filtering:   1
    After built-in stripping:   3
    After scriptable stripping: 3
    Processed in 0.00 seconds
    Target graphics API: vulkan
    Full variant space:         1
    After settings filtering:   1
    After built-in stripping:   3
    After scriptable stripping: 3
    Processed in 0.00 seconds
  Pass  (vp, gles3) finished in 0.04 seconds. Local cache hits 0 (0.00s CPU time), remote cache hits 0 (0.00s CPU time), compiled 3 variants (0.11s CPU time), skipped 0 variants.
  Pass  (vp, vulkan) finished in 0.05 seconds. Local cache hits 0 (0.00s CPU time), remote cache hits 0 (0.00s CPU time), compiled 3 variants (0.11s CPU time), skipped 0 variants.
    Prepared data for serialisation in 0.00s
  Pass  (vp, gles3) finished in 0.05 seconds. Local cache hits 0 (0.00s CPU time), remote cache hits 0 (0.00s CPU time), compiled 3 variants (0.11s CPU time), skipped 0 variants.
  Pass  (vp, vulkan) finished in 0.05 seconds. Local cache hits 0 (0.00s CPU time), remote cache hits 0 (0.00s CPU time), compiled 3 variants (0.11s CPU time), skipped 0 variants.
    Prepared data for serialisation in 0.00s
Serialized binary data for shader Hidden/Internal-GUITextureBlit in 0.00s
    gles3 (total internal programs: 6, unique: 1)
    vulkan (total internal programs: 6, unique: 1)
Compiling shader "Hidden/Internal-GUIRoundedRect"
  Pass "" (vp)
    Target graphics API: gles3
    Full variant space:         1
    After settings filtering:   1
    After built-in stripping:   3
    After scriptable stripping: 3
    Processed in 0.00 seconds
    Target graphics API: vulkan
    Full variant space:         1
    After settings filtering:   1
    After built-in stripping:   3
    After scriptable stripping: 3
    Processed in 0.00 seconds
  Pass "" (vp)
    Target graphics API: gles3
    Full variant space:         1
    After settings filtering:   1
    After built-in stripping:   3
    After scriptable stripping: 3
    Processed in 0.00 seconds
    Target graphics API: vulkan
    Full variant space:         1
    After settings filtering:   1
    After built-in stripping:   3
    After scriptable stripping: 3
    Processed in 0.00 seconds
  Pass  (vp, gles3) finished in 0.06 seconds. Local cache hits 0 (0.00s CPU time), remote cache hits 0 (0.00s CPU time), compiled 3 variants (0.16s CPU time), skipped 0 variants.
  Pass  (vp, vulkan) finished in 0.06 seconds. Local cache hits 0 (0.00s CPU time), remote cache hits 0 (0.00s CPU time), compiled 3 variants (0.17s CPU time), skipped 0 variants.
    Prepared data for serialisation in 0.00s
  Pass  (vp, gles3) finished in 0.10 seconds. Local cache hits 0 (0.00s CPU time), remote cache hits 0 (0.00s CPU time), compiled 3 variants (0.19s CPU time), skipped 0 variants.
  Pass  (vp, vulkan) finished in 0.11 seconds. Local cache hits 0 (0.00s CPU time), remote cache hits 0 (0.00s CPU time), compiled 3 variants (0.17s CPU time), skipped 0 variants.
    Prepared data for serialisation in 0.00s
Serialized binary data for shader Hidden/Internal-GUIRoundedRect in 0.00s
    gles3 (total internal programs: 6, unique: 1)
    vulkan (total internal programs: 6, unique: 1)
Compiling shader "Hidden/Internal-GUIRoundedRectWithColorPerBorder"
  Pass "" (vp)
    Target graphics API: gles3
    Full variant space:         1
    After settings filtering:   1
    After built-in stripping:   3
    After scriptable stripping: 3
    Processed in 0.00 seconds
    Target graphics API: vulkan
    Full variant space:         1
    After settings filtering:   1
    After built-in stripping:   3
    After scriptable stripping: 3
    Processed in 0.00 seconds
  Pass "" (vp)
    Target graphics API: gles3
    Full variant space:         1
    After settings filtering:   1
    After built-in stripping:   3
    After scriptable stripping: 3
    Processed in 0.00 seconds
    Target graphics API: vulkan
    Full variant space:         1
    After settings filtering:   1
    After built-in stripping:   3
    After scriptable stripping: 3
    Processed in 0.00 seconds
  Pass  (vp, gles3) finished in 0.07 seconds. Local cache hits 0 (0.00s CPU time), remote cache hits 0 (0.00s CPU time), compiled 3 variants (0.21s CPU time), skipped 0 variants.
  Pass  (vp, vulkan) finished in 0.09 seconds. Local cache hits 0 (0.00s CPU time), remote cache hits 0 (0.00s CPU time), compiled 3 variants (0.22s CPU time), skipped 0 variants.
    Prepared data for serialisation in 0.00s
  Pass  (vp, gles3) finished in 0.08 seconds. Local cache hits 0 (0.00s CPU time), remote cache hits 0 (0.00s CPU time), compiled 3 variants (0.21s CPU time), skipped 0 variants.
  Pass  (vp, vulkan) finished in 0.09 seconds. Local cache hits 0 (0.00s CPU time), remote cache hits 0 (0.00s CPU time), compiled 3 variants (0.22s CPU time), skipped 0 variants.
    Prepared data for serialisation in 0.00s
Serialized binary data for shader Hidden/Internal-GUIRoundedRectWithColorPerBorder in 0.00s
    gles3 (total internal programs: 6, unique: 1)
    vulkan (total internal programs: 6, unique: 1)
Compiling shader "Hidden/Internal-UIRDefault"
  Pass "" (vp)
    Target graphics API: gles3
    Full variant space:         40
    After settings filtering:   40
    After built-in stripping:   120
    After scriptable stripping: 120
    Processed in 0.01 seconds
    Target graphics API: vulkan
    Full variant space:         40
    After settings filtering:   40
    After built-in stripping:   120
    After scriptable stripping: 120
    Processed in 0.02 seconds
  Pass  (vp, gles3) finished in 4.32 seconds. Local cache hits 0 (0.00s CPU time), remote cache hits 0 (0.00s CPU time), compiled 120 variants (17.10s CPU time), skipped 0 variants.
  Pass  (vp, vulkan) finished in 4.86 seconds. Local cache hits 0 (0.00s CPU time), remote cache hits 0 (0.00s CPU time), compiled 120 variants (19.23s CPU time), skipped 0 variants.
    Prepared data for serialisation in 0.00s
Serialized binary data for shader Hidden/Internal-UIRDefault in 0.00s
    gles3 (total internal programs: 120, unique: 40)
    vulkan (total internal programs: 120, unique: 40)
Compiling shader "Hidden/Internal-UIRAtlasBlitCopy"
  Pass "" (vp)
    Target graphics API: gles3
    Full variant space:         1
    After settings filtering:   1
    After built-in stripping:   3
    After scriptable stripping: 3
    Processed in 0.00 seconds
    Target graphics API: vulkan
    Full variant space:         1
    After settings filtering:   1
    After built-in stripping:   3
    After scriptable stripping: 3
    Processed in 0.00 seconds
  Pass  (vp, gles3) finished in 0.04 seconds. Local cache hits 0 (0.00s CPU time), remote cache hits 0 (0.00s CPU time), compiled 3 variants (0.11s CPU time), skipped 0 variants.
  Pass  (vp, vulkan) finished in 0.04 seconds. Local cache hits 0 (0.00s CPU time), remote cache hits 0 (0.00s CPU time), compiled 3 variants (0.11s CPU time), skipped 0 variants.
    Prepared data for serialisation in 0.00s
Serialized binary data for shader Hidden/Internal-UIRAtlasBlitCopy in 0.00s
    gles3 (total internal programs: 3, unique: 1)
    vulkan (total internal programs: 3, unique: 1)
Compiling shader "Sprites/Default"
  Pass "" (vp)
    Target graphics API: gles3
    Full variant space:         8
    After settings filtering:   8
    After built-in stripping:   12
    After scriptable stripping: 12
    Processed in 0.00 seconds
    Target graphics API: vulkan
    Full variant space:         8
    After settings filtering:   8
    After built-in stripping:   12
    After scriptable stripping: 12
    Processed in 0.00 seconds
  Pass  (vp, gles3) finished in 0.13 seconds. Local cache hits 0 (0.00s CPU time), remote cache hits 0 (0.00s CPU time), compiled 12 variants (0.44s CPU time), skipped 0 variants.
  Pass  (vp, vulkan) finished in 0.17 seconds. Local cache hits 0 (0.00s CPU time), remote cache hits 0 (0.00s CPU time), compiled 12 variants (0.50s CPU time), skipped 0 variants.
    Prepared data for serialisation in 0.00s
Serialized binary data for shader Sprites/Default in 0.00s
    gles3 (total internal programs: 12, unique: 4)
    vulkan (total internal programs: 12, unique: 4)
Compiling shader "Sprites/Mask"
  Pass "" (vp)
    Target graphics API: gles3
    Full variant space:         4
    After settings filtering:   4
    After built-in stripping:   12
    After scriptable stripping: 12
    Processed in 0.00 seconds
    Target graphics API: vulkan
    Full variant space:         4
    After settings filtering:   4
    After built-in stripping:   12
    After scriptable stripping: 12
    Processed in 0.00 seconds
  Pass  (vp, gles3) finished in 0.13 seconds. Local cache hits 0 (0.00s CPU time), remote cache hits 0 (0.00s CPU time), compiled 12 variants (0.45s CPU time), skipped 0 variants.
  Pass  (vp, vulkan) finished in 0.16 seconds. Local cache hits 0 (0.00s CPU time), remote cache hits 0 (0.00s CPU time), compiled 12 variants (0.49s CPU time), skipped 0 variants.
    Prepared data for serialisation in 0.00s
Serialized binary data for shader Sprites/Mask in 0.00s
    gles3 (total internal programs: 12, unique: 4)
    vulkan (total internal programs: 12, unique: 4)
Compiling shader "UI/Default"
  Pass "Default" (vp)
    Target graphics API: gles3
    Full variant space:         4
    After settings filtering:   4
    After built-in stripping:   12
    After scriptable stripping: 12
    Processed in 0.00 seconds
    Target graphics API: vulkan
    Full variant space:         4
    After settings filtering:   4
    After built-in stripping:   12
    After scriptable stripping: 12
    Processed in 0.00 seconds
  Pass "XRMotionVectors" (vp)
    Target graphics API: gles3
    Full variant space:         4
    After settings filtering:   4
    After built-in stripping:   12
    After scriptable stripping: 12
    Processed in 0.00 seconds
    Target graphics API: vulkan
    Full variant space:         4
    After settings filtering:   4
    After built-in stripping:   12
    After scriptable stripping: 12
    Processed in 0.00 seconds
  Pass Default (vp, gles3) finished in 0.18 seconds. Local cache hits 0 (0.00s CPU time), remote cache hits 0 (0.00s CPU time), compiled 12 variants (0.66s CPU time), skipped 0 variants.
  Pass Default (vp, vulkan) finished in 0.21 seconds. Local cache hits 0 (0.00s CPU time), remote cache hits 0 (0.00s CPU time), compiled 12 variants (0.71s CPU time), skipped 0 variants.
    Prepared data for serialisation in 0.00s
  Pass XRMotionVectors (vp, gles3) finished in 0.28 seconds. Local cache hits 0 (0.00s CPU time), remote cache hits 0 (0.00s CPU time), compiled 12 variants (0.89s CPU time), skipped 0 variants.
  Pass XRMotionVectors (vp, vulkan) finished in 0.26 seconds. Local cache hits 0 (0.00s CPU time), remote cache hits 0 (0.00s CPU time), compiled 12 variants (0.87s CPU time), skipped 0 variants.
    Prepared data for serialisation in 0.00s
Serialized binary data for shader UI/Default in 0.00s
    gles3 (total internal programs: 24, unique: 8)
    vulkan (total internal programs: 24, unique: 8)
Compiling shader "UI/DefaultETC1"
  Pass "Default" (vp)
    Target graphics API: gles3
    Full variant space:         4
    After settings filtering:   4
    After built-in stripping:   12
    After scriptable stripping: 12
    Processed in 0.00 seconds
    Target graphics API: vulkan
    Full variant space:         4
    After settings filtering:   4
    After built-in stripping:   12
    After scriptable stripping: 12
    Processed in 0.00 seconds
  Pass "XRMotionVectors" (vp)
    Target graphics API: gles3
    Full variant space:         4
    After settings filtering:   4
    After built-in stripping:   12
    After scriptable stripping: 12
    Processed in 0.00 seconds
    Target graphics API: vulkan
    Full variant space:         4
    After settings filtering:   4
    After built-in stripping:   12
    After scriptable stripping: 12
    Processed in 0.00 seconds
  Pass Default (vp, gles3) finished in 0.18 seconds. Local cache hits 0 (0.00s CPU time), remote cache hits 0 (0.00s CPU time), compiled 12 variants (0.64s CPU time), skipped 0 variants.
  Pass Default (vp, vulkan) finished in 0.21 seconds. Local cache hits 0 (0.00s CPU time), remote cache hits 0 (0.00s CPU time), compiled 12 variants (0.69s CPU time), skipped 0 variants.
    Prepared data for serialisation in 0.00s
  Pass XRMotionVectors (vp, gles3) finished in 0.28 seconds. Local cache hits 0 (0.00s CPU time), remote cache hits 0 (0.00s CPU time), compiled 12 variants (0.92s CPU time), skipped 0 variants.
  Pass XRMotionVectors (vp, vulkan) finished in 0.30 seconds. Local cache hits 0 (0.00s CPU time), remote cache hits 0 (0.00s CPU time), compiled 12 variants (0.99s CPU time), skipped 0 variants.
    Prepared data for serialisation in 0.00s
Serialized binary data for shader UI/DefaultETC1 in 0.00s
    gles3 (total internal programs: 24, unique: 8)
    vulkan (total internal programs: 24, unique: 8)
Compiling shader "Hidden/CubeBlur"
  Pass "" (vp)
    Target graphics API: gles3
    Full variant space:         1
    After settings filtering:   1
    After built-in stripping:   3
    After scriptable stripping: 3
    Processed in 0.00 seconds
    Target graphics API: vulkan
    Full variant space:         1
    After settings filtering:   1
    After built-in stripping:   3
    After scriptable stripping: 3
    Processed in 0.00 seconds
  Pass "" (vp)
    Target graphics API: gles3
    Full variant space:         1
    After settings filtering:   1
    After built-in stripping:   3
    After scriptable stripping: 3
    Processed in 0.00 seconds
    Target graphics API: vulkan
    Full variant space:         1
    After settings filtering:   1
    After built-in stripping:   3
    After scriptable stripping: 3
    Processed in 0.00 seconds
  Pass  (vp, gles3) finished in 0.10 seconds. Local cache hits 0 (0.00s CPU time), remote cache hits 0 (0.00s CPU time), compiled 3 variants (0.29s CPU time), skipped 0 variants.
  Pass  (vp, vulkan) finished in 0.11 seconds. Local cache hits 0 (0.00s CPU time), remote cache hits 0 (0.00s CPU time), compiled 3 variants (0.30s CPU time), skipped 0 variants.
    Prepared data for serialisation in 0.00s
  Pass  (vp, gles3) finished in 0.06 seconds. Local cache hits 0 (0.00s CPU time), remote cache hits 0 (0.00s CPU time), compiled 3 variants (0.10s CPU time), skipped 0 variants.
  Pass  (vp, vulkan) finished in 0.06 seconds. Local cache hits 0 (0.00s CPU time), remote cache hits 0 (0.00s CPU time), compiled 3 variants (0.10s CPU time), skipped 0 variants.
    Prepared data for serialisation in 0.00s
Serialized binary data for shader Hidden/CubeBlur in 0.00s
    gles3 (total internal programs: 6, unique: 2)
    vulkan (total internal programs: 6, unique: 2)
Compiling shader "Hidden/CubeCopy"
  Pass "" (vp)
    Target graphics API: gles3
    Full variant space:         1
    After settings filtering:   1
    After built-in stripping:   3
    After scriptable stripping: 3
    Processed in 0.00 seconds
    Target graphics API: vulkan
    Full variant space:         1
    After settings filtering:   1
    After built-in stripping:   3
    After scriptable stripping: 3
    Processed in 0.00 seconds
  Pass "" (vp)
    Target graphics API: gles3
    Full variant space:         1
    After settings filtering:   1
    After built-in stripping:   3
    After scriptable stripping: 3
    Processed in 0.00 seconds
    Target graphics API: vulkan
    Full variant space:         1
    After settings filtering:   1
    After built-in stripping:   3
    After scriptable stripping: 3
    Processed in 0.00 seconds
  Pass  (vp, gles3) finished in 0.03 seconds. Local cache hits 0 (0.00s CPU time), remote cache hits 0 (0.00s CPU time), compiled 3 variants (0.08s CPU time), skipped 0 variants.
  Pass  (vp, vulkan) finished in 0.03 seconds. Local cache hits 0 (0.00s CPU time), remote cache hits 0 (0.00s CPU time), compiled 3 variants (0.09s CPU time), skipped 0 variants.
    Prepared data for serialisation in 0.00s
  Pass  (vp, gles3) finished in 0.03 seconds. Local cache hits 0 (0.00s CPU time), remote cache hits 0 (0.00s CPU time), compiled 3 variants (0.08s CPU time), skipped 0 variants.
  Pass  (vp, vulkan) finished in 0.04 seconds. Local cache hits 0 (0.00s CPU time), remote cache hits 0 (0.00s CPU time), compiled 3 variants (0.09s CPU time), skipped 0 variants.
    Prepared data for serialisation in 0.00s
Serialized binary data for shader Hidden/CubeCopy in 0.00s
    gles3 (total internal programs: 6, unique: 1)
    vulkan (total internal programs: 6, unique: 1)
Compiling shader "Hidden/CubeBlend"
  Pass "" (vp)
    Target graphics API: gles3
    Full variant space:         1
    After settings filtering:   1
    After built-in stripping:   3
    After scriptable stripping: 3
    Processed in 0.00 seconds
    Target graphics API: vulkan
    Full variant space:         1
    After settings filtering:   1
    After built-in stripping:   3
    After scriptable stripping: 3
    Processed in 0.00 seconds
  Pass "" (vp)
    Target graphics API: gles3
    Full variant space:         1
    After settings filtering:   1
    After built-in stripping:   3
    After scriptable stripping: 3
    Processed in 0.00 seconds
    Target graphics API: vulkan
    Full variant space:         1
    After settings filtering:   1
    After built-in stripping:   3
    After scriptable stripping: 3
    Processed in 0.00 seconds
  Pass  (vp, gles3) finished in 0.03 seconds. Local cache hits 0 (0.00s CPU time), remote cache hits 0 (0.00s CPU time), compiled 3 variants (0.09s CPU time), skipped 0 variants.
  Pass  (vp, vulkan) finished in 0.04 seconds. Local cache hits 0 (0.00s CPU time), remote cache hits 0 (0.00s CPU time), compiled 3 variants (0.10s CPU time), skipped 0 variants.
    Prepared data for serialisation in 0.00s
  Pass  (vp, gles3) finished in 0.04 seconds. Local cache hits 0 (0.00s CPU time), remote cache hits 0 (0.00s CPU time), compiled 3 variants (0.09s CPU time), skipped 0 variants.
  Pass  (vp, vulkan) finished in 0.04 seconds. Local cache hits 0 (0.00s CPU time), remote cache hits 0 (0.00s CPU time), compiled 3 variants (0.09s CPU time), skipped 0 variants.
    Prepared data for serialisation in 0.00s
Serialized binary data for shader Hidden/CubeBlend in 0.00s
    gles3 (total internal programs: 6, unique: 1)
    vulkan (total internal programs: 6, unique: 1)
Compiling shader "Hidden/VR/BlitTexArraySlice"
  Pass "" (vp)
    Target graphics API: gles3
    Full variant space:         1
    After settings filtering:   1
    After built-in stripping:   3
    After scriptable stripping: 3
    Processed in 0.00 seconds
    Target graphics API: vulkan
    Full variant space:         1
    After settings filtering:   1
    After built-in stripping:   3
    After scriptable stripping: 3
    Processed in 0.00 seconds
  Pass  (vp, gles3) finished in 0.04 seconds. Local cache hits 0 (0.00s CPU time), remote cache hits 0 (0.00s CPU time), compiled 3 variants (0.10s CPU time), skipped 0 variants.
  Pass  (vp, vulkan) finished in 0.06 seconds. Local cache hits 0 (0.00s CPU time), remote cache hits 0 (0.00s CPU time), compiled 3 variants (0.11s CPU time), skipped 0 variants.
    Prepared data for serialisation in 0.00s
Serialized binary data for shader Hidden/VR/BlitTexArraySlice in 0.00s
    gles3 (total internal programs: 3, unique: 1)
    vulkan (total internal programs: 3, unique: 1)
Compiling shader "Hidden/Internal-ODSWorldTexture"
  Pass "" (vp)
    Target graphics API: gles3
    Full variant space:         1
    After settings filtering:   1
    After built-in stripping:   3
    After scriptable stripping: 3
    Processed in 0.00 seconds
    Target graphics API: vulkan
    Full variant space:         1
    After settings filtering:   1
    After built-in stripping:   3
    After scriptable stripping: 3
    Processed in 0.00 seconds
  Pass "" (vp)
    Target graphics API: gles3
    Full variant space:         1
    After settings filtering:   1
    After built-in stripping:   3
    After scriptable stripping: 3
    Processed in 0.00 seconds
    Target graphics API: vulkan
    Full variant space:         1
    After settings filtering:   1
    After built-in stripping:   3
    After scriptable stripping: 3
    Processed in 0.00 seconds
  Pass "" (vp)
    Target graphics API: gles3
    Full variant space:         1
    After settings filtering:   1
    After built-in stripping:   3
    After scriptable stripping: 3
    Processed in 0.00 seconds
    Target graphics API: vulkan
    Full variant space:         1
    After settings filtering:   1
    After built-in stripping:   3
    After scriptable stripping: 3
    Processed in 0.00 seconds
  Pass "" (vp)
    Target graphics API: gles3
    Full variant space:         1
    After settings filtering:   1
    After built-in stripping:   3
    After scriptable stripping: 3
    Processed in 0.00 seconds
    Target graphics API: vulkan
    Full variant space:         1
    After settings filtering:   1
    After built-in stripping:   3
    After scriptable stripping: 3
    Processed in 0.00 seconds
  Pass "" (vp)
    Target graphics API: gles3
    Full variant space:         1
    After settings filtering:   1
    After built-in stripping:   3
    After scriptable stripping: 3
    Processed in 0.00 seconds
    Target graphics API: vulkan
    Full variant space:         1
    After settings filtering:   1
    After built-in stripping:   3
    After scriptable stripping: 3
    Processed in 0.00 seconds
  Pass "" (vp)
    Target graphics API: gles3
    Full variant space:         1
    After settings filtering:   1
    After built-in stripping:   3
    After scriptable stripping: 3
    Processed in 0.00 seconds
    Target graphics API: vulkan
    Full variant space:         1
    After settings filtering:   1
    After built-in stripping:   3
    After scriptable stripping: 3
    Processed in 0.00 seconds
  Pass "" (vp)
    Target graphics API: gles3
    Full variant space:         1
    After settings filtering:   1
    After built-in stripping:   3
    After scriptable stripping: 3
    Processed in 0.00 seconds
    Target graphics API: vulkan
    Full variant space:         1
    After settings filtering:   1
    After built-in stripping:   3
    After scriptable stripping: 3
    Processed in 0.00 seconds
  Pass "" (vp)
    Target graphics API: gles3
    Full variant space:         1
    After settings filtering:   1
    After built-in stripping:   3
    After scriptable stripping: 3
    Processed in 0.00 seconds
    Target graphics API: vulkan
    Full variant space:         1
    After settings filtering:   1
    After built-in stripping:   3
    After scriptable stripping: 3
    Processed in 0.00 seconds
  Pass "" (vp)
    Target graphics API: gles3
    Full variant space:         1
    After settings filtering:   1
    After built-in stripping:   3
    After scriptable stripping: 3
    Processed in 0.00 seconds
    Target graphics API: vulkan
    Full variant space:         1
    After settings filtering:   1
    After built-in stripping:   3
    After scriptable stripping: 3
    Processed in 0.00 seconds
  Pass "" (vp)
    Target graphics API: gles3
    Full variant space:         1
    After settings filtering:   1
    After built-in stripping:   3
    After scriptable stripping: 3
    Processed in 0.00 seconds
    Target graphics API: vulkan
    Full variant space:         1
    After settings filtering:   1
    After built-in stripping:   3
    After scriptable stripping: 3
    Processed in 0.00 seconds
  Pass  (vp, gles3) finished in 0.03 seconds. Local cache hits 0 (0.00s CPU time), remote cache hits 0 (0.00s CPU time), compiled 3 variants (0.08s CPU time), skipped 0 variants.
  Pass  (vp, vulkan) finished in 0.04 seconds. Local cache hits 0 (0.00s CPU time), remote cache hits 0 (0.00s CPU time), compiled 3 variants (0.08s CPU time), skipped 0 variants.
    Prepared data for serialisation in 0.00s
  Pass  (vp, gles3) finished in 0.08 seconds. Local cache hits 0 (0.00s CPU time), remote cache hits 0 (0.00s CPU time), compiled 3 variants (0.13s CPU time), skipped 0 variants.
  Pass  (vp, vulkan) finished in 0.07 seconds. Local cache hits 0 (0.00s CPU time), remote cache hits 0 (0.00s CPU time), compiled 3 variants (0.13s CPU time), skipped 0 variants.
    Prepared data for serialisation in 0.00s
  Pass  (vp, gles3) finished in 0.08 seconds. Local cache hits 0 (0.00s CPU time), remote cache hits 0 (0.00s CPU time), compiled 3 variants (0.17s CPU time), skipped 0 variants.
  Pass  (vp, vulkan) finished in 0.09 seconds. Local cache hits 0 (0.00s CPU time), remote cache hits 0 (0.00s CPU time), compiled 3 variants (0.18s CPU time), skipped 0 variants.
    Prepared data for serialisation in 0.00s
  Pass  (vp, gles3) finished in 0.12 seconds. Local cache hits 0 (0.00s CPU time), remote cache hits 0 (0.00s CPU time), compiled 3 variants (0.24s CPU time), skipped 0 variants.
  Pass  (vp, vulkan) finished in 0.13 seconds. Local cache hits 0 (0.00s CPU time), remote cache hits 0 (0.00s CPU time), compiled 3 variants (0.25s CPU time), skipped 0 variants.
    Prepared data for serialisation in 0.00s
  Pass  (vp, gles3) finished in 0.08 seconds. Local cache hits 0 (0.00s CPU time), remote cache hits 0 (0.00s CPU time), compiled 3 variants (0.09s CPU time), skipped 0 variants.
  Pass  (vp, vulkan) finished in 0.06 seconds. Local cache hits 0 (0.00s CPU time), remote cache hits 0 (0.00s CPU time), compiled 3 variants (0.10s CPU time), skipped 0 variants.
    Prepared data for serialisation in 0.00s
  Pass  (vp, gles3) finished in 0.07 seconds. Local cache hits 0 (0.00s CPU time), remote cache hits 0 (0.00s CPU time), compiled 3 variants (0.11s CPU time), skipped 0 variants.
  Pass  (vp, vulkan) finished in 0.11 seconds. Local cache hits 0 (0.00s CPU time), remote cache hits 0 (0.00s CPU time), compiled 3 variants (0.17s CPU time), skipped 0 variants.
    Prepared data for serialisation in 0.00s
  Pass  (vp, gles3) finished in 0.08 seconds. Local cache hits 0 (0.00s CPU time), remote cache hits 0 (0.00s CPU time), compiled 3 variants (0.15s CPU time), skipped 0 variants.
  Pass  (vp, vulkan) finished in 0.08 seconds. Local cache hits 0 (0.00s CPU time), remote cache hits 0 (0.00s CPU time), compiled 3 variants (0.12s CPU time), skipped 0 variants.
    Prepared data for serialisation in 0.00s
  Pass  (vp, gles3) finished in 0.07 seconds. Local cache hits 0 (0.00s CPU time), remote cache hits 0 (0.00s CPU time), compiled 3 variants (0.10s CPU time), skipped 0 variants.
  Pass  (vp, vulkan) finished in 0.06 seconds. Local cache hits 0 (0.00s CPU time), remote cache hits 0 (0.00s CPU time), compiled 3 variants (0.12s CPU time), skipped 0 variants.
    Prepared data for serialisation in 0.00s
  Pass  (vp, gles3) finished in 0.07 seconds. Local cache hits 0 (0.00s CPU time), remote cache hits 0 (0.00s CPU time), compiled 3 variants (0.17s CPU time), skipped 0 variants.
  Pass  (vp, vulkan) finished in 0.07 seconds. Local cache hits 0 (0.00s CPU time), remote cache hits 0 (0.00s CPU time), compiled 3 variants (0.17s CPU time), skipped 0 variants.
    Prepared data for serialisation in 0.00s
  Pass  (vp, gles3) finished in 0.07 seconds. Local cache hits 0 (0.00s CPU time), remote cache hits 0 (0.00s CPU time), compiled 3 variants (0.16s CPU time), skipped 0 variants.
  Pass  (vp, vulkan) finished in 0.07 seconds. Local cache hits 0 (0.00s CPU time), remote cache hits 0 (0.00s CPU time), compiled 3 variants (0.17s CPU time), skipped 0 variants.
    Prepared data for serialisation in 0.00s
Serialized binary data for shader Hidden/Internal-ODSWorldTexture in 0.00s
    gles3 (total internal programs: 30, unique: 9)
    vulkan (total internal programs: 30, unique: 9)
Compiling shader "Hidden/Internal-CubemapToEquirect"
  Pass "" (vp)
    Target graphics API: gles3
    Full variant space:         1
    After settings filtering:   1
    After built-in stripping:   3
    After scriptable stripping: 3
    Processed in 0.00 seconds
    Target graphics API: vulkan
    Full variant space:         1
    After settings filtering:   1
    After built-in stripping:   3
    After scriptable stripping: 3
    Processed in 0.00 seconds
  Pass  (vp, gles3) finished in 0.04 seconds. Local cache hits 0 (0.00s CPU time), remote cache hits 0 (0.00s CPU time), compiled 3 variants (0.09s CPU time), skipped 0 variants.
  Pass  (vp, vulkan) finished in 0.05 seconds. Local cache hits 0 (0.00s CPU time), remote cache hits 0 (0.00s CPU time), compiled 3 variants (0.08s CPU time), skipped 0 variants.
    Prepared data for serialisation in 0.00s
Serialized binary data for shader Hidden/Internal-CubemapToEquirect in 0.00s
    gles3 (total internal programs: 3, unique: 1)
    vulkan (total internal programs: 3, unique: 1)
Compiling shader "Hidden/VR/BlitFromTex2DToTexArraySlice"
  Pass "" (vp)
    Target graphics API: gles3
    Full variant space:         1
    After settings filtering:   1
    After built-in stripping:   3
    After scriptable stripping: 3
    Processed in 0.00 seconds
  Pass "" (vp)
    Target graphics API: gles3
    Full variant space:         1
    After settings filtering:   1
    After built-in stripping:   3
    After scriptable stripping: 3
    Processed in 0.00 seconds
    Target graphics API: vulkan
    Full variant space:         1
    After settings filtering:   1
    After built-in stripping:   3
    After scriptable stripping: 3
    Processed in 0.00 seconds
  Pass  (vp, gles3) finished in 0.03 seconds. Local cache hits 0 (0.00s CPU time), remote cache hits 0 (0.00s CPU time), compiled 3 variants (0.07s CPU time), skipped 0 variants.
    Prepared data for serialisation in 0.00s
  Pass  (vp, gles3) finished in 0.04 seconds. Local cache hits 0 (0.00s CPU time), remote cache hits 0 (0.00s CPU time), compiled 3 variants (0.11s CPU time), skipped 0 variants.
  Pass  (vp, vulkan) finished in 0.05 seconds. Local cache hits 0 (0.00s CPU time), remote cache hits 0 (0.00s CPU time), compiled 3 variants (0.11s CPU time), skipped 0 variants.
    Prepared data for serialisation in 0.00s
Serialized binary data for shader Hidden/VR/BlitFromTex2DToTexArraySlice in 0.00s
    gles3 (total internal programs: 6, unique: 2)
    vulkan (total internal programs: 3, unique: 1)
Compiling shader "Hidden/VideoComposite"
  Pass "Default" (vp)
    Target graphics API: gles3
    Full variant space:         1
    After settings filtering:   1
    After built-in stripping:   3
    After scriptable stripping: 3
    Processed in 0.00 seconds
    Target graphics API: vulkan
    Full variant space:         1
    After settings filtering:   1
    After built-in stripping:   3
    After scriptable stripping: 3
    Processed in 0.00 seconds
  Pass Default (vp, gles3) finished in 0.03 seconds. Local cache hits 0 (0.00s CPU time), remote cache hits 0 (0.00s CPU time), compiled 3 variants (0.09s CPU time), skipped 0 variants.
  Pass Default (vp, vulkan) finished in 0.03 seconds. Local cache hits 0 (0.00s CPU time), remote cache hits 0 (0.00s CPU time), compiled 3 variants (0.09s CPU time), skipped 0 variants.
    Prepared data for serialisation in 0.00s
Serialized binary data for shader Hidden/VideoComposite in 0.00s
    gles3 (total internal programs: 3, unique: 1)
    vulkan (total internal programs: 3, unique: 1)
Compiling shader "Hidden/VideoDecode"
  Pass "YCbCr_To_RGB1" (vp)
    Target graphics API: gles3
    Full variant space:         2
    After settings filtering:   2
    After built-in stripping:   6
    After scriptable stripping: 6
    Processed in 0.00 seconds
    Target graphics API: vulkan
    Full variant space:         2
    After settings filtering:   2
    After built-in stripping:   6
    After scriptable stripping: 6
    Processed in 0.00 seconds
  Pass "YCbCrA_To_RGBAFull" (vp)
    Target graphics API: gles3
    Full variant space:         2
    After settings filtering:   2
    After built-in stripping:   6
    After scriptable stripping: 6
    Processed in 0.00 seconds
    Target graphics API: vulkan
    Full variant space:         2
    After settings filtering:   2
    After built-in stripping:   6
    After scriptable stripping: 6
    Processed in 0.00 seconds
  Pass "YCbCrA_To_RGBA" (vp)
    Target graphics API: gles3
    Full variant space:         2
    After settings filtering:   2
    After built-in stripping:   6
    After scriptable stripping: 6
    Processed in 0.00 seconds
    Target graphics API: vulkan
    Full variant space:         2
    After settings filtering:   2
    After built-in stripping:   6
    After scriptable stripping: 6
    Processed in 0.00 seconds
  Pass "Flip_RGBA_To_RGBA" (vp)
    Target graphics API: gles3
    Full variant space:         2
    After settings filtering:   2
    After built-in stripping:   6
    After scriptable stripping: 6
    Processed in 0.00 seconds
    Target graphics API: vulkan
    Full variant space:         2
    After settings filtering:   2
    After built-in stripping:   6
    After scriptable stripping: 6
    Processed in 0.00 seconds
  Pass "Flip_RGBASplit_To_RGBA" (vp)
    Target graphics API: gles3
    Full variant space:         2
    After settings filtering:   2
    After built-in stripping:   6
    After scriptable stripping: 6
    Processed in 0.00 seconds
    Target graphics API: vulkan
    Full variant space:         2
    After settings filtering:   2
    After built-in stripping:   6
    After scriptable stripping: 6
    Processed in 0.00 seconds
  Pass "Flip_NV12_To_RGB1" (vp)
    Target graphics API: gles3
    Full variant space:         2
    After settings filtering:   2
    After built-in stripping:   6
    After scriptable stripping: 6
    Processed in 0.00 seconds
    Target graphics API: vulkan
    Full variant space:         2
    After settings filtering:   2
    After built-in stripping:   6
    After scriptable stripping: 6
    Processed in 0.00 seconds
  Pass "Flip_NV12_To_RGBA" (vp)
    Target graphics API: gles3
    Full variant space:         2
    After settings filtering:   2
    After built-in stripping:   6
    After scriptable stripping: 6
    Processed in 0.00 seconds
    Target graphics API: vulkan
    Full variant space:         2
    After settings filtering:   2
    After built-in stripping:   6
    After scriptable stripping: 6
    Processed in 0.00 seconds
  Pass "Flip_P010_To_RGB1" (vp)
    Target graphics API: gles3
    Full variant space:         1
    After settings filtering:   1
    After built-in stripping:   3
    After scriptable stripping: 3
    Processed in 0.00 seconds
    Target graphics API: vulkan
    Full variant space:         1
    After settings filtering:   1
    After built-in stripping:   3
    After scriptable stripping: 3
    Processed in 0.00 seconds
  Pass YCbCr_To_RGB1 (vp, gles3) finished in 0.08 seconds. Local cache hits 0 (0.00s CPU time), remote cache hits 0 (0.00s CPU time), compiled 6 variants (0.23s CPU time), skipped 0 variants.
  Pass YCbCr_To_RGB1 (vp, vulkan) finished in 0.09 seconds. Local cache hits 0 (0.00s CPU time), remote cache hits 0 (0.00s CPU time), compiled 6 variants (0.26s CPU time), skipped 0 variants.
    Prepared data for serialisation in 0.00s
  Pass YCbCrA_To_RGBAFull (vp, gles3) finished in 0.10 seconds. Local cache hits 0 (0.00s CPU time), remote cache hits 0 (0.00s CPU time), compiled 6 variants (0.23s CPU time), skipped 0 variants.
  Pass YCbCrA_To_RGBAFull (vp, vulkan) finished in 0.09 seconds. Local cache hits 0 (0.00s CPU time), remote cache hits 0 (0.00s CPU time), compiled 6 variants (0.23s CPU time), skipped 0 variants.
    Prepared data for serialisation in 0.00s
  Pass YCbCrA_To_RGBA (vp, gles3) finished in 0.08 seconds. Local cache hits 0 (0.00s CPU time), remote cache hits 0 (0.00s CPU time), compiled 6 variants (0.21s CPU time), skipped 0 variants.
  Pass YCbCrA_To_RGBA (vp, vulkan) finished in 0.09 seconds. Local cache hits 0 (0.00s CPU time), remote cache hits 0 (0.00s CPU time), compiled 6 variants (0.26s CPU time), skipped 0 variants.
    Prepared data for serialisation in 0.00s
  Pass Flip_RGBA_To_RGBA (vp, gles3) finished in 0.10 seconds. Local cache hits 0 (0.00s CPU time), remote cache hits 0 (0.00s CPU time), compiled 6 variants (0.21s CPU time), skipped 0 variants.
  Pass Flip_RGBA_To_RGBA (vp, vulkan) finished in 0.07 seconds. Local cache hits 0 (0.00s CPU time), remote cache hits 0 (0.00s CPU time), compiled 6 variants (0.22s CPU time), skipped 0 variants.
    Prepared data for serialisation in 0.00s
  Pass Flip_RGBASplit_To_RGBA (vp, gles3) finished in 0.08 seconds. Local cache hits 0 (0.00s CPU time), remote cache hits 0 (0.00s CPU time), compiled 6 variants (0.22s CPU time), skipped 0 variants.
  Pass Flip_RGBASplit_To_RGBA (vp, vulkan) finished in 0.09 seconds. Local cache hits 0 (0.00s CPU time), remote cache hits 0 (0.00s CPU time), compiled 6 variants (0.23s CPU time), skipped 0 variants.
    Prepared data for serialisation in 0.00s
  Pass Flip_NV12_To_RGB1 (vp, gles3) finished in 0.08 seconds. Local cache hits 0 (0.00s CPU time), remote cache hits 0 (0.00s CPU time), compiled 6 variants (0.26s CPU time), skipped 0 variants.
  Pass Flip_NV12_To_RGB1 (vp, vulkan) finished in 0.09 seconds. Local cache hits 0 (0.00s CPU time), remote cache hits 0 (0.00s CPU time), compiled 6 variants (0.25s CPU time), skipped 0 variants.
    Prepared data for serialisation in 0.00s
  Pass Flip_NV12_To_RGBA (vp, gles3) finished in 0.11 seconds. Local cache hits 0 (0.00s CPU time), remote cache hits 0 (0.00s CPU time), compiled 6 variants (0.28s CPU time), skipped 0 variants.
  Pass Flip_NV12_To_RGBA (vp, vulkan) finished in 0.11 seconds. Local cache hits 0 (0.00s CPU time), remote cache hits 0 (0.00s CPU time), compiled 6 variants (0.26s CPU time), skipped 0 variants.
    Prepared data for serialisation in 0.00s
  Pass Flip_P010_To_RGB1 (vp, gles3) finished in 0.06 seconds. Local cache hits 0 (0.00s CPU time), remote cache hits 0 (0.00s CPU time), compiled 3 variants (0.08s CPU time), skipped 0 variants.
  Pass Flip_P010_To_RGB1 (vp, vulkan) finished in 0.04 seconds. Local cache hits 0 (0.00s CPU time), remote cache hits 0 (0.00s CPU time), compiled 3 variants (0.08s CPU time), skipped 0 variants.
    Prepared data for serialisation in 0.00s
Serialized binary data for shader Hidden/VideoDecode in 0.00s
    gles3 (total internal programs: 45, unique: 15)
    vulkan (total internal programs: 45, unique: 15)
Compiling shader "Hidden/VideoDecodeAndroid"
  Pass "RGBAExternal_To_RGBA" (vp)
    Target graphics API: gles3
    Full variant space:         2
    After settings filtering:   2
    After built-in stripping:   6
    After scriptable stripping: 6
    Processed in 0.00 seconds
  Pass "RGBASplitExternal_To_RGBA" (vp)
    Target graphics API: gles3
    Full variant space:         2
    After settings filtering:   2
    After built-in stripping:   6
    After scriptable stripping: 6
    Processed in 0.00 seconds
  Pass RGBAExternal_To_RGBA (vp, gles3) finished in 0.01 seconds. Local cache hits 0 (0.00s CPU time), remote cache hits 0 (0.00s CPU time), compiled 6 variants (0.02s CPU time), skipped 0 variants.
    Prepared data for serialisation in 0.00s
  Pass RGBASplitExternal_To_RGBA (vp, gles3) finished in 0.01 seconds. Local cache hits 0 (0.00s CPU time), remote cache hits 0 (0.00s CPU time), compiled 6 variants (0.02s CPU time), skipped 0 variants.
    Prepared data for serialisation in 0.00s
Serialized binary data for shader Hidden/VideoDecodeAndroid in 0.00s
    gles3 (total internal programs: 12, unique: 12)
    vulkan (total internal programs: 0, unique: 0)
Compiling shader "Hidden/TextCore/Distance Field SSD"
  Pass "" (vp)
    Target graphics API: gles3
    Full variant space:         1
    After settings filtering:   1
    After built-in stripping:   3
    After scriptable stripping: 3
    Processed in 0.00 seconds
    Target graphics API: vulkan
    Full variant space:         1
    After settings filtering:   1
    After built-in stripping:   3
    After scriptable stripping: 3
    Processed in 0.01 seconds
  Pass  (vp, gles3) finished in 0.05 seconds. Local cache hits 0 (0.00s CPU time), remote cache hits 0 (0.00s CPU time), compiled 3 variants (0.14s CPU time), skipped 0 variants.
  Pass  (vp, vulkan) finished in 0.06 seconds. Local cache hits 0 (0.00s CPU time), remote cache hits 0 (0.00s CPU time), compiled 3 variants (0.14s CPU time), skipped 0 variants.
    Prepared data for serialisation in 0.00s
Serialized binary data for shader Hidden/TextCore/Distance Field SSD in 0.00s
    gles3 (total internal programs: 3, unique: 1)
    vulkan (total internal programs: 3, unique: 1)
Compiling shader "Hidden/Physics2D/SDF_CircleGeometry"
  Pass "" (vp)
    Target graphics API: gles3
    Full variant space:         2
    After settings filtering:   2
    After built-in stripping:   3
    After scriptable stripping: 3
    Processed in 0.00 seconds
    Target graphics API: vulkan
    Full variant space:         2
    After settings filtering:   2
    After built-in stripping:   3
    After scriptable stripping: 3
    Processed in 0.00 seconds
  Pass  (vp, gles3) finished in 0.09 seconds. Local cache hits 0 (0.00s CPU time), remote cache hits 0 (0.00s CPU time), compiled 3 variants (0.20s CPU time), skipped 0 variants.
  Pass  (vp, vulkan) finished in 0.13 seconds. Local cache hits 0 (0.00s CPU time), remote cache hits 0 (0.00s CPU time), compiled 3 variants (0.19s CPU time), skipped 0 variants.
    Prepared data for serialisation in 0.00s
Serialized binary data for shader Hidden/Physics2D/SDF_CircleGeometry in 0.00s
    gles3 (total internal programs: 3, unique: 1)
    vulkan (total internal programs: 3, unique: 1)
Compiling shader "Hidden/Physics2D/SDF_CapsuleGeometry"
  Pass "" (vp)
    Target graphics API: gles3
    Full variant space:         2
    After settings filtering:   2
    After built-in stripping:   3
    After scriptable stripping: 3
    Processed in 0.00 seconds
    Target graphics API: vulkan
    Full variant space:         2
    After settings filtering:   2
    After built-in stripping:   3
    After scriptable stripping: 3
    Processed in 0.00 seconds
  Pass  (vp, gles3) finished in 0.06 seconds. Local cache hits 0 (0.00s CPU time), remote cache hits 0 (0.00s CPU time), compiled 3 variants (0.18s CPU time), skipped 0 variants.
  Pass  (vp, vulkan) finished in 0.08 seconds. Local cache hits 0 (0.00s CPU time), remote cache hits 0 (0.00s CPU time), compiled 3 variants (0.20s CPU time), skipped 0 variants.
    Prepared data for serialisation in 0.00s
Serialized binary data for shader Hidden/Physics2D/SDF_CapsuleGeometry in 0.00s
    gles3 (total internal programs: 3, unique: 1)
    vulkan (total internal programs: 3, unique: 1)
Compiling shader "Hidden/Physics2D/SDF_PolygonGeometry"
  Pass "" (vp)
    Target graphics API: gles3
    Full variant space:         2
    After settings filtering:   2
    After built-in stripping:   3
    After scriptable stripping: 3
    Processed in 0.00 seconds
    Target graphics API: vulkan
    Full variant space:         2
    After settings filtering:   2
    After built-in stripping:   3
    After scriptable stripping: 3
    Processed in 0.00 seconds
  Pass  (vp, gles3) finished in 0.19 seconds. Local cache hits 0 (0.00s CPU time), remote cache hits 0 (0.00s CPU time), compiled 3 variants (0.55s CPU time), skipped 0 variants.
  Pass  (vp, vulkan) finished in 0.21 seconds. Local cache hits 0 (0.00s CPU time), remote cache hits 0 (0.00s CPU time), compiled 3 variants (0.54s CPU time), skipped 0 variants.
    Prepared data for serialisation in 0.00s
Serialized binary data for shader Hidden/Physics2D/SDF_PolygonGeometry in 0.00s
    gles3 (total internal programs: 3, unique: 1)
    vulkan (total internal programs: 3, unique: 1)
Compiling shader "Hidden/Physics2D/SDF_Line"
  Pass "" (vp)
    Target graphics API: gles3
    Full variant space:         2
    After settings filtering:   2
    After built-in stripping:   3
    After scriptable stripping: 3
    Processed in 0.00 seconds
    Target graphics API: vulkan
    Full variant space:         2
    After settings filtering:   2
    After built-in stripping:   3
    After scriptable stripping: 3
    Processed in 0.00 seconds
  Pass  (vp, gles3) finished in 0.08 seconds. Local cache hits 0 (0.00s CPU time), remote cache hits 0 (0.00s CPU time), compiled 3 variants (0.21s CPU time), skipped 0 variants.
  Pass  (vp, vulkan) finished in 0.12 seconds. Local cache hits 0 (0.00s CPU time), remote cache hits 0 (0.00s CPU time), compiled 3 variants (0.15s CPU time), skipped 0 variants.
    Prepared data for serialisation in 0.00s
Serialized binary data for shader Hidden/Physics2D/SDF_Line in 0.00s
    gles3 (total internal programs: 3, unique: 1)
    vulkan (total internal programs: 3, unique: 1)
Compiling shader "Hidden/Physics2D/SDF_Point"
  Pass "" (vp)
    Target graphics API: gles3
    Full variant space:         2
    After settings filtering:   2
    After built-in stripping:   3
    After scriptable stripping: 3
    Processed in 0.00 seconds
    Target graphics API: vulkan
    Full variant space:         2
    After settings filtering:   2
    After built-in stripping:   3
    After scriptable stripping: 3
    Processed in 0.00 seconds
  Pass  (vp, gles3) finished in 0.07 seconds. Local cache hits 0 (0.00s CPU time), remote cache hits 0 (0.00s CPU time), compiled 3 variants (0.19s CPU time), skipped 0 variants.
  Pass  (vp, vulkan) finished in 0.08 seconds. Local cache hits 0 (0.00s CPU time), remote cache hits 0 (0.00s CPU time), compiled 3 variants (0.20s CPU time), skipped 0 variants.
    Prepared data for serialisation in 0.00s
Serialized binary data for shader Hidden/Physics2D/SDF_Point in 0.00s
    gles3 (total internal programs: 3, unique: 1)
    vulkan (total internal programs: 3, unique: 1)
SpriteAtlasDatabase::Cleanup
DisplayProgressbar: Initializing
Android PostProcess task "Initializing" took 0.8066 ms
DisplayProgressbar: Check gradle project collisions
Android PostProcess task "Check gradle project collisions" took 0.2079 ms
DisplayProgressbar: Preparing banner
Android PostProcess task "Preparing banner" took 0.3094 ms
info: Microsoft.AspNetCore.Hosting.Diagnostics[1]
      Request starting HTTP/2 POST http://ilpp/UnityILPP.PostProcessing/Ping - application/grpc -
info: Microsoft.AspNetCore.Routing.EndpointMiddleware[0]
      Executing endpoint 'gRPC - /UnityILPP.PostProcessing/Ping'
info: Microsoft.AspNetCore.Routing.EndpointMiddleware[1]
      Executed endpoint 'gRPC - /UnityILPP.PostProcessing/Ping'
info: Microsoft.AspNetCore.Hosting.Diagnostics[2]
      Request finished HTTP/2 POST http://ilpp/UnityILPP.PostProcessing/Ping - 200 - application/grpc 2.1372ms
Starting: /opt/unity/Editor/Data/Tools/BuildPipeline/bee_backend --ipc --dagfile="Library/Bee/Player1832e193.dag" --profile="Library/Bee/backend1.traceevents" Player
WorkingDir: /__w/avalon-the-waking-gates/avalon-the-waking-gates/unity
[             ] Require frontend run.  Library/Bee/Player1832e193.dag couldn't be loaded
Starting: /opt/unity/Editor/Data/netcorerun/netcorerun "/opt/unity/Editor/Data/PlaybackEngines/AndroidPlayer/AndroidPlayerBuildProgram.exe" "/opt/unity/Editor/Data/PlaybackEngines/AndroidPlayer/Bee:/opt/unity/Editor/Data/Tools/BuildPipeline" "Library/Bee/Player1832e193.dag.json" "Library/Bee/Player1832e193-inputdata.json" "Library/Bee/buildprogram0.traceevents"
WorkingDir: /__w/avalon-the-waking-gates/avalon-the-waking-gates/unity
DisplayProgressbar: Incremental Player Build
ExitCode: 4 Duration: 0s114ms
ExitCode: 0 Duration: 1s14ms
Starting: /opt/unity/Editor/Data/Tools/BuildPipeline/bee_backend --ipc --dagfile="Library/Bee/Player1832e193.dag" --dagfilejson="Library/Bee/Player1832e193.dag.json" --profile="Library/Bee/backend2.traceevents" Player
WorkingDir: /__w/avalon-the-waking-gates/avalon-the-waking-gates/unity
Finished compiling graph: 484 nodes, 999 flattened edges (995 ToBuild, 4 ToUse), maximum node priority 26
[  1/100    0s] WriteText Library/Bee/artifacts/Android/iz17e/_dummy_for_header_discovery
[  2/100    0s] WriteText Library/Bee/artifacts/csharpactions/dummy-FeaturesChecked.txt_emel.info
[  3/100    0s] WriteText Library/Bee/artifacts/csharpactions/globalgamemanagers.assets_wxz5.info
[  4/100    0s] WriteText Library/Bee/artifacts/csharpactions/sharedassets0.assets_v4ez.info
[  5/100    0s] WriteText Library/Bee/artifacts/csharpactions/IntermediateFiles.txt_ri9j.info
[  6/100    0s] WriteText Library/Bee/artifacts/csharpactions/level0_isf5.info
[  7/100    0s] WriteText Library/Bee/artifacts/Android/d8kzr/_dummy_for_header_discovery
[  8/100    0s] WriteText Library/Bee/artifacts/csharpactions/boot.config_x4e9.info
[  9/100    0s] WriteText Library/Bee/artifacts/csharpactions/IntermediateLauncherManifestDiag.txt_4oyd.info
[ 10/100    0s] WriteText Library/Bee/artifacts/csharpactions/UnityClassRegistration.cpp_749q.info
[ 11/100    0s] CopyFiles /__w/avalon-the-waking-gates/avalon-the-waking-gates/unity/Library/Bee/Android/Prj/IL2CPP/Gradle/unityLibrary/libs/unity-classes.jar
[ 12/100    0s] SplitFile Library/Bee/artifacts/Android/Split/globalgamemanagers.assets
[ 13/100    0s] CopyFiles /__w/avalon-the-waking-gates/avalon-the-waking-gates/unity/Library/Bee/Android/Prj/IL2CPP/Gradle/unityLibrary/src/main/java/com/unity3d/player/UnityPlayerGameActivity.java
[ 14/100    0s] SplitFile Library/Bee/artifacts/Android/Split/sharedassets0.assets
[ 15/100    0s] SplitFile Library/Bee/artifacts/Android/Split/level0
[ 16/100    0s] WriteText Library/Bee/artifacts/csharpactions/unity_app_guid_in2m.info
[ 17/100    0s] CopyFiles /__w/avalon-the-waking-gates/avalon-the-waking-gates/unity/Library/Bee/Android/Prj/IL2CPP/Gradle/unityLibrary/src/main/jniLibs/armeabi-v7a/libmain.so
[ 18/100    0s] CopyFiles /__w/avalon-the-waking-gates/avalon-the-waking-gates/unity/Library/Bee/Android/Prj/IL2CPP/Gradle/unityLibrary/src/main/jniLibs/arm64-v8a/libmain.so
[ 19/100    0s] ActionGenerateProjectFiles Library/Bee/artifacts/Android/IntermediateFiles.txt (+47 others)
[ 20/100    0s] CopyFiles /__w/avalon-the-waking-gates/avalon-the-waking-gates/unity/Library/Bee/Android/Prj/IL2CPP/Gradle/unityLibrary/src/main/assets/bin/Data/Resources/unity default resources
[ 21/100    0s] WriteText /__w/avalon-the-waking-gates/avalon-the-waking-gates/unity/Library/Bee/Android/Prj/IL2CPP/Gradle/unityLibrary/src/main/resources/META-INF/com.android.games.engine.build_fingerprint
[ 22/100    0s] CopyFiles /__w/avalon-the-waking-gates/avalon-the-waking-gates/unity/Library/Bee/Android/Prj/IL2CPP/Gradle/unityLibrary/src/main/assets/bin/Data/2aaffbd29974088268b25f590e906697
[ 23/100    0s] CopyFiles /__w/avalon-the-waking-gates/avalon-the-waking-gates/unity/Library/Bee/Android/Prj/IL2CPP/Gradle/unityLibrary/src/main/assets/bin/Data/4868edba9e0a8418d940bddbfc33bb4f
[ 24/100    0s] CopyFiles /__w/avalon-the-waking-gates/avalon-the-waking-gates/unity/Library/Bee/Android/Prj/IL2CPP/Gradle/unityLibrary/src/main/assets/bin/Data/8b3a00ec380b311efbfec65f4c75a245
[ 25/100    0s] CopyFiles /__w/avalon-the-waking-gates/avalon-the-waking-gates/unity/Library/Bee/Android/Prj/IL2CPP/Gradle/unityLibrary/src/main/assets/bin/Data/c5cecd1050b46860f918e1e378b17aee
[ 26/100    0s] CopyFiles /__w/avalon-the-waking-gates/avalon-the-waking-gates/unity/Library/Bee/Android/Prj/IL2CPP/Gradle/unityLibrary/src/main/assets/bin/Data/RuntimeInitializeOnLoads.json
[ 27/100    0s] CopyFiles /__w/avalon-the-waking-gates/avalon-the-waking-gates/unity/Library/Bee/Android/Prj/IL2CPP/Gradle/unityLibrary/src/main/res/values/strings.xml
[ 28/100    0s] CopyFiles /__w/avalon-the-waking-gates/avalon-the-waking-gates/unity/Library/Bee/Android/Prj/IL2CPP/Gradle/unityLibrary/src/main/assets/bin/Data/a932cff9e4f0713e4811091758cf2077
[ 29/100    0s] CopyFiles /__w/avalon-the-waking-gates/avalon-the-waking-gates/unity/Library/Bee/Android/Prj/IL2CPP/Gradle/unityLibrary/src/main/assets/bin/Data/b91ff0047b3add3839da5f8e11763a5c
[ 30/100    0s] CopyFiles /__w/avalon-the-waking-gates/avalon-the-waking-gates/unity/Library/Bee/Android/Prj/IL2CPP/Gradle/unityLibrary/src/main/assets/bin/Data/globalgamemanagers
[ 31/100    0s] WriteText /__w/avalon-the-waking-gates/avalon-the-waking-gates/unity/Library/Bee/Android/Prj/IL2CPP/Gradle/unityLibrary/src/main/res/values-v21/styles.xml
[ 32/100    0s] CopyFiles /__w/avalon-the-waking-gates/avalon-the-waking-gates/unity/Library/Bee/Android/Prj/IL2CPP/Gradle/unityLibrary/src/main/assets/bin/Data/c01ec990e02faa25ea1d343a757f5c3c
[ 33/100    0s] CopyFiles /__w/avalon-the-waking-gates/avalon-the-waking-gates/unity/Library/Bee/Android/Prj/IL2CPP/Gradle/unityLibrary/src/main/assets/bin/Data/a716e0baa13d58f6b9dcf1a0c52a7172
[ 34/100    0s] CopyFiles /__w/avalon-the-waking-gates/avalon-the-waking-gates/unity/Library/Bee/Android/Prj/IL2CPP/Gradle/unityLibrary/src/main/assets/bin/Data/aaa5b218144adf03aa729d5426f6357c
[ 35/100    0s] CopyFiles /__w/avalon-the-waking-gates/avalon-the-waking-gates/unity/Library/Bee/Android/Prj/IL2CPP/Gradle/unityLibrary/src/main/assets/bin/Data/ScriptingAssemblies.json
[ 36/100    0s] CopyFiles /__w/avalon-the-waking-gates/avalon-the-waking-gates/unity/Library/Bee/Android/Prj/IL2CPP/Gradle/launcher/src/main/res/mipmap-mdpi/app_icon.png
[ 37/100    0s] CopyFiles /__w/avalon-the-waking-gates/avalon-the-waking-gates/unity/Library/Bee/Android/Prj/IL2CPP/Gradle/unityLibrary/src/main/res/values/ids.xml
[ 38/100    0s] WriteText /__w/avalon-the-waking-gates/avalon-the-waking-gates/unity/Library/Bee/Android/Prj/IL2CPP/Gradle/launcher/src/main/res/values/strings.xml
[ 39/100    0s] WriteText /__w/avalon-the-waking-gates/avalon-the-waking-gates/unity/Library/Bee/Android/Prj/IL2CPP/Gradle/unityLibrary/src/main/res/values-v31/styles.xml
[ 40/100    0s] WriteText /__w/avalon-the-waking-gates/avalon-the-waking-gates/unity/Library/Bee/Android/Prj/IL2CPP/Gradle/unityLibrary/src/main/res/values/styles.xml
[ 41/100    0s] CopyFiles /__w/avalon-the-waking-gates/avalon-the-waking-gates/unity/Library/Bee/Android/Prj/IL2CPP/Gradle/unityLibrary/src/main/assets/bin/Data/41edfce6dce5acd76b89ea06719ff2ed
[ 42/100    0s] CopyFiles /__w/avalon-the-waking-gates/avalon-the-waking-gates/unity/Library/Bee/Android/Prj/IL2CPP/Gradle/launcher/src/main/res/mipmap-mdpi/ic_launcher_background.png
[ 43/100    0s] CopyFiles /__w/avalon-the-waking-gates/avalon-the-waking-gates/unity/Library/Bee/Android/Prj/IL2CPP/Gradle/unityLibrary/src/main/res/values/freeformwindow.xml
[ 44/100    0s] CopyFiles /__w/avalon-the-waking-gates/avalon-the-waking-gates/unity/Library/Bee/Android/Prj/IL2CPP/Gradle/launcher/src/main/res/mipmap-anydpi-v26/app_icon_round.xml
[ 45/100    0s] CopyFiles /__w/avalon-the-waking-gates/avalon-the-waking-gates/unity/Library/Bee/Android/Prj/IL2CPP/Gradle/unityLibrary/src/main/assets/bin/Data/bc83827499d16f8608a76dcad70f7c20
[ 46/100    0s] CopyFiles /__w/avalon-the-waking-gates/avalon-the-waking-gates/unity/Library/Bee/Android/Prj/IL2CPP/Gradle/launcher/src/main/res/mipmap-anydpi-v26/app_icon.xml
[ 47/100    0s] CopyFiles /__w/avalon-the-waking-gates/avalon-the-waking-gates/unity/Library/Bee/Android/Prj/IL2CPP/Gradle/launcher/src/main/res/mipmap-mdpi/ic_launcher_foreground.png
[ 48/100    0s] CopyFiles /__w/avalon-the-waking-gates/avalon-the-waking-gates/unity/Library/Bee/Android/Prj/IL2CPP/Gradle/unityLibrary/src/main/res/values-v30/freeformwindow.xml
[ 49/100    0s] WriteText /__w/avalon-the-waking-gates/avalon-the-waking-gates/unity/Library/Bee/Android/Prj/IL2CPP/Gradle/unityLibrary/src/main/res/values/colors.xml
[ 50/100    0s] CopyFiles /__w/avalon-the-waking-gates/avalon-the-waking-gates/unity/Library/Bee/Android/Prj/IL2CPP/Gradle/unityLibrary/src/main/assets/bin/Data/Resources/unity_builtin_extra
[ 51/100    0s] AddBootConfigGUID Library/Bee/artifacts/Android/boot.config
[ 52/100    0s] CopyFiles /__w/avalon-the-waking-gates/avalon-the-waking-gates/unity/Library/Bee/Android/Prj/IL2CPP/Gradle/unityLibrary/src/main/assets/bin/Data/boot.config
[           1s] ComputeLeafInputSignature Lib_Android_arm32 Library/Bee/artifacts/Android/x6ly2/il2cpp.a [success 25927ce09312638a5bcdb672288cf948]
[           1s] ComputeLeafInputSignature Lib_Android_arm64 Library/Bee/artifacts/Android/87lik/il2cpp.a [success 598bfb724f6b796904262a088d790907]
[           0s] Lib_Android_arm64 Library/Bee/artifacts/Android/87lik/il2cpp.a [CacheMiss 598bfb724f6b796904262a088d79090700000000000000000000000000000006]
[           0s] Lib_Android_arm32 Library/Bee/artifacts/Android/x6ly2/il2cpp.a [CacheMiss 25927ce09312638a5bcdb672288cf94800000000000000000000000000000006]
[ 53/308    0s] MakeLump Library/Bee/artifacts/Android/87lik/0l7wcvkg5zcf0.lump.cpp
[ 54/482    0s] MakeLump Library/Bee/artifacts/Android/87lik/zxbarh6vxpvf1.lump.cpp
[ 55/482    0s] MakeLump Library/Bee/artifacts/Android/x6ly2/3zq5egqrsmld0.lump.cpp
[ 56/482    0s] MakeLump Library/Bee/artifacts/Android/87lik/w0jzbfl2zv6z0.lump.cpp
[ 57/482    0s] MakeLump Library/Bee/artifacts/Android/87lik/3521wpdnimcp0.lump.cpp
[ 58/482    0s] MakeLump Library/Bee/artifacts/Android/87lik/f3wkz5it8rbj0.lump.cpp
[ 59/482    0s] MakeLump Library/Bee/artifacts/Android/87lik/l809uykang5a0.lump.cpp
[ 60/482    0s] MakeLump Library/Bee/artifacts/Android/x6ly2/ok7gzz7xugds0.lump.cpp
[ 61/482    0s] MakeLump Library/Bee/artifacts/Android/87lik/6sg1hj2g5cl22.lump.cpp
[ 62/482    0s] MakeLump Library/Bee/artifacts/Android/87lik/3zq5egqrsmld0.lump.cpp
[ 63/482    0s] MakeLump Library/Bee/artifacts/Android/x6ly2/zxbarh6vxpvf1.lump.cpp
[ 64/482    0s] MakeLump Library/Bee/artifacts/Android/x6ly2/8ku3m54nrdnp2.lump.cpp
[ 65/482    0s] MakeLump Library/Bee/artifacts/Android/87lik/6sg1hj2g5cl21.lump.cpp
[ 66/482    0s] MakeLump Library/Bee/artifacts/Android/x6ly2/8ku3m54nrdnp1.lump.cpp
[ 67/482    0s] MakeLump Library/Bee/artifacts/Android/87lik/zxbarh6vxpvf0.lump.cpp
[ 68/482    0s] MakeLump Library/Bee/artifacts/Android/87lik/99n3jalday683.lump.cpp
[ 69/482    0s] MakeLump Library/Bee/artifacts/Android/87lik/6sg1hj2g5cl20.lump.cpp
[ 70/482    0s] MakeLump Library/Bee/artifacts/Android/x6ly2/mb1ggn8n1nol4.lump.cpp
[ 71/482    0s] MakeLump Library/Bee/artifacts/Android/x6ly2/v21riiesn6o60.lump.cpp
[ 72/482    0s] MakeLump Library/Bee/artifacts/Android/87lik/99n3jalday682.lump.cpp
[ 73/482    0s] MakeLump Library/Bee/artifacts/Android/x6ly2/4ro56pwdvstr0.lump.cpp
[ 74/482    0s] MakeLump Library/Bee/artifacts/Android/x6ly2/w0jzbfl2zv6z0.lump.cpp
[ 75/482    0s] MakeLump Library/Bee/artifacts/Android/87lik/99n3jalday681.lump.cpp
[ 76/482    0s] MakeLump Library/Bee/artifacts/Android/87lik/vawuj81hprby0.lump.cpp
[ 77/482    0s] MakeLump Library/Bee/artifacts/Android/87lik/swh0x4s6cpop0.lump.cpp
[ 78/482    0s] MakeLump Library/Bee/artifacts/Android/87lik/f3wkz5it8rbj4.lump.cpp
[ 79/482    0s] MakeLump Library/Bee/artifacts/Android/x6ly2/l809uykang5a0.lump.cpp
[ 80/482    0s] MakeLump Library/Bee/artifacts/Android/87lik/74ox2xdc0aep1.lump.cpp
[ 81/482    0s] MakeLump Library/Bee/artifacts/Android/x6ly2/0tmzctguayw30.lump.cpp
[ 82/482    0s] MakeLump Library/Bee/artifacts/Android/87lik/n20b507bfegs0.lump.cpp
[ 83/482    0s] MakeLump Library/Bee/artifacts/Android/87lik/bpouey2u7tss1.lump.cpp
[ 84/482    0s] MakeLump Library/Bee/artifacts/Android/87lik/uwutn7xm0l9o0.lump.cpp
[ 85/482    0s] MakeLump Library/Bee/artifacts/Android/87lik/3zq5egqrsmld2.lump.cpp
[ 86/482    0s] MakeLump Library/Bee/artifacts/Android/87lik/rx9goxu9a2c00.lump.cpp
[ 87/482    0s] MakeLump Library/Bee/artifacts/Android/x6ly2/bpouey2u7tss0.lump.cpp
[ 88/482    0s] MakeLump Library/Bee/artifacts/Android/x6ly2/hle2dtv0bkrk0.lump.cpp
[ 89/482    0s] MakeLump Library/Bee/artifacts/Android/87lik/p6ji1g5ix3ez0.lump.cpp
[ 90/482    0s] MakeLump Library/Bee/artifacts/Android/87lik/99n3jalday680.lump.cpp
[ 91/482    0s] MakeLump Library/Bee/artifacts/Android/x6ly2/swh0x4s6cpop0.lump.cpp
[ 92/482    0s] MakeLump Library/Bee/artifacts/Android/87lik/mb1ggn8n1nol6.lump.cpp
[ 93/482    0s] WriteText Library/Bee/artifacts/Android/4qqi9/_dummy_for_header_discovery
[ 94/482    0s] MakeLump Library/Bee/artifacts/Android/x6ly2/uwutn7xm0l9o0.lump.cpp
[ 95/482    0s] MakeLump Library/Bee/artifacts/Android/87lik/4vb5pyawf4kx0.lump.cpp
[ 96/482    0s] MakeLump Library/Bee/artifacts/Android/x6ly2/zxbarh6vxpvf2.lump.cpp
[ 97/482    0s] MakeLump Library/Bee/artifacts/Android/x6ly2/k9thtw0fdrgz0.lump.cpp
[ 98/482    0s] MakeLump Library/Bee/artifacts/Android/87lik/f3wkz5it8rbj2.lump.cpp
[ 99/482    0s] MakeLump Library/Bee/artifacts/Android/x6ly2/mb1ggn8n1nol1.lump.cpp
[100/482    0s] MakeLump Library/Bee/artifacts/Android/87lik/258hkbd0ictt1.lump.cpp
[101/482    0s] MakeLump Library/Bee/artifacts/Android/x6ly2/mb1ggn8n1nol3.lump.cpp
[102/482    0s] MakeLump Library/Bee/artifacts/Android/87lik/ewb91xom2l7b0.lump.cpp
[103/482    0s] MakeLump Library/Bee/artifacts/Android/x6ly2/74ox2xdc0aep1.lump.cpp
[104/482    0s] MakeLump Library/Bee/artifacts/Android/87lik/f3wkz5it8rbj3.lump.cpp
[105/482    0s] MakeLump Library/Bee/artifacts/Android/x6ly2/bpouey2u7tss1.lump.cpp
[106/482    0s] MakeLump Library/Bee/artifacts/Android/87lik/bpouey2u7tss0.lump.cpp
[107/482    0s] MakeLump Library/Bee/artifacts/Android/87lik/mb1ggn8n1nol5.lump.cpp
[108/482    0s] MakeLump Library/Bee/artifacts/Android/87lik/knuqfhgd61vh1.lump.cpp
[109/482    0s] MakeLump Library/Bee/artifacts/Android/x6ly2/6sg1hj2g5cl21.lump.cpp
[110/482    0s] MakeLump Library/Bee/artifacts/Android/87lik/258hkbd0ictt0.lump.cpp
[111/482    0s] MakeLump Library/Bee/artifacts/Android/x6ly2/4vb5pyawf4kx0.lump.cpp
[112/482    0s] MakeLump Library/Bee/artifacts/Android/x6ly2/8ku3m54nrdnp0.lump.cpp
[113/482    0s] MakeLump Library/Bee/artifacts/Android/x6ly2/mb1ggn8n1nol0.lump.cpp
[114/482    0s] MakeLump Library/Bee/artifacts/Android/x6ly2/knuqfhgd61vh0.lump.cpp
[115/482    0s] MakeLump Library/Bee/artifacts/Android/x6ly2/vawuj81hprby0.lump.cpp
[116/482    0s] MakeLump Library/Bee/artifacts/Android/x6ly2/3521wpdnimcp0.lump.cpp
[117/482    0s] MakeLump Library/Bee/artifacts/Android/x6ly2/rx9goxu9a2c00.lump.cpp
[118/482    0s] WriteText Library/Bee/artifacts/Android/ihupg/_dummy_for_header_discovery
[119/482    0s] MakeLump Library/Bee/artifacts/Android/x6ly2/mb1ggn8n1nol6.lump.cpp
[120/482    0s] WriteText Library/Bee/artifacts/Android/zz99l/_dummy_for_header_discovery
[121/482    0s] MakeLump Library/Bee/artifacts/Android/87lik/8ku3m54nrdnp2.lump.cpp
[122/482    0s] WriteText Library/Bee/artifacts/Android/x6ly2/_dummy_for_header_discovery
[123/482    0s] MakeLump Library/Bee/artifacts/Android/x6ly2/mb1ggn8n1nol7.lump.cpp
[124/482    0s] WriteText Library/Bee/artifacts/Android/87lik/_dummy_for_header_discovery
[125/482    0s] MakeLump Library/Bee/artifacts/Android/87lik/hle2dtv0bkrk0.lump.cpp
[126/482    0s] MakeLump Library/Bee/artifacts/Android/87lik/mb1ggn8n1nol4.lump.cpp
[127/482    0s] MakeLump Library/Bee/artifacts/Android/87lik/3zq5egqrsmld1.lump.cpp
[128/482    0s] MakeLump Library/Bee/artifacts/Android/87lik/4ro56pwdvstr0.lump.cpp
[129/482    0s] MakeLump Library/Bee/artifacts/Android/87lik/k9thtw0fdrgz0.lump.cpp
[130/482    0s] MakeLump Library/Bee/artifacts/Android/87lik/mb1ggn8n1nol3.lump.cpp
[131/482    0s] MakeLump Library/Bee/artifacts/Android/87lik/ub35mx9m2g180.lump.cpp
[132/482    0s] MakeLump Library/Bee/artifacts/Android/87lik/mb1ggn8n1nol2.lump.cpp
[133/482    0s] MakeLump Library/Bee/artifacts/Android/87lik/3zq5egqrsmld3.lump.cpp
[134/482    0s] MakeLump Library/Bee/artifacts/Android/x6ly2/ewb91xom2l7b0.lump.cpp
[135/482    0s] MakeLump Library/Bee/artifacts/Android/x6ly2/99n3jalday681.lump.cpp
[136/482    0s] MakeLump Library/Bee/artifacts/Android/x6ly2/qzo6a6vskcof0.lump.cpp
[137/482    0s] MakeLump Library/Bee/artifacts/Android/x6ly2/mb1ggn8n1nol5.lump.cpp
[138/482    0s] MakeLump Library/Bee/artifacts/Android/87lik/knuqfhgd61vh0.lump.cpp
[139/482    0s] MakeLump Library/Bee/artifacts/Android/x6ly2/0l7wcvkg5zcf0.lump.cpp
[140/482    0s] MakeLump Library/Bee/artifacts/Android/x6ly2/p6ji1g5ix3ez0.lump.cpp
[141/482    0s] WriteText Library/Bee/artifacts/Android/dqdht/_dummy_for_header_discovery
[142/482    0s] MakeLump Library/Bee/artifacts/Android/x6ly2/n20b507bfegs0.lump.cpp
[143/482    0s] MakeLump Library/Bee/artifacts/Android/x6ly2/ub35mx9m2g180.lump.cpp
[144/482    0s] MakeLump Library/Bee/artifacts/Android/x6ly2/zxbarh6vxpvf0.lump.cpp
[145/482    0s] MakeLump Library/Bee/artifacts/Android/87lik/74ox2xdc0aep0.lump.cpp
[146/482    0s] MakeLump Library/Bee/artifacts/Android/x6ly2/mb1ggn8n1nol2.lump.cpp
[147/482    0s] MakeLump Library/Bee/artifacts/Android/87lik/v21riiesn6o60.lump.cpp
[148/482    0s] MakeLump Library/Bee/artifacts/Android/x6ly2/f3wkz5it8rbj0.lump.cpp
[149/482    0s] MakeLump Library/Bee/artifacts/Android/87lik/8ku3m54nrdnp0.lump.cpp
[150/482    0s] MakeLump Library/Bee/artifacts/Android/x6ly2/f3wkz5it8rbj1.lump.cpp
[151/482    0s] MakeLump Library/Bee/artifacts/Android/87lik/8ku3m54nrdnp1.lump.cpp
[152/482    0s] MakeLump Library/Bee/artifacts/Android/x6ly2/f3wkz5it8rbj2.lump.cpp
[153/482    0s] MakeLump Library/Bee/artifacts/Android/87lik/ok7gzz7xugds0.lump.cpp
[154/482    0s] MakeLump Library/Bee/artifacts/Android/x6ly2/f3wkz5it8rbj3.lump.cpp
[155/482    0s] MakeLump Library/Bee/artifacts/Android/87lik/f3wkz5it8rbj1.lump.cpp
[156/482    0s] MakeLump Library/Bee/artifacts/Android/87lik/258hkbd0ictt2.lump.cpp
[157/482    0s] MakeLump Library/Bee/artifacts/Android/x6ly2/f3wkz5it8rbj4.lump.cpp
[158/482    0s] MakeLump Library/Bee/artifacts/Android/87lik/qzo6a6vskcof0.lump.cpp
[159/482    0s] MakeLump Library/Bee/artifacts/Android/87lik/mb1ggn8n1nol1.lump.cpp
[160/482    0s] MakeLump Library/Bee/artifacts/Android/x6ly2/99n3jalday683.lump.cpp
[161/482    0s] MakeLump Library/Bee/artifacts/Android/x6ly2/74ox2xdc0aep0.lump.cpp
[162/482    0s] MakeLump Library/Bee/artifacts/Android/x6ly2/99n3jalday682.lump.cpp
[163/482    0s] MakeLump Library/Bee/artifacts/Android/x6ly2/6sg1hj2g5cl22.lump.cpp
[164/482    0s] MakeLump Library/Bee/artifacts/Android/87lik/mb1ggn8n1nol0.lump.cpp
[165/482    0s] MakeLump Library/Bee/artifacts/Android/x6ly2/99n3jalday680.lump.cpp
[166/482    0s] MakeLump Library/Bee/artifacts/Android/87lik/zxbarh6vxpvf2.lump.cpp
[167/482    0s] MakeLump Library/Bee/artifacts/Android/x6ly2/3zq5egqrsmld1.lump.cpp
[168/482    0s] MakeLump Library/Bee/artifacts/Android/x6ly2/3zq5egqrsmld3.lump.cpp
[169/482    0s] MakeLump Library/Bee/artifacts/Android/87lik/0tmzctguayw30.lump.cpp
[170/482    0s] MakeLump Library/Bee/artifacts/Android/x6ly2/258hkbd0ictt2.lump.cpp
[171/482    0s] MakeLump Library/Bee/artifacts/Android/x6ly2/6sg1hj2g5cl20.lump.cpp
[172/482    0s] MakeLump Library/Bee/artifacts/Android/x6ly2/258hkbd0ictt0.lump.cpp
[173/482    0s] MakeLump Library/Bee/artifacts/Android/x6ly2/knuqfhgd61vh1.lump.cpp
[174/482    0s] MakeLump Library/Bee/artifacts/Android/87lik/mb1ggn8n1nol7.lump.cpp
[175/482    0s] MakeLump Library/Bee/artifacts/Android/x6ly2/258hkbd0ictt1.lump.cpp
[176/482    0s] MakeLump Library/Bee/artifacts/Android/x6ly2/3zq5egqrsmld2.lump.cpp
[177/482    0s] C_Android_arm32 Library/Bee/artifacts/Android/x6ly2/ehz9u6vqmp92.o
[178/482    1s] C_Android_arm32 Library/Bee/artifacts/Android/x6ly2/bzu4p6ja6xfx.o
[179/482    1s] C_Android_arm64 Library/Bee/artifacts/Android/87lik/pspth8j9d1n6.o
[180/482    1s] C_Android_arm32 Library/Bee/artifacts/Android/x6ly2/sld0td1qumov.o
[181/482    0s] C_Android_arm64 Library/Bee/artifacts/Android/87lik/ct5qp5atuzl9.o
[182/482    1s] C_Android_arm32 Library/Bee/artifacts/Android/x6ly2/t6b4htdxtzns.o
[183/482    5s] C_Android_arm64 Library/Bee/artifacts/Android/87lik/v7p6x335uur1.o
[184/482    2s] C_Android_arm64 Library/Bee/artifacts/Android/87lik/f8k3fy8nzp2s.o
[185/482    0s] C_Android_arm64 Library/Bee/artifacts/Android/87lik/6kfah0dbrz02.o
[186/482    0s] C_Android_arm64 Library/Bee/artifacts/Android/87lik/emsferldacws.o
[187/482    2s] C_Android_arm32 Library/Bee/artifacts/Android/ihupg/1bgn19ejb9z6.o
[188/482    0s] C_Android_arm64 Library/Bee/artifacts/Android/87lik/iukewdld76v9.o
[189/482    1s] C_Android_arm32 Library/Bee/artifacts/Android/x6ly2/ah35l8iaocrh.o
[190/482    0s] C_Android_arm64 Library/Bee/artifacts/Android/87lik/2gmhhlyguhk6.o
[191/482    7s] UnityLinker /__w/avalon-the-waking-gates/avalon-the-waking-gates/unity/Library/Bee/artifacts/unitylinker_xy1a.traceevents
/opt/unity/Editor/Data/il2cpp/build/deploy/UnityLinker --out=Library/Bee/artifacts/Android/ManagedStripped --include-link-xml=/__w/avalon-the-waking-gates/avalon-the-waking-gates/unity/Library/Bee/artifacts/UnityLinkerInputs/TypesInScenes.xml --include-link-xml=/opt/unity/Editor/Data/PlaybackEngines/AndroidPlayer/Tools/AndroidNativeLink.xml --include-directory=/__w/avalon-the-waking-gates/avalon-the-waking-gates/unity/Library/Bee/PlayerScriptAssemblies --include-directory=/opt/unity/Editor/Data/BCLExtensions/runtime/netstandard2.1 --include-directory=/opt/unity/Editor/Data/MonoBleedingEdge/lib/mono/unityaot-linux --include-directory=/opt/unity/Editor/Data/MonoBleedingEdge/lib/mono/unityaot-linux/Facades --include-directory=/opt/unity/Editor/Data/PlaybackEngines/AndroidPlayer/Variations/il2cpp/Managed --profiler-report --profiler-output-file=/__w/avalon-the-waking-gates/avalon-the-waking-gates/unity/Library/Bee/artifacts/unitylinker_xy1a.traceevents --dotnetprofile=unityaot-linux --dotnetruntime=Il2Cpp --architecture=Armv7 --platform=Android --use-editor-options --enable-engine-module-stripping --engine-modules-asset-file=/opt/unity/Editor/Data/PlaybackEngines/AndroidPlayer/modules.asset --editor-data-file=/__w/avalon-the-waking-gates/avalon-the-waking-gates/unity/Library/Bee/artifacts/UnityLinkerInputs/EditorToUnityLinkerData.json --include-unity-root-assembly=/__w/avalon-the-waking-gates/avalon-the-waking-gates/unity/Library/Bee/PlayerScriptAssemblies/Assembly-CSharp.dll --print-command-line --enable-analytics --allowed-assembly=/opt/unity/Editor/Data/BCLExtensions/runtime/netstandard2.1/Microsoft.Bcl.AsyncInterfaces.dll --allowed-assembly=/opt/unity/Editor/Data/BCLExtensions/runtime/netstandard2.1/Microsoft.Extensions.DependencyInjection.Abstractions.dll --allowed-assembly=/opt/unity/Editor/Data/BCLExtensions/runtime/netstandard2.1/Microsoft.Extensions.Logging.Abstractions.dll --allowed-assembly=/opt/unity/Editor/Data/BCLExtensions/runtime/netstandard2.1/System.Collections.Immutable.dll --allowed-assembly=/opt/unity/Editor/Data/BCLExtensions/runtime/netstandard2.1/System.Diagnostics.DiagnosticSource.dll --allowed-assembly=/opt/unity/Editor/Data/BCLExtensions/runtime/netstandard2.1/System.IO.Hashing.dll --allowed-assembly=/opt/unity/Editor/Data/BCLExtensions/runtime/netstandard2.1/System.Reflection.Metadata.dll --allowed-assembly=/opt/unity/Editor/Data/BCLExtensions/runtime/netstandard2.1/System.Runtime.CompilerServices.Unsafe.dll --allowed-assembly=/opt/unity/Editor/Data/BCLExtensions/runtime/netstandard2.1/System.Text.Encodings.Web.dll --allowed-assembly=/opt/unity/Editor/Data/BCLExtensions/runtime/netstandard2.1/System.Text.Json.dll --allowed-assembly=/opt/unity/Editor/Data/MonoBleedingEdge/lib/mono/unityaot-linux/Accessibility.dll --allowed-assembly=/opt/unity/Editor/Data/MonoBleedingEdge/lib/mono/unityaot-linux/I18N.CJK.dll --allowed-assembly=/opt/unity/Editor/Data/MonoBleedingEdge/lib/mono/unityaot-linux/I18N.MidEast.dll --allowed-assembly=/opt/unity/Editor/Data/MonoBleedingEdge/lib/mono/unityaot-linux/I18N.Other.dll --allowed-assembly=/opt/unity/Editor/Data/MonoBleedingEdge/lib/mono/unityaot-linux/I18N.Rare.dll --allowed-assembly=/opt/unity/Editor/Data/MonoBleedingEdge/lib/mono/unityaot-linux/I18N.West.dll --allowed-assembly=/opt/unity/Editor/Data/MonoBleedingEdge/lib/mono/unityaot-linux/I18N.dll --allowed-assembly=/opt/unity/Editor/Data/MonoBleedingEdge/lib/mono/unityaot-linux/Microsoft.CSharp.dll --allowed-assembly=/opt/unity/Editor/Data/MonoBleedingEdge/lib/mono/unityaot-linux/Mono.Data.Sqlite.dll --allowed-assembly=/opt/unity/Editor/Data/MonoBleedingEdge/lib/mono/unityaot-linux/Mono.Data.Tds.dll --allowed-assembly=/opt/unity/Editor/Data/MonoBleedingEdge/lib/mono/unityaot-linux/Mono.Security.dll --allowed-assembly=/opt/unity/Editor/Data/MonoBleedingEdge/lib/mono/unityaot-linux/System.ComponentModel.Composition.dll --allowed-assembly=/opt/unity/Editor/Data/MonoBleedingEdge/lib/mono/unityaot-linux/System.ComponentModel.DataAnnotations.dll --allowed-assembly=/opt/unity/Editor/Data/MonoBleedingEdge/lib/mono/unityaot-linux/System.Configuration.Install.dll --allowed-assembly=/opt/unity/Editor/Data/MonoBleedingEdge/lib/mono/unityaot-linux/System.Configuration.dll --allowed-assembly=/opt/unity/Editor/Data/MonoBleedingEdge/lib/mono/unityaot-linux/System.Core.dll --allowed-assembly=/opt/unity/Editor/Data/MonoBleedingEdge/lib/mono/unityaot-linux/System.Data.DataSetExtensions.dll --allowed-assembly=/opt/unity/Editor/Data/MonoBleedingEdge/lib/mono/unityaot-linux/System.Data.Entity.dll --allowed-assembly=/opt/unity/Editor/Data/MonoBleedingEdge/lib/mono/unityaot-linux/System.Data.Linq.dll --allowed-assembly=/opt/unity/Editor/Data/MonoBleedingEdge/lib/mono/unityaot-linux/System.Data.OracleClient.dll --allowed-assembly=/opt/unity/Editor/Data/MonoBleedingEdge/lib/mono/unityaot-linux/System.Data.Services.Client.dll --allowed-assembly=/opt/unity/Editor/Data/MonoBleedingEdge/lib/mono/unityaot-linux/System.Data.Services.dll --allowed-assembly=/opt/unity/Editor/Data/MonoBleedingEdge/lib/mono/unityaot-linux/System.Data.dll --allowed-assembly=/opt/unity/Editor/Data/MonoBleedingEdge/lib/mono/unityaot-linux/System.Design.dll --allowed-assembly=/opt/unity/Editor/Data/MonoBleedingEdge/lib/mono/unityaot-linux/System.DirectoryServices.Protocols.dll --allowed-assembly=/opt/unity/Editor/Data/MonoBleedingEdge/lib/mono/unityaot-linux/System.DirectoryServices.dll --allowed-assembly=/opt/unity/Editor/Data/MonoBleedingEdge/lib/mono/unityaot-linux/System.Drawing.Design.dll --allowed-assembly=/opt/unity/Editor/Data/MonoBleedingEdge/lib/mono/unityaot-linux/System.Drawing.dll --allowed-assembly=/opt/unity/Editor/Data/MonoBleedingEdge/lib/mono/unityaot-linux/System.EnterpriseServices.dll --allowed-assembly=/opt/unity/Editor/Data/MonoBleedingEdge/lib/mono/unityaot-linux/System.IO.Compression.FileSystem.dll --allowed-assembly=/opt/unity/Editor/Data/MonoBleedingEdge/lib/mono/unityaot-linux/System.IO.Compression.dll --allowed-assembly=/opt/unity/Editor/Data/MonoBleedingEdge/lib/mono/unityaot-linux/System.IdentityModel.Selectors.dll --allowed-assembly=/opt/unity/Editor/Data/MonoBleedingEdge/lib/mono/unityaot-linux/System.IdentityModel.dll --allowed-assembly=/opt/unity/Editor/Data/MonoBleedingEdge/lib/mono/unityaot-linux/System.Json.dll --allowed-assembly=/opt/unity/Editor/Data/MonoBleedingEdge/lib/mono/unityaot-linux/System.Management.dll --allowed-assembly=/opt/unity/Editor/Data/MonoBleedingEdge/lib/mono/unityaot-linux/System.Messaging.dll --allowed-assembly=/opt/unity/Editor/Data/MonoBleedingEdge/lib/mono/unityaot-linux/System.Net.Http.WebRequest.dll --allowed-assembly=/opt/unity/Editor/Data/MonoBleedingEdge/lib/mono/unityaot-linux/System.Net.Http.dll --allowed-assembly=/opt/unity/Editor/Data/MonoBleedingEdge/lib/mono/unityaot-linux/System.Net.dll --allowed-assembly=/opt/unity/Editor/Data/MonoBleedingEdge/lib/mono/unityaot-linux/System.Numerics.Vectors.dll --allowed-assembly=/opt/unity/Editor/Data/MonoBleedingEdge/lib/mono/unityaot-linux/System.Numerics.dll --allowed-assembly=/opt/unity/Editor/Data/MonoBleedingEdge/lib/mono/unityaot-linux/System.Reflection.Context.dll --allowed-assembly=/opt/unity/Editor/Data/MonoBleedingEdge/lib/mono/unityaot-linux/System.Runtime.Caching.dll --allowed-assembly=/opt/unity/Editor/Data/MonoBleedingEdge/lib/mono/unityaot-linux/System.Runtime.DurableInstancing.dll --allowed-assembly=/opt/unity/Editor/Data/MonoBleedingEdge/lib/mono/unityaot-linux/System.Runtime.Remoting.dll --allowed-assembly=/opt/unity/Editor/Data/MonoBleedingEdge/lib/mono/unityaot-linux/System.Runtime.Serialization.Formatters.Soap.dll --allowed-assembly=/opt/unity/Editor/Data/MonoBleedingEdge/lib/mono/unityaot-linux/System.Runtime.Serialization.dll --allowed-assembly=/opt/unity/Editor/Data/MonoBleedingEdge/lib/mono/unityaot-linux/System.Security.dll --allowed-assembly=/opt/unity/Editor/Data/MonoBleedingEdge/lib/mono/unityaot-linux/System.ServiceModel.Activation.dll --allowed-assembly=/opt/unity/Editor/Data/MonoBleedingEdge/lib/mono/unityaot-linux/System.ServiceModel.Discovery.dll --allowed-assembly=/opt/unity/Editor/Data/MonoBleedingEdge/lib/mono/unityaot-linux/System.ServiceModel.Internals.dll --allowed-assembly=/opt/unity/Editor/Data/MonoBleedingEdge/lib/mono/unityaot-linux/System.ServiceModel.Routing.dll --allowed-assembly=/opt/unity/Editor/Data/MonoBleedingEdge/lib/mono/unityaot-linux/System.ServiceModel.Web.dll --allowed-assembly=/opt/unity/Editor/Data/MonoBleedingEdge/lib/mono/unityaot-linux/System.ServiceModel.dll --allowed-assembly=/opt/unity/Editor/Data/MonoBleedingEdge/lib/mono/unityaot-linux/System.ServiceProcess.dll --allowed-assembly=/opt/unity/Editor/Data/MonoBleedingEdge/lib/mono/unityaot-linux/System.Transactions.dll --allowed-assembly=/opt/unity/Editor/Data/MonoBleedingEdge/lib/mono/unityaot-linux/System.Web.ApplicationServices.dll --allowed-assembly=/opt/unity/Editor/Data/MonoBleedingEdge/lib/mono/unityaot-linux/System.Web.DynamicData.dll --allowed-assembly=/opt/unity/Editor/Data/MonoBleedingEdge/lib/mono/unityaot-linux/System.Web.Extensions.Design.dll --allowed-assembly=/opt/unity/Editor/Data/MonoBleedingEdge/lib/mono/unityaot-linux/System.Web.Extensions.dll --allowed-assembly=/opt/unity/Editor/Data/MonoBleedingEdge/lib/mono/unityaot-linux/System.Web.RegularExpressions.dll --allowed-assembly=/opt/unity/Editor/Data/MonoBleedingEdge/lib/mono/unityaot-linux/System.Web.Services.dll --allowed-assembly=/opt/unity/Editor/Data/MonoBleedingEdge/lib/mono/unityaot-linux/System.Web.dll --allowed-assembly=/opt/unity/Editor/Data/MonoBleedingEdge/lib/mono/unityaot-linux/System.Windows.Forms.DataVisualization.dll --allowed-assembly=/opt/unity/Editor/Data/MonoBleedingEdge/lib/mono/unityaot-linux/System.Windows.Forms.dll --allowed-assembly=/opt/unity/Editor/Data/MonoBleedingEdge/lib/mono/unityaot-linux/System.Windows.dll --allowed-assembly=/opt/unity/Editor/Data/MonoBleedingEdge/lib/mono/unityaot-linux/System.Xaml.dll --allowed-assembly=/opt/unity/Editor/Data/MonoBleedingEdge/lib/mono/unityaot-linux/System.Xml.Linq.dll --allowed-assembly=/opt/unity/Editor/Data/MonoBleedingEdge/lib/mono/unityaot-linux/System.Xml.Serialization.dll --allowed-assembly=/opt/unity/Editor/Data/MonoBleedingEdge/lib/mono/unityaot-linux/System.Xml.dll --allowed-assembly=/opt/unity/Editor/Data/MonoBleedingEdge/lib/mono/unityaot-linux/System.dll --allowed-assembly=/opt/unity/Editor/Data/MonoBleedingEdge/lib/mono/unityaot-linux/mscorlib.dll --allowed-assembly=/opt/unity/Editor/Data/MonoBleedingEdge/lib/mono/unityaot-linux/Facades/Microsoft.Win32.Primitives.dll --allowed-assembly=/opt/unity/Editor/Data/MonoBleedingEdge/lib/mono/unityaot-linux/Facades/Microsoft.Win32.Registry.AccessControl.dll --allowed-assembly=/opt/unity/Editor/Data/MonoBleedingEdge/lib/mono/unityaot-linux/Facades/Microsoft.Win32.Registry.dll --allowed-assembly=/opt/unity/Editor/Data/MonoBleedingEdge/lib/mono/unityaot-linux/Facades/System.AppContext.dll --allowed-assembly=/opt/unity/Editor/Data/MonoBleedingEdge/lib/mono/unityaot-linux/Facades/System.Buffers.dll --allowed-assembly=/opt/unity/Editor/Data/MonoBleedingEdge/lib/mono/unityaot-linux/Facades/System.Collections.Concurrent.dll --allowed-assembly=/opt/unity/Editor/Data/MonoBleedingEdge/lib/mono/unityaot-linux/Facades/System.Collections.NonGeneric.dll --allowed-assembly=/opt/unity/Editor/Data/MonoBleedingEdge/lib/mono/unityaot-linux/Facades/System.Collections.Specialized.dll --allowed-assembly=/opt/unity/Editor/Data/MonoBleedingEdge/lib/mono/unityaot-linux/Facades/System.Collections.dll --allowed-assembly=/opt/unity/Editor/Data/MonoBleedingEdge/lib/mono/unityaot-linux/Facades/System.ComponentModel.Annotations.dll --allowed-assembly=/opt/unity/Editor/Data/MonoBleedingEdge/lib/mono/unityaot-linux/Facades/System.ComponentModel.EventBasedAsync.dll --allowed-assembly=/opt/unity/Editor/Data/MonoBleedingEdge/lib/mono/unityaot-linux/Facades/System.ComponentModel.Primitives.dll --allowed-assembly=/opt/unity/Editor/Data/MonoBleedingEdge/lib/mono/unityaot-linux/Facades/System.ComponentModel.TypeConverter.dll --allowed-assembly=/opt/unity/Editor/Data/MonoBleedingEdge/lib/mono/unityaot-linux/Facades/System.ComponentModel.dll --allowed-assembly=/opt/unity/Editor/Data/MonoBleedingEdge/lib/mono/unityaot-linux/Facades/System.Console.dll --allowed-assembly=/opt/unity/Editor/Data/MonoBleedingEdge/lib/mono/unityaot-linux/Facades/System.Data.Common.dll --allowed-assembly=/opt/unity/Editor/Data/MonoBleedingEdge/lib/mono/unityaot-linux/Facades/System.Data.SqlClient.dll --allowed-assembly=/opt/unity/Editor/Data/MonoBleedingEdge/lib/mono/unityaot-linux/Facades/System.Diagnostics.Contracts.dll --allowed-assembly=/opt/unity/Editor/Data/MonoBleedingEdge/lib/mono/unityaot-linux/Facades/System.Diagnostics.Debug.dll --allowed-assembly=/opt/unity/Editor/Data/MonoBleedingEdge/lib/mono/unityaot-linux/Facades/System.Diagnostics.FileVersionInfo.dll --allowed-assembly=/opt/unity/Editor/Data/MonoBleedingEdge/lib/mono/unityaot-linux/Facades/System.Diagnostics.Process.dll --allowed-assembly=/opt/unity/Editor/Data/MonoBleedingEdge/lib/mono/unityaot-linux/Facades/System.Diagnostics.StackTrace.dll --allowed-assembly=/opt/unity/Editor/Data/MonoBleedingEdge/lib/mono/unityaot-linux/Facades/System.Diagnostics.TextWriterTraceListener.dll --allowed-assembly=/opt/unity/Editor/Data/MonoBleedingEdge/lib/mono/unityaot-linux/Facades/System.Diagnostics.Tools.dll --allowed-assembly=/opt/unity/Editor/Data/MonoBleedingEdge/lib/mono/unityaot-linux/Facades/System.Diagnostics.TraceEvent.dll --allowed-assembly=/opt/unity/Editor/Data/MonoBleedingEdge/lib/mono/unityaot-linux/Facades/System.Diagnostics.TraceSource.dll --allowed-assembly=/opt/unity/Editor/Data/MonoBleedingEdge/lib/mono/unityaot-linux/Facades/System.Diagnostics.Tracing.dll --allowed-assembly=/opt/unity/Editor/Data/MonoBleedingEdge/lib/mono/unityaot-linux/Facades/System.Drawing.Primitives.dll --allowed-assembly=/opt/unity/Editor/Data/MonoBleedingEdge/lib/mono/unityaot-linux/Facades/System.Dynamic.Runtime.dll --allowed-assembly=/opt/unity/Editor/Data/MonoBleedingEdge/lib/mono/unityaot-linux/Facades/System.Globalization.Calendars.dll --allowed-assembly=/opt/unity/Editor/Data/MonoBleedingEdge/lib/mono/unityaot-linux/Facades/System.Globalization.Extensions.dll --allowed-assembly=/opt/unity/Editor/Data/MonoBleedingEdge/lib/mono/unityaot-linux/Facades/System.Globalization.dll --allowed-assembly=/opt/unity/Editor/Data/MonoBleedingEdge/lib/mono/unityaot-linux/Facades/System.IO.Compression.ZipFile.dll --allowed-assembly=/opt/unity/Editor/Data/MonoBleedingEdge/lib/mono/unityaot-linux/Facades/System.IO.FileSystem.AccessControl.dll --allowed-assembly=/opt/unity/Editor/Data/MonoBleedingEdge/lib/mono/unityaot-linux/Facades/System.IO.FileSystem.DriveInfo.dll --allowed-assembly=/opt/unity/Editor/Data/MonoBleedingEdge/lib/mono/unityaot-linux/Facades/System.IO.FileSystem.Primitives.dll --allowed-assembly=/opt/unity/Editor/Data/MonoBleedingEdge/lib/mono/unityaot-linux/Facades/System.IO.FileSystem.Watcher.dll --allowed-assembly=/opt/unity/Editor/Data/MonoBleedingEdge/lib/mono/unityaot-linux/Facades/System.IO.FileSystem.dll --allowed-assembly=/opt/unity/Editor/Data/MonoBleedingEdge/lib/mono/unityaot-linux/Facades/System.IO.IsolatedStorage.dll --allowed-assembly=/opt/unity/Editor/Data/MonoBleedingEdge/lib/mono/unityaot-linux/Facades/System.IO.MemoryMappedFiles.dll --allowed-assembly=/opt/unity/Editor/Data/MonoBleedingEdge/lib/mono/unityaot-linux/Facades/System.IO.Pipes.dll --allowed-assembly=/opt/unity/Editor/Data/MonoBleedingEdge/lib/mono/unityaot-linux/Facades/System.IO.UnmanagedMemoryStream.dll --allowed-assembly=/opt/unity/Editor/Data/MonoBleedingEdge/lib/mono/unityaot-linux/Facades/System.IO.dll --allowed-assembly=/opt/unity/Editor/Data/MonoBleedingEdge/lib/mono/unityaot-linux/Facades/System.Linq.Expressions.dll --allowed-assembly=/opt/unity/Editor/Data/MonoBleedingEdge/lib/mono/unityaot-linux/Facades/System.Linq.Parallel.dll --allowed-assembly=/opt/unity/Editor/Data/MonoBleedingEdge/lib/mono/unityaot-linux/Facades/System.Linq.Queryable.dll --allowed-assembly=/opt/unity/Editor/Data/MonoBleedingEdge/lib/mono/unityaot-linux/Facades/System.Linq.dll --allowed-assembly=/opt/unity/Editor/Data/MonoBleedingEdge/lib/mono/unityaot-linux/Facades/System.Memory.dll --allowed-assembly=/opt/unity/Editor/Data/MonoBleedingEdge/lib/mono/unityaot-linux/Facades/System.Net.AuthenticationManager.dll --allowed-assembly=/opt/unity/Editor/Data/MonoBleedingEdge/lib/mono/unityaot-linux/Facades/System.Net.Cache.dll --allowed-assembly=/opt/unity/Editor/Data/MonoBleedingEdge/lib/mono/unityaot-linux/Facades/System.Net.HttpListener.dll --allowed-assembly=/opt/unity/Editor/Data/MonoBleedingEdge/lib/mono/unityaot-linux/Facades/System.Net.Mail.dll --allowed-assembly=/opt/unity/Editor/Data/MonoBleedingEdge/lib/mono/unityaot-linux/Facades/System.Net.NameResolution.dll --allowed-assembly=/opt/unity/Editor/Data/MonoBleedingEdge/lib/mono/unityaot-linux/Facades/System.Net.NetworkInformation.dll --allowed-assembly=/opt/unity/Editor/Data/MonoBleedingEdge/lib/mono/unityaot-linux/Facades/System.Net.Ping.dll --allowed-assembly=/opt/unity/Editor/Data/MonoBleedingEdge/lib/mono/unityaot-linux/Facades/System.Net.Primitives.dll --allowed-assembly=/opt/unity/Editor/Data/MonoBleedingEdge/lib/mono/unityaot-linux/Facades/System.Net.Requests.dll --allowed-assembly=/opt/unity/Editor/Data/MonoBleedingEdge/lib/mono/unityaot-linux/Facades/System.Net.Security.dll --allowed-assembly=/opt/unity/Editor/Data/MonoBleedingEdge/lib/mono/unityaot-linux/Facades/System.Net.ServicePoint.dll --allowed-assembly=/opt/unity/Editor/Data/MonoBleedingEdge/lib/mono/unityaot-linux/Facades/System.Net.Sockets.dll --allowed-assembly=/opt/unity/Editor/Data/MonoBleedingEdge/lib/mono/unityaot-linux/Facades/System.Net.Utilities.dll --allowed-assembly=/opt/unity/Editor/Data/MonoBleedingEdge/lib/mono/unityaot-linux/Facades/System.Net.WebHeaderCollection.dll --allowed-assembly=/opt/unity/Editor/Data/MonoBleedingEdge/lib/mono/unityaot-linux/Facades/System.Net.WebSockets.Client.dll --allowed-assembly=/opt/unity/Editor/Data/MonoBleedingEdge/lib/mono/unityaot-linux/Facades/System.Net.WebSockets.dll --allowed-assembly=/opt/unity/Editor/Data/MonoBleedingEdge/lib/mono/unityaot-linux/Facades/System.ObjectModel.dll --allowed-assembly=/opt/unity/Editor/Data/MonoBleedingEdge/lib/mono/unityaot-linux/Facades/System.Reflection.DispatchProxy.dll --allowed-assembly=/opt/unity/Editor/Data/MonoBleedingEdge/lib/mono/unityaot-linux/Facades/System.Reflection.Emit.ILGeneration.dll --allowed-assembly=/opt/unity/Editor/Data/MonoBleedingEdge/lib/mono/unityaot-linux/Facades/System.Reflection.Emit.Lightweight.dll --allowed-assembly=/opt/unity/Editor/Data/MonoBleedingEdge/lib/mono/unityaot-linux/Facades/System.Reflection.Emit.dll --allowed-assembly=/opt/unity/Editor/Data/MonoBleedingEdge/lib/mono/unityaot-linux/Facades/System.Reflection.Extensions.dll --allowed-assembly=/opt/unity/Editor/Data/MonoBleedingEdge/lib/mono/unityaot-linux/Facades/System.Reflection.Primitives.dll --allowed-assembly=/opt/unity/Editor/Data/MonoBleedingEdge/lib/mono/unityaot-linux/Facades/System.Reflection.TypeExtensions.dll --allowed-assembly=/opt/unity/Editor/Data/MonoBleedingEdge/lib/mono/unityaot-linux/Facades/System.Reflection.dll --allowed-assembly=/opt/unity/Editor/Data/MonoBleedingEdge/lib/mono/unityaot-linux/Facades/System.Resources.Reader.dll --allowed-assembly=/opt/unity/Editor/Data/MonoBleedingEdge/lib/mono/unityaot-linux/Facades/System.Resources.ReaderWriter.dll --allowed-assembly=/opt/unity/Editor/Data/MonoBleedingEdge/lib/mono/unityaot-linux/Facades/System.Resources.ResourceManager.dll --allowed-assembly=/opt/unity/Editor/Data/MonoBleedingEdge/lib/mono/unityaot-linux/Facades/System.Resources.Writer.dll --allowed-assembly=/opt/unity/Editor/Data/MonoBleedingEdge/lib/mono/unityaot-linux/Facades/System.Runtime.CompilerServices.VisualC.dll --allowed-assembly=/opt/unity/Editor/Data/MonoBleedingEdge/lib/mono/unityaot-linux/Facades/System.Runtime.Extensions.dll --allowed-assembly=/opt/unity/Editor/Data/MonoBleedingEdge/lib/mono/unityaot-linux/Facades/System.Runtime.Handles.dll --allowed-assembly=/opt/unity/Editor/Data/MonoBleedingEdge/lib/mono/unityaot-linux/Facades/System.Runtime.InteropServices.RuntimeInformation.dll --allowed-assembly=/opt/unity/Editor/Data/MonoBleedingEdge/lib/mono/unityaot-linux/Facades/System.Runtime.InteropServices.WindowsRuntime.dll --allowed-assembly=/opt/unity/Editor/Data/MonoBleedingEdge/lib/mono/unityaot-linux/Facades/System.Runtime.InteropServices.dll --allowed-assembly=/opt/unity/Editor/Data/MonoBleedingEdge/lib/mono/unityaot-linux/Facades/System.Runtime.Loader.dll --allowed-assembly=/opt/unity/Editor/Data/MonoBleedingEdge/lib/mono/unityaot-linux/Facades/System.Runtime.Numerics.dll --allowed-assembly=/opt/unity/Editor/Data/MonoBleedingEdge/lib/mono/unityaot-linux/Facades/System.Runtime.Serialization.Formatters.dll --allowed-assembly=/opt/unity/Editor/Data/MonoBleedingEdge/lib/mono/unityaot-linux/Facades/System.Runtime.Serialization.Json.dll --allowed-assembly=/opt/unity/Editor/Data/MonoBleedingEdge/lib/mono/unityaot-linux/Facades/System.Runtime.Serialization.Primitives.dll --allowed-assembly=/opt/unity/Editor/Data/MonoBleedingEdge/lib/mono/unityaot-linux/Facades/System.Runtime.Serialization.Xml.dll --allowed-assembly=/opt/unity/Editor/Data/MonoBleedingEdge/lib/mono/unityaot-linux/Facades/System.Runtime.dll --allowed-assembly=/opt/unity/Editor/Data/MonoBleedingEdge/lib/mono/unityaot-linux/Facades/System.Security.AccessControl.dll --allowed-assembly=/opt/unity/Editor/Data/MonoBleedingEdge/lib/mono/unityaot-linux/Facades/System.Security.Claims.dll --allowed-assembly=/opt/unity/Editor/Data/MonoBleedingEdge/lib/mono/unityaot-linux/Facades/System.Security.Cryptography.Algorithms.dll --allowed-assembly=/opt/unity/Editor/Data/MonoBleedingEdge/lib/mono/unityaot-linux/Facades/System.Security.Cryptography.Cng.dll --allowed-assembly=/opt/unity/Editor/Data/MonoBleedingEdge/lib/mono/unityaot-linux/Facades/System.Security.Cryptography.Csp.dll --allowed-assembly=/opt/unity/Editor/Data/MonoBleedingEdge/lib/mono/unityaot-linux/Facades/System.Security.Cryptography.DeriveBytes.dll --allowed-assembly=/opt/unity/Editor/Data/MonoBleedingEdge/lib/mono/unityaot-linux/Facades/System.Security.Cryptography.Encoding.dll --allowed-assembly=/opt/unity/Editor/Data/MonoBleedingEdge/lib/mono/unityaot-linux/Facades/System.Security.Cryptography.Encryption.Aes.dll --allowed-assembly=/opt/unity/Editor/Data/MonoBleedingEdge/lib/mono/unityaot-linux/Facades/System.Security.Cryptography.Encryption.ECDiffieHellman.dll --allowed-assembly=/opt/unity/Editor/Data/MonoBleedingEdge/lib/mono/unityaot-linux/Facades/System.Security.Cryptography.Encryption.ECDsa.dll --allowed-assembly=/opt/unity/Editor/Data/MonoBleedingEdge/lib/mono/unityaot-linux/Facades/System.Security.Cryptography.Encryption.dll --allowed-assembly=/opt/unity/Editor/Data/MonoBleedingEdge/lib/mono/unityaot-linux/Facades/System.Security.Cryptography.Hashing.Algorithms.dll --allowed-assembly=/opt/unity/Editor/Data/MonoBleedingEdge/lib/mono/unityaot-linux/Facades/System.Security.Cryptography.Hashing.dll --allowed-assembly=/opt/unity/Editor/Data/MonoBleedingEdge/lib/mono/unityaot-linux/Facades/System.Security.Cryptography.OpenSsl.dll --allowed-assembly=/opt/unity/Editor/Data/MonoBleedingEdge/lib/mono/unityaot-linux/Facades/System.Security.Cryptography.Pkcs.dll --allowed-assembly=/opt/unity/Editor/Data/MonoBleedingEdge/lib/mono/unityaot-linux/Facades/System.Security.Cryptography.Primitives.dll --allowed-assembly=/opt/unity/Editor/Data/MonoBleedingEdge/lib/mono/unityaot-linux/Facades/System.Security.Cryptography.ProtectedData.dll --allowed-assembly=/opt/unity/Editor/Data/MonoBleedingEdge/lib/mono/unityaot-linux/Facades/System.Security.Cryptography.RSA.dll --allowed-assembly=/opt/unity/Editor/Data/MonoBleedingEdge/lib/mono/unityaot-linux/Facades/System.Security.Cryptography.RandomNumberGenerator.dll --allowed-assembly=/opt/unity/Editor/Data/MonoBleedingEdge/lib/mono/unityaot-linux/Facades/System.Security.Cryptography.X509Certificates.dll --allowed-assembly=/opt/unity/Editor/Data/MonoBleedingEdge/lib/mono/unityaot-linux/Facades/System.Security.Principal.Windows.dll --allowed-assembly=/opt/unity/Editor/Data/MonoBleedingEdge/lib/mono/unityaot-linux/Facades/System.Security.Principal.dll --allowed-assembly=/opt/unity/Editor/Data/MonoBleedingEdge/lib/mono/unityaot-linux/Facades/System.Security.SecureString.dll --allowed-assembly=/opt/unity/Editor/Data/MonoBleedingEdge/lib/mono/unityaot-linux/Facades/System.ServiceModel.Duplex.dll --allowed-assembly=/opt/unity/Editor/Data/MonoBleedingEdge/lib/mono/unityaot-linux/Facades/System.ServiceModel.Http.dll --allowed-assembly=/opt/unity/Editor/Data/MonoBleedingEdge/lib/mono/unityaot-linux/Facades/System.ServiceModel.NetTcp.dll --allowed-assembly=/opt/unity/Editor/Data/MonoBleedingEdge/lib/mono/unityaot-linux/Facades/System.ServiceModel.Primitives.dll --allowed-assembly=/opt/unity/Editor/Data/MonoBleedingEdge/lib/mono/unityaot-linux/Facades/System.ServiceModel.Security.dll --allowed-assembly=/opt/unity/Editor/Data/MonoBleedingEdge/lib/mono/unityaot-linux/Facades/System.ServiceProcess.ServiceController.dll --allowed-assembly=/opt/unity/Editor/Data/MonoBleedingEdge/lib/mono/unityaot-linux/Facades/System.Text.Encoding.CodePages.dll --allowed-assembly=/opt/unity/Editor/Data/MonoBleedingEdge/lib/mono/unityaot-linux/Facades/System.Text.Encoding.Extensions.dll --allowed-assembly=/opt/unity/Editor/Data/MonoBleedingEdge/lib/mono/unityaot-linux/Facades/System.Text.Encoding.dll --allowed-assembly=/opt/unity/Editor/Data/MonoBleedingEdge/lib/mono/unityaot-linux/Facades/System.Text.RegularExpressions.dll --allowed-assembly=/opt/unity/Editor/Data/MonoBleedingEdge/lib/mono/unityaot-linux/Facades/System.Threading.AccessControl.dll --allowed-assembly=/opt/unity/Editor/Data/MonoBleedingEdge/lib/mono/unityaot-linux/Facades/System.Threading.Overlapped.dll --allowed-assembly=/opt/unity/Editor/Data/MonoBleedingEdge/lib/mono/unityaot-linux/Facades/System.Threading.Tasks.Extensions.dll --allowed-assembly=/opt/unity/Editor/Data/MonoBleedingEdge/lib/mono/unityaot-linux/Facades/System.Threading.Tasks.Parallel.dll --allowed-assembly=/opt/unity/Editor/Data/MonoBleedingEdge/lib/mono/unityaot-linux/Facades/System.Threading.Tasks.dll --allowed-assembly=/opt/unity/Editor/Data/MonoBleedingEdge/lib/mono/unityaot-linux/Facades/System.Threading.Thread.dll --allowed-assembly=/opt/unity/Editor/Data/MonoBleedingEdge/lib/mono/unityaot-linux/Facades/System.Threading.ThreadPool.dll --allowed-assembly=/opt/unity/Editor/Data/MonoBleedingEdge/lib/mono/unityaot-linux/Facades/System.Threading.Timer.dll --allowed-assembly=/opt/unity/Editor/Data/MonoBleedingEdge/lib/mono/unityaot-linux/Facades/System.Threading.dll --allowed-assembly=/opt/unity/Editor/Data/MonoBleedingEdge/lib/mono/unityaot-linux/Facades/System.ValueTuple.dll --allowed-assembly=/opt/unity/Editor/Data/MonoBleedingEdge/lib/mono/unityaot-linux/Facades/System.Xml.ReaderWriter.dll --allowed-assembly=/opt/unity/Editor/Data/MonoBleedingEdge/lib/mono/unityaot-linux/Facades/System.Xml.XDocument.dll --allowed-assembly=/opt/unity/Editor/Data/MonoBleedingEdge/lib/mono/unityaot-linux/Facades/System.Xml.XPath.XDocument.dll --allowed-assembly=/opt/unity/Editor/Data/MonoBleedingEdge/lib/mono/unityaot-linux/Facades/System.Xml.XPath.XmlDocument.dll --allowed-assembly=/opt/unity/Editor/Data/MonoBleedingEdge/lib/mono/unityaot-linux/Facades/System.Xml.XPath.dll --allowed-assembly=/opt/unity/Editor/Data/MonoBleedingEdge/lib/mono/unityaot-linux/Facades/System.Xml.XmlDocument.dll --allowed-assembly=/opt/unity/Editor/Data/MonoBleedingEdge/lib/mono/unityaot-linux/Facades/System.Xml.XmlSerializer.dll --allowed-assembly=/opt/unity/Editor/Data/MonoBleedingEdge/lib/mono/unityaot-linux/Facades/System.Xml.Xsl.Primitives.dll --allowed-assembly=/opt/unity/Editor/Data/MonoBleedingEdge/lib/mono/unityaot-linux/Facades/netstandard.dll --allowed-assembly=/opt/unity/Editor/Data/PlaybackEngines/AndroidPlayer/Variations/il2cpp/Managed/Unity.Scripting.dll --allowed-assembly=/opt/unity/Editor/Data/PlaybackEngines/AndroidPlayer/Variations/il2cpp/Managed/UnityEngine.AIModule.dll --allowed-assembly=/opt/unity/Editor/Data/PlaybackEngines/AndroidPlayer/Variations/il2cpp/Managed/UnityEngine.ARModule.dll --allowed-assembly=/opt/unity/Editor/Data/PlaybackEngines/AndroidPlayer/Variations/il2cpp/Managed/UnityEngine.AccessibilityModule.dll --allowed-assembly=/opt/unity/Editor/Data/PlaybackEngines/AndroidPlayer/Variations/il2cpp/Managed/UnityEngine.AdaptivePerformanceModule.dll --allowed-assembly=/opt/unity/Editor/Data/PlaybackEngines/AndroidPlayer/Variations/il2cpp/Managed/UnityEngine.AndroidJNIModule.dll --allowed-assembly=/opt/unity/Editor/Data/PlaybackEngines/AndroidPlayer/Variations/il2cpp/Managed/UnityEngine.AnimationModule.dll --allowed-assembly=/opt/unity/Editor/Data/PlaybackEngines/AndroidPlayer/Variations/il2cpp/Managed/UnityEngine.AssetBundleModule.dll --allowed-assembly=/opt/unity/Editor/Data/PlaybackEngines/AndroidPlayer/Variations/il2cpp/Managed/UnityEngine.AudioModule.dll --allowed-assembly=/opt/unity/Editor/Data/PlaybackEngines/AndroidPlayer/Variations/il2cpp/Managed/UnityEngine.ClothModule.dll --allowed-assembly=/opt/unity/Editor/Data/PlaybackEngines/AndroidPlayer/Variations/il2cpp/Managed/UnityEngine.ContentLoadModule.dll --allowed-assembly=/opt/unity/Editor/Data/PlaybackEngines/AndroidPlayer/Variations/il2cpp/Managed/UnityEngine.CoreModule.dll --allowed-assembly=/opt/unity/Editor/Data/PlaybackEngines/AndroidPlayer/Variations/il2cpp/Managed/UnityEngine.CrashReportingModule.dll --allowed-assembly=/opt/unity/Editor/Data/PlaybackEngines/AndroidPlayer/Variations/il2cpp/Managed/UnityEngine.DSPGraphModule.dll --allowed-assembly=/opt/unity/Editor/Data/PlaybackEngines/AndroidPlayer/Variations/il2cpp/Managed/UnityEngine.DirectorModule.dll --allowed-assembly=/opt/unity/Editor/Data/PlaybackEngines/AndroidPlayer/Variations/il2cpp/Managed/UnityEngine.GIModule.dll --allowed-assembly=/opt/unity/Editor/Data/PlaybackEngines/AndroidPlayer/Variations/il2cpp/Managed/UnityEngine.GameCenterModule.dll --allowed-assembly=/opt/unity/Editor/Data/PlaybackEngines/AndroidPlayer/Variations/il2cpp/Managed/UnityEngine.GraphicsStateCollectionSerializerModule.dll --allowed-assembly=/opt/unity/Editor/Data/PlaybackEngines/AndroidPlayer/Variations/il2cpp/Managed/UnityEngine.GridModule.dll --allowed-assembly=/opt/unity/Editor/Data/PlaybackEngines/AndroidPlayer/Variations/il2cpp/Managed/UnityEngine.HierarchyCoreModule.dll --allowed-assembly=/opt/unity/Editor/Data/PlaybackEngines/AndroidPlayer/Variations/il2cpp/Managed/UnityEngine.HierarchyModule.dll --allowed-assembly=/opt/unity/Editor/Data/PlaybackEngines/AndroidPlayer/Variations/il2cpp/Managed/UnityEngine.HotReloadModule.dll --allowed-assembly=/opt/unity/Editor/Data/PlaybackEngines/AndroidPlayer/Variations/il2cpp/Managed/UnityEngine.IMGUIModule.dll --allowed-assembly=/opt/unity/Editor/Data/PlaybackEngines/AndroidPlayer/Variations/il2cpp/Managed/UnityEngine.IdentifiersModule.dll --allowed-assembly=/opt/unity/Editor/Data/PlaybackEngines/AndroidPlayer/Variations/il2cpp/Managed/UnityEngine.ImageConversionModule.dll --allowed-assembly=/opt/unity/Editor/Data/PlaybackEngines/AndroidPlayer/Variations/il2cpp/Managed/UnityEngine.InputForUIModule.dll --allowed-assembly=/opt/unity/Editor/Data/PlaybackEngines/AndroidPlayer/Variations/il2cpp/Managed/UnityEngine.InputLegacyModule.dll --allowed-assembly=/opt/unity/Editor/Data/PlaybackEngines/AndroidPlayer/Variations/il2cpp/Managed/UnityEngine.InputModule.dll --allowed-assembly=/opt/unity/Editor/Data/PlaybackEngines/AndroidPlayer/Variations/il2cpp/Managed/UnityEngine.InsightsModule.dll --allowed-assembly=/opt/unity/Editor/Data/PlaybackEngines/AndroidPlayer/Variations/il2cpp/Managed/UnityEngine.JSONSerializeModule.dll --allowed-assembly=/opt/unity/Editor/Data/PlaybackEngines/AndroidPlayer/Variations/il2cpp/Managed/UnityEngine.LocalizationModule.dll --allowed-assembly=/opt/unity/Editor/Data/PlaybackEngines/AndroidPlayer/Variations/il2cpp/Managed/UnityEngine.MarshallingModule.dll --allowed-assembly=/opt/unity/Editor/Data/PlaybackEngines/AndroidPlayer/Variations/il2cpp/Managed/UnityEngine.MathematicsModule.dll --allowed-assembly=/opt/unity/Editor/Data/PlaybackEngines/AndroidPlayer/Variations/il2cpp/Managed/UnityEngine.MultiplayerModule.dll --allowed-assembly=/opt/unity/Editor/Data/PlaybackEngines/AndroidPlayer/Variations/il2cpp/Managed/UnityEngine.ParticleSystemModule.dll --allowed-assembly=/opt/unity/Editor/Data/PlaybackEngines/AndroidPlayer/Variations/il2cpp/Managed/UnityEngine.PerformanceReportingModule.dll --allowed-assembly=/opt/unity/Editor/Data/PlaybackEngines/AndroidPlayer/Variations/il2cpp/Managed/UnityEngine.Physics2DModule.dll --allowed-assembly=/opt/unity/Editor/Data/PlaybackEngines/AndroidPlayer/Variations/il2cpp/Managed/UnityEngine.PhysicsBackendPhysXModule.dll --allowed-assembly=/opt/unity/Editor/Data/PlaybackEngines/AndroidPlayer/Variations/il2cpp/Managed/UnityEngine.PhysicsCore2DModule.dll --allowed-assembly=/opt/unity/Editor/Data/PlaybackEngines/AndroidPlayer/Variations/il2cpp/Managed/UnityEngine.PhysicsModule.dll --allowed-assembly=/opt/unity/Editor/Data/PlaybackEngines/AndroidPlayer/Variations/il2cpp/Managed/UnityEngine.PropertiesModule.dll --allowed-assembly=/opt/unity/Editor/Data/PlaybackEngines/AndroidPlayer/Variations/il2cpp/Managed/UnityEngine.RenderAs2DModule.dll --allowed-assembly=/opt/unity/Editor/Data/PlaybackEngines/AndroidPlayer/Variations/il2cpp/Managed/UnityEngine.RuntimeInitializeOnLoadManagerInitializerModule.dll --allowed-assembly=/opt/unity/Editor/Data/PlaybackEngines/AndroidPlayer/Variations/il2cpp/Managed/UnityEngine.ScreenCaptureModule.dll --allowed-assembly=/opt/unity/Editor/Data/PlaybackEngines/AndroidPlayer/Variations/il2cpp/Managed/UnityEngine.ScriptingModule.dll --allowed-assembly=/opt/unity/Editor/Data/PlaybackEngines/AndroidPlayer/Variations/il2cpp/Managed/UnityEngine.ShaderVariantAnalyticsModule.dll --allowed-assembly=/opt/unity/Editor/Data/PlaybackEngines/AndroidPlayer/Variations/il2cpp/Managed/UnityEngine.SharedInternalsModule.dll --allowed-assembly=/opt/unity/Editor/Data/PlaybackEngines/AndroidPlayer/Variations/il2cpp/Managed/UnityEngine.SpriteMaskModule.dll --allowed-assembly=/opt/unity/Editor/Data/PlaybackEngines/AndroidPlayer/Variations/il2cpp/Managed/UnityEngine.SpriteShapeModule.dll --allowed-assembly=/opt/unity/Editor/Data/PlaybackEngines/AndroidPlayer/Variations/il2cpp/Managed/UnityEngine.StreamingModule.dll --allowed-assembly=/opt/unity/Editor/Data/PlaybackEngines/AndroidPlayer/Variations/il2cpp/Managed/UnityEngine.SubstanceModule.dll --allowed-assembly=/opt/unity/Editor/Data/PlaybackEngines/AndroidPlayer/Variations/il2cpp/Managed/UnityEngine.SubsystemsModule.dll --allowed-assembly=/opt/unity/Editor/Data/PlaybackEngines/AndroidPlayer/Variations/il2cpp/Managed/UnityEngine.TLSModule.dll --allowed-assembly=/opt/unity/Editor/Data/PlaybackEngines/AndroidPlayer/Variations/il2cpp/Managed/UnityEngine.TerrainModule.dll --allowed-assembly=/opt/unity/Editor/Data/PlaybackEngines/AndroidPlayer/Variations/il2cpp/Managed/UnityEngine.TerrainPhysicsModule.dll --allowed-assembly=/opt/unity/Editor/Data/PlaybackEngines/AndroidPlayer/Variations/il2cpp/Managed/UnityEngine.TextCoreFontEngineModule.dll --allowed-assembly=/opt/unity/Editor/Data/PlaybackEngines/AndroidPlayer/Variations/il2cpp/Managed/UnityEngine.TextCoreTextEngineModule.dll --allowed-assembly=/opt/unity/Editor/Data/PlaybackEngines/AndroidPlayer/Variations/il2cpp/Managed/UnityEngine.TextRenderingModule.dll --allowed-assembly=/opt/unity/Editor/Data/PlaybackEngines/AndroidPlayer/Variations/il2cpp/Managed/UnityEngine.TilemapModule.dll --allowed-assembly=/opt/unity/Editor/Data/PlaybackEngines/AndroidPlayer/Variations/il2cpp/Managed/UnityEngine.U2DRuntimeModule.dll --allowed-assembly=/opt/unity/Editor/Data/PlaybackEngines/AndroidPlayer/Variations/il2cpp/Managed/UnityEngine.UIElementsModule.dll --allowed-assembly=/opt/unity/Editor/Data/PlaybackEngines/AndroidPlayer/Variations/il2cpp/Managed/UnityEngine.UIModule.dll --allowed-assembly=/opt/unity/Editor/Data/PlaybackEngines/AndroidPlayer/Variations/il2cpp/Managed/UnityEngine.UmbraModule.dll --allowed-assembly=/opt/unity/Editor/Data/PlaybackEngines/AndroidPlayer/Variations/il2cpp/Managed/UnityEngine.UnityAnalyticsCommonModule.dll --allowed-assembly=/opt/unity/Editor/Data/PlaybackEngines/AndroidPlayer/Variations/il2cpp/Managed/UnityEngine.UnityAnalyticsModule.dll --allowed-assembly=/opt/unity/Editor/Data/PlaybackEngines/AndroidPlayer/Variations/il2cpp/Managed/UnityEngine.UnityConnectModule.dll --allowed-assembly=/opt/unity/Editor/Data/PlaybackEngines/AndroidPlayer/Variations/il2cpp/Managed/UnityEngine.UnityConsentModule.dll --allowed-assembly=/opt/unity/Editor/Data/PlaybackEngines/AndroidPlayer/Variations/il2cpp/Managed/UnityEngine.UnityCurlModule.dll --allowed-assembly=/opt/unity/Editor/Data/PlaybackEngines/AndroidPlayer/Variations/il2cpp/Managed/UnityEngine.UnityWebRequestAssetBundleModule.dll --allowed-assembly=/opt/unity/Editor/Data/PlaybackEngines/AndroidPlayer/Variations/il2cpp/Managed/UnityEngine.UnityWebRequestAudioModule.dll --allowed-assembly=/opt/unity/Editor/Data/PlaybackEngines/AndroidPlayer/Variations/il2cpp/Managed/UnityEngine.UnityWebRequestModule.dll --allowed-assembly=/opt/unity/Editor/Data/PlaybackEngines/AndroidPlayer/Variations/il2cpp/Managed/UnityEngine.UnityWebRequestTextureModule.dll --allowed-assembly=/opt/unity/Editor/Data/PlaybackEngines/AndroidPlayer/Variations/il2cpp/Managed/UnityEngine.UnityWebRequestWWWModule.dll --allowed-assembly=/opt/unity/Editor/Data/PlaybackEngines/AndroidPlayer/Variations/il2cpp/Managed/UnityEngine.VFXModule.dll --allowed-assembly=/opt/unity/Editor/Data/PlaybackEngines/AndroidPlayer/Variations/il2cpp/Managed/UnityEngine.VectorGraphicsModule.dll --allowed-assembly=/opt/unity/Editor/Data/PlaybackEngines/AndroidPlayer/Variations/il2cpp/Managed/UnityEngine.VehiclesModule.dll --allowed-assembly=/opt/unity/Editor/Data/PlaybackEngines/AndroidPlayer/Variations/il2cpp/Managed/UnityEngine.VideoModule.dll --allowed-assembly=/opt/unity/Editor/Data/PlaybackEngines/AndroidPlayer/Variations/il2cpp/Managed/UnityEngine.WindModule.dll --allowed-assembly=/opt/unity/Editor/Data/PlaybackEngines/AndroidPlayer/Variations/il2cpp/Managed/UnityEngine.XRModule.dll --allowed-assembly=/opt/unity/Editor/Data/PlaybackEngines/AndroidPlayer/Variations/il2cpp/Managed/UnityEngine.dll --allowed-assembly=/__w/avalon-the-waking-gates/avalon-the-waking-gates/unity/Library/Bee/PlayerScriptAssemblies/Assembly-CSharp.dll --allowed-assembly=/__w/avalon-the-waking-gates/avalon-the-waking-gates/unity/Library/Bee/PlayerScriptAssemblies/Unity.InternalAPIEngineBridge.004.dll --allowed-assembly=/__w/avalon-the-waking-gates/avalon-the-waking-gates/unity/Library/Bee/PlayerScriptAssemblies/Unity.TextMeshPro.dll --allowed-assembly=/__w/avalon-the-waking-gates/avalon-the-waking-gates/unity/Library/Bee/PlayerScriptAssemblies/UnityEngine.UI.dll
[192/482    2s] C_Android_arm32 Library/Bee/artifacts/Android/x6ly2/sm65dgrsczgs.o
[193/482    1s] C_Android_arm32 Library/Bee/artifacts/Android/x6ly2/ifw1qxq38e64.o
[194/482    0s] C_Android_arm64 Library/Bee/artifacts/Android/87lik/fg1d5f55nqix.o
[195/482    0s] C_Android_arm64 Library/Bee/artifacts/Android/87lik/hpzx61c23ju5.o
[196/482    0s] C_Android_arm32 Library/Bee/artifacts/Android/4qqi9/v5mxbcd1pb8l.o
[197/482    0s] C_Android_arm64 Library/Bee/artifacts/Android/87lik/fknr40yi5cjw.o
[198/482    0s] C_Android_arm64 Library/Bee/artifacts/Android/87lik/l6m9zlux4zau.o
[199/482    0s] C_Android_arm64 Library/Bee/artifacts/Android/87lik/1ydm5qlishqd.o
[200/482    1s] C_Android_arm32 Library/Bee/artifacts/Android/x6ly2/6kdw7c8qm86p.o
[201/482    1s] C_Android_arm64 Library/Bee/artifacts/Android/87lik/w96yf1y9taen.o
[202/482    0s] C_Android_arm32 Library/Bee/artifacts/Android/x6ly2/cnywat4ye43e.o
[203/482    2s] C_Android_arm32 Library/Bee/artifacts/Android/x6ly2/bvzyerj1e8fm.o
[204/482    0s] C_Android_arm32 Library/Bee/artifacts/Android/x6ly2/zu2wwpoh8iuu.o
[205/482    0s] C_Android_arm64 Library/Bee/artifacts/Android/zz99l/8ffen8kz2tx9.o
[206/482    0s] C_Android_arm64 Library/Bee/artifacts/Android/87lik/dyhhyz28cljj.o
[207/482    0s] C_Android_arm32 Library/Bee/artifacts/Android/x6ly2/b5mqiiwug4gp.o
[208/482    0s] C_Android_arm32 Library/Bee/artifacts/Android/4qqi9/8vmyepj20nq3.o
[209/482    0s] C_Android_arm64 Library/Bee/artifacts/Android/87lik/fsjem05bvevz.o
[210/482    0s] C_Android_arm32 Library/Bee/artifacts/Android/x6ly2/hkek5rrjiheg.o
[211/482    0s] C_Android_arm64 Library/Bee/artifacts/Android/87lik/eao6869se0o4.o
[212/482    1s] C_Android_arm64 Library/Bee/artifacts/Android/87lik/8a7xl4xm2uc1.o
[213/482    1s] C_Android_arm64 Library/Bee/artifacts/Android/87lik/y3zo6nqshhky.o
[214/482    0s] C_Android_arm32 Library/Bee/artifacts/Android/x6ly2/v57yosvlpvnc.o
[215/482    0s] C_Android_arm64 Library/Bee/artifacts/Android/87lik/j04cz8ppuc6r.o
[216/482    1s] C_Android_arm32 Library/Bee/artifacts/Android/x6ly2/y4bjq6wbxzdu.o
[217/482    1s] C_Android_arm64 Library/Bee/artifacts/Android/87lik/la63ie5vrlzh.o
[218/482    1s] C_Android_arm64 Library/Bee/artifacts/Android/87lik/l2kwpvaa9ur5.o
[219/482    1s] C_Android_arm64 Library/Bee/artifacts/Android/dqdht/1bgn19ejb9z6.o
[220/482    0s] C_Android_arm64 Library/Bee/artifacts/Android/87lik/1yngna71hz7j.o
[221/482    0s] C_Android_arm64 Library/Bee/artifacts/Android/87lik/sfmd1kbklqmj.o
[222/482    1s] C_Android_arm64 Library/Bee/artifacts/Android/87lik/irvlh66rv5in.o
[223/482    1s] C_Android_arm64 Library/Bee/artifacts/Android/87lik/fcg9qd9wqf23.o
[224/482    1s] C_Android_arm32 Library/Bee/artifacts/Android/x6ly2/uqek5g15wzxr.o
[225/482    0s] C_Android_arm32 Library/Bee/artifacts/Android/x6ly2/l3cz3cw0pakz.o
[226/482    0s] C_Android_arm64 Library/Bee/artifacts/Android/87lik/9hqndddbpxe8.o
[227/482    0s] C_Android_arm32 Library/Bee/artifacts/Android/x6ly2/56qhh4bd4vdo.o
[228/482    2s] C_Android_arm32 Library/Bee/artifacts/Android/x6ly2/h7p5237b8e60.o
[229/482    0s] C_Android_arm64 Library/Bee/artifacts/Android/87lik/vywv2s9nh62d.o
[230/482    0s] C_Android_arm64 Library/Bee/artifacts/Android/87lik/e8qc668dn8td.o
[231/482    0s] C_Android_arm64 Library/Bee/artifacts/Android/87lik/dkz4pt9r3bwe.o
[232/482    0s] C_Android_arm64 Library/Bee/artifacts/Android/87lik/fi8ujplh1l3v.o
[233/482    0s] C_Android_arm32 Library/Bee/artifacts/Android/4qqi9/d19p9kvumrro.o
[234/482    0s] C_Android_arm64 Library/Bee/artifacts/Android/87lik/6fi3yapk0f3i.o
[235/482    0s] C_Android_arm32 Library/Bee/artifacts/Android/x6ly2/dgdk97iaqyis.o
[236/482    1s] C_Android_arm64 Library/Bee/artifacts/Android/87lik/3li9lgzr6c7n.o
[237/482    1s] C_Android_arm64 Library/Bee/artifacts/Android/87lik/j96nqwhmxgch.o
[238/482    0s] C_Android_arm32 Library/Bee/artifacts/Android/x6ly2/lci3brsp1pe6.o
[239/482    1s] C_Android_arm64 Library/Bee/artifacts/Android/87lik/msh6r4fqtwsb.o
[240/482    1s] C_Android_arm64 Library/Bee/artifacts/Android/87lik/dfvc37cki6mz.o
[241/482    0s] C_Android_arm32 Library/Bee/artifacts/Android/x6ly2/uxrqwp1v2n8v.o
[242/482    0s] C_Android_arm32 Library/Bee/artifacts/Android/x6ly2/avktbfdsw511.o
[243/482    0s] C_Android_arm64 Library/Bee/artifacts/Android/zz99l/zlifvt5v47ej.o
[244/482    1s] C_Android_arm64 Library/Bee/artifacts/Android/87lik/3r4akaakzvph.o
[245/482    0s] C_Android_arm32 Library/Bee/artifacts/Android/4qqi9/d1qce63ovwp5.o
[246/482    1s] C_Android_arm32 Library/Bee/artifacts/Android/x6ly2/swlueu9m9srg.o
[247/482    0s] C_Android_arm64 Library/Bee/artifacts/Android/87lik/fs586o5pjm1k.o
[248/482    0s] C_Android_arm64 Library/Bee/artifacts/Android/87lik/7laf58qb6vf5.o
[249/482    0s] C_Android_arm64 Library/Bee/artifacts/Android/zz99l/d1qce63ovwp5.o
[250/482    0s] C_Android_arm32 Library/Bee/artifacts/Android/x6ly2/iboisa0thm41.o
[251/482    0s] C_Android_arm64 Library/Bee/artifacts/Android/87lik/et9kagx2j3ue.o
[252/482    0s] C_Android_arm64 Library/Bee/artifacts/Android/87lik/elexj40p437c.o
[253/482    0s] C_Android_arm64 Library/Bee/artifacts/Android/87lik/47329st7o72g.o
[254/482    1s] C_Android_arm32 Library/Bee/artifacts/Android/x6ly2/3r4akaakzvph.o
[255/482    0s] C_Android_arm32 Library/Bee/artifacts/Android/x6ly2/dmgxcvv6m97l.o
[256/482    0s] C_Android_arm32 Library/Bee/artifacts/Android/x6ly2/f3aq6hjriuho.o
[257/482    0s] C_Android_arm64 Library/Bee/artifacts/Android/87lik/qh7ctn08t1ld.o
[258/482    0s] C_Android_arm32 Library/Bee/artifacts/Android/4qqi9/28sn9is3k0zl.o
[259/482    0s] C_Android_arm32 Library/Bee/artifacts/Android/x6ly2/t4b6m2my7v71.o
[260/482    0s] C_Android_arm32 Library/Bee/artifacts/Android/x6ly2/8a2cyr4r0asl.o
[261/482    0s] C_Android_arm32 Library/Bee/artifacts/Android/4qqi9/7oo53br0shsb.o
[262/482    0s] C_Android_arm32 Library/Bee/artifacts/Android/4qqi9/gdrjynv9k0lt.o
[263/482    0s] C_Android_arm64 Library/Bee/artifacts/Android/dqdht/mrf0m3dr3sn7.o
[264/482    0s] C_Android_arm32 Library/Bee/artifacts/Android/x6ly2/ba00iqjdutqm.o
[265/482    0s] C_Android_arm32 Library/Bee/artifacts/Android/x6ly2/dyhhyz28cljj.o
[266/482    1s] C_Android_arm64 Library/Bee/artifacts/Android/87lik/vvmnmh5h40wh.o
[267/482    0s] C_Android_arm32 Library/Bee/artifacts/Android/4qqi9/zlifvt5v47ej.o
[268/482    0s] C_Android_arm32 Library/Bee/artifacts/Android/x6ly2/hpzx61c23ju5.o
[269/482    5s] C_Android_arm64 Library/Bee/artifacts/Android/87lik/hg1jffaggfq6.o
[270/482    0s] C_Android_arm64 Library/Bee/artifacts/Android/zz99l/mmbok46qxi1r.o
[271/482    0s] C_Android_arm32 Library/Bee/artifacts/Android/x6ly2/kpxi97rxg6y0.o
[272/482    1s] C_Android_arm64 Library/Bee/artifacts/Android/87lik/zh9mwsohbkrw.o
[273/482    0s] C_Android_arm32 Library/Bee/artifacts/Android/x6ly2/eox8jquyckxj.o
[274/482    0s] C_Android_arm64 Library/Bee/artifacts/Android/87lik/cpaleqak39ly.o
[275/482    0s] C_Android_arm64 Library/Bee/artifacts/Android/zz99l/d19p9kvumrro.o
[276/482    2s] C_Android_arm64 Library/Bee/artifacts/Android/87lik/wzrafngfxg3y.o
[277/482    1s] C_Android_arm32 Library/Bee/artifacts/Android/x6ly2/2rloxyvvsgy8.o
[278/482    2s] C_Android_arm32 Library/Bee/artifacts/Android/x6ly2/lxcp7wi2uy3s.o
[279/482    0s] C_Android_arm32 Library/Bee/artifacts/Android/x6ly2/47329st7o72g.o
[280/482    0s] C_Android_arm64 Library/Bee/artifacts/Android/87lik/kpxi97rxg6y0.o
[281/482    0s] C_Android_arm64 Library/Bee/artifacts/Android/87lik/t3j11q2mlesr.o
[282/482    0s] C_Android_arm32 Library/Bee/artifacts/Android/ihupg/mrf0m3dr3sn7.o
[283/482    0s] C_Android_arm64 Library/Bee/artifacts/Android/87lik/iboisa0thm41.o
[284/482    0s] C_Android_arm32 Library/Bee/artifacts/Android/x6ly2/pu603yejeej0.o
[285/482    0s] C_Android_arm64 Library/Bee/artifacts/Android/87lik/8syaowilg1nz.o
[286/482    0s] C_Android_arm32 Library/Bee/artifacts/Android/4qqi9/8ffen8kz2tx9.o
[287/482    0s] C_Android_arm32 Library/Bee/artifacts/Android/4qqi9/z7zeuopx6tao.o
[288/482    0s] C_Android_arm64 Library/Bee/artifacts/Android/87lik/8vzsn35ucd6j.o
[289/482    0s] C_Android_arm32 Library/Bee/artifacts/Android/x6ly2/vvmnmh5h40wh.o
[290/482    0s] C_Android_arm64 Library/Bee/artifacts/Android/zz99l/v5mxbcd1pb8l.o
[291/482    0s] C_Android_arm32 Library/Bee/artifacts/Android/x6ly2/dkz4pt9r3bwe.o
[292/482    0s] C_Android_arm64 Library/Bee/artifacts/Android/87lik/vz7xv15orp61.o
[293/482    1s] C_Android_arm32 Library/Bee/artifacts/Android/x6ly2/vz7xv15orp61.o
[294/482    1s] C_Android_arm32 Library/Bee/artifacts/Android/x6ly2/fwljppszczpa.o
[295/482    0s] C_Android_arm32 Library/Bee/artifacts/Android/x6ly2/vs23g2ds6vzs.o
[296/482    0s] C_Android_arm64 Library/Bee/artifacts/Android/87lik/cwyvrp30x05a.o
[297/482    0s] C_Android_arm64 Library/Bee/artifacts/Android/87lik/ycxj8hjb4624.o
[298/482    0s] C_Android_arm32 Library/Bee/artifacts/Android/x6ly2/emsferldacws.o
[299/482    2s] C_Android_arm64 Library/Bee/artifacts/Android/87lik/r7w2n2bxghdn.o
[300/482    0s] C_Android_arm64 Library/Bee/artifacts/Android/zz99l/e6i1wxrarv7v.o
[301/482    1s] C_Android_arm32 Library/Bee/artifacts/Android/x6ly2/bpa55bidyqk6.o
[302/482    0s] C_Android_arm64 Library/Bee/artifacts/Android/87lik/vs23g2ds6vzs.o
[303/482    0s] C_Android_arm64 Library/Bee/artifacts/Android/87lik/56qhh4bd4vdo.o
[304/482    1s] C_Android_arm64 Library/Bee/artifacts/Android/87lik/kzb2gn8jcv60.o
[305/482    0s] C_Android_arm64 Library/Bee/artifacts/Android/87lik/t4b6m2my7v71.o
[306/482    0s] C_Android_arm64 Library/Bee/artifacts/Android/87lik/lci3brsp1pe6.o
[307/482    1s] C_Android_arm32 Library/Bee/artifacts/Android/x6ly2/u5cmfax4y4ac.o
[308/482    0s] C_Android_arm32 Library/Bee/artifacts/Android/x6ly2/m0jbm20f2v7w.o
[309/482    0s] C_Android_arm32 Library/Bee/artifacts/Android/x6ly2/v4nivlzuq24p.o
[310/482    1s] C_Android_arm32 Library/Bee/artifacts/Android/x6ly2/ycxj8hjb4624.o
[311/482    2s] C_Android_arm32 Library/Bee/artifacts/Android/x6ly2/2gsqn2h6knmf.o
[312/482    0s] C_Android_arm64 Library/Bee/artifacts/Android/87lik/ba00iqjdutqm.o
[313/482    0s] C_Android_arm64 Library/Bee/artifacts/Android/zz99l/9bdtgs5avht6.o
[314/482    3s] C_Android_arm64 Library/Bee/artifacts/Android/87lik/dh9iasvh359q.o
[315/482    1s] C_Android_arm32 Library/Bee/artifacts/Android/x6ly2/j50fhoh1nt0o.o
[316/482    0s] C_Android_arm64 Library/Bee/artifacts/Android/87lik/zjkpcozwrslt.o
[317/482    2s] C_Android_arm32 Library/Bee/artifacts/Android/x6ly2/93ne9k6uionk.o
[318/482    0s] C_Android_arm32 Library/Bee/artifacts/Android/x6ly2/t3j11q2mlesr.o
[319/482    0s] C_Android_arm64 Library/Bee/artifacts/Android/87lik/v25oyct8kt1p.o
[320/482    2s] C_Android_arm64 Library/Bee/artifacts/Android/87lik/6tdvo96s548l.o
[321/482    0s] C_Android_arm64 Library/Bee/artifacts/Android/zz99l/7oo53br0shsb.o
[322/482    3s] C_Android_arm64 Library/Bee/artifacts/Android/87lik/5ruhz4uxrinb.o
[323/482    0s] C_Android_arm32 Library/Bee/artifacts/Android/x6ly2/l6m9zlux4zau.o
[324/482    0s] C_Android_arm64 Library/Bee/artifacts/Android/87lik/yb1kynhsmvqm.o
[325/482    1s] C_Android_arm64 Library/Bee/artifacts/Android/87lik/nimkiv6n8anv.o
[326/482    0s] C_Android_arm64 Library/Bee/artifacts/Android/87lik/zit3pzk89caj.o
[327/482    0s] C_Android_arm32 Library/Bee/artifacts/Android/x6ly2/qh7ctn08t1ld.o
[328/482    0s] C_Android_arm64 Library/Bee/artifacts/Android/87lik/hkek5rrjiheg.o
[329/482    1s] C_Android_arm64 Library/Bee/artifacts/Android/87lik/xjx8i02jehaz.o
[330/482    0s] C_Android_arm32 Library/Bee/artifacts/Android/x6ly2/pw6towxowgtf.o
[331/482    0s] C_Android_arm64 Library/Bee/artifacts/Android/87lik/538gyigvqqe2.o
[332/482    0s] C_Android_arm32 Library/Bee/artifacts/Android/x6ly2/7dsj6rm2x2l3.o
[333/482    0s] C_Android_arm64 Library/Bee/artifacts/Android/87lik/3lwaxxmehi4k.o
[334/482    1s] C_Android_arm64 Library/Bee/artifacts/Android/87lik/payt837ofgqz.o
[335/482    0s] C_Android_arm32 Library/Bee/artifacts/Android/x6ly2/t1vrea8i6fg4.o
[336/482    0s] C_Android_arm64 Library/Bee/artifacts/Android/87lik/37n1xwd4s0g1.o
[337/482    1s] C_Android_arm32 Library/Bee/artifacts/Android/x6ly2/z8w4k994lvkh.o
[338/482    0s] C_Android_arm32 Library/Bee/artifacts/Android/x6ly2/ljqqy5nt4sji.o
[339/482    0s] C_Android_arm64 Library/Bee/artifacts/Android/87lik/pgy34jlnas65.o
[340/482    0s] C_Android_arm32 Library/Bee/artifacts/Android/x6ly2/z8a6vqxrw0he.o
[341/482    0s] C_Android_arm64 Library/Bee/artifacts/Android/87lik/ipye92o37dxy.o
[342/482    0s] C_Android_arm64 Library/Bee/artifacts/Android/87lik/75e1aaq6ud9f.o
[343/482    0s] C_Android_arm64 Library/Bee/artifacts/Android/87lik/8a2cyr4r0asl.o
[344/482    0s] C_Android_arm32 Library/Bee/artifacts/Android/x6ly2/eeahgzh5aowg.o
[345/482    0s] C_Android_arm64 Library/Bee/artifacts/Android/87lik/f2v96i7zi86c.o
[346/482    0s] C_Android_arm32 Library/Bee/artifacts/Android/x6ly2/9hqndddbpxe8.o
[347/482    0s] C_Android_arm64 Library/Bee/artifacts/Android/87lik/htyoaf8wag5y.o
[348/482    6s] C_Android_arm32 Library/Bee/artifacts/Android/x6ly2/d3ffe8ktvx3z.o
[349/482    1s] C_Android_arm32 Library/Bee/artifacts/Android/x6ly2/fnj8x1029ujl.o
[350/482    1s] C_Android_arm32 Library/Bee/artifacts/Android/x6ly2/gmqxfgjxrdku.o
[351/482    0s] C_Android_arm32 Library/Bee/artifacts/Android/x6ly2/hpzroolnod5y.o
[352/482    0s] C_Android_arm32 Library/Bee/artifacts/Android/x6ly2/8idrqieedjj4.o
[353/482    0s] C_Android_arm32 Library/Bee/artifacts/Android/x6ly2/3stw920jawm9.o
[354/482    0s] C_Android_arm32 Library/Bee/artifacts/Android/x6ly2/bfy9ktgpax8s.o
[355/482    0s] C_Android_arm32 Library/Bee/artifacts/Android/x6ly2/8vzsn35ucd6j.o
[356/482    0s] C_Android_arm64 Library/Bee/artifacts/Android/87lik/euoanf8w8tdo.o
[357/482    1s] C_Android_arm32 Library/Bee/artifacts/Android/x6ly2/nubymvmawzqg.o
[358/482    0s] C_Android_arm32 Library/Bee/artifacts/Android/x6ly2/qe2y2yi50w4o.o
[359/482    0s] C_Android_arm64 Library/Bee/artifacts/Android/zz99l/gdrjynv9k0lt.o
[360/482    0s] C_Android_arm64 Library/Bee/artifacts/Android/87lik/g0j1b0tlzlql.o
[361/482    1s] C_Android_arm32 Library/Bee/artifacts/Android/x6ly2/8fkmoyl69hz2.o
[362/482    0s] C_Android_arm64 Library/Bee/artifacts/Android/87lik/pwbvzcdgpa6o.o
[363/482    1s] C_Android_arm64 Library/Bee/artifacts/Android/87lik/wyy4ukqdf4a2.o
[364/482    0s] C_Android_arm32 Library/Bee/artifacts/Android/4qqi9/5imsk6bj8m4c.o
[365/482    2s] C_Android_arm32 Library/Bee/artifacts/Android/x6ly2/wpmmj1b1pf4m.o
[366/482    2s] C_Android_arm64 Library/Bee/artifacts/Android/87lik/027qk80naxqt.o
[367/482    0s] C_Android_arm32 Library/Bee/artifacts/Android/x6ly2/ax217zk6ti2x.o
[368/482    0s] C_Android_arm64 Library/Bee/artifacts/Android/87lik/yn7jxr91n9nu.o
[369/482    0s] C_Android_arm32 Library/Bee/artifacts/Android/x6ly2/7laf58qb6vf5.o
[370/482    0s] C_Android_arm64 Library/Bee/artifacts/Android/zz99l/5imsk6bj8m4c.o
[371/482    0s] C_Android_arm64 Library/Bee/artifacts/Android/87lik/e85xcm2ehno8.o
[372/482    0s] C_Android_arm32 Library/Bee/artifacts/Android/x6ly2/l5bfveghtmbm.o
[373/482    0s] C_Android_arm32 Library/Bee/artifacts/Android/x6ly2/6kfah0dbrz02.o
[374/482    0s] C_Android_arm64 Library/Bee/artifacts/Android/87lik/jgwu7o8d3b4u.o
[375/482    0s] C_Android_arm32 Library/Bee/artifacts/Android/x6ly2/v25oyct8kt1p.o
[376/482    1s] C_Android_arm32 Library/Bee/artifacts/Android/x6ly2/uamfwkkf3r1n.o
[377/482    4s] C_Android_arm64 Library/Bee/artifacts/Android/87lik/y498809ajl4f.o
[378/482    0s] C_Android_arm64 Library/Bee/artifacts/Android/87lik/yh9uip03fm4s.o
[379/482    0s] C_Android_arm64 Library/Bee/artifacts/Android/87lik/dmgxcvv6m97l.o
[380/482    0s] C_Android_arm64 Library/Bee/artifacts/Android/87lik/qe2y2yi50w4o.o
[381/482    0s] C_Android_arm32 Library/Bee/artifacts/Android/x6ly2/yh9uip03fm4s.o
[382/482    5s] C_Android_arm32 Library/Bee/artifacts/Android/x6ly2/ru41wwejad5u.o
[383/482    0s] C_Android_arm32 Library/Bee/artifacts/Android/4qqi9/e6i1wxrarv7v.o
[384/482    0s] C_Android_arm64 Library/Bee/artifacts/Android/87lik/txw6eya2nak8.o
[385/482    0s] C_Android_arm32 Library/Bee/artifacts/Android/x6ly2/2gmhhlyguhk6.o
[386/482    0s] C_Android_arm64 Library/Bee/artifacts/Android/87lik/fcz833fswctj.o
[387/482    1s] C_Android_arm64 Library/Bee/artifacts/Android/87lik/2hxnrdmyhh00.o
[388/482    0s] C_Android_arm32 Library/Bee/artifacts/Android/x6ly2/fg1d5f55nqix.o
[389/482    0s] C_Android_arm64 Library/Bee/artifacts/Android/87lik/yadvxwqin5u2.o
[390/482    1s] C_Android_arm32 Library/Bee/artifacts/Android/x6ly2/5z28oagah329.o
[391/482    0s] C_Android_arm32 Library/Bee/artifacts/Android/x6ly2/hxkzh7f963cb.o
[392/482    0s] C_Android_arm32 Library/Bee/artifacts/Android/x6ly2/8syaowilg1nz.o
[393/482    1s] C_Android_arm32 Library/Bee/artifacts/Android/x6ly2/lf4og1umtj1z.o
[394/482    0s] C_Android_arm32 Library/Bee/artifacts/Android/x6ly2/1qncxbr858rv.o
[395/482    0s] C_Android_arm64 Library/Bee/artifacts/Android/zz99l/28sn9is3k0zl.o
[396/482    0s] C_Android_arm32 Library/Bee/artifacts/Android/x6ly2/8bpgdjlxiszr.o
[397/482    0s] C_Android_arm64 Library/Bee/artifacts/Android/zz99l/8vmyepj20nq3.o
[398/482    0s] C_Android_arm64 Library/Bee/artifacts/Android/87lik/i1idlxjlx1jq.o
[399/482    0s] C_Android_arm32 Library/Bee/artifacts/Android/x6ly2/1yngna71hz7j.o
[400/482    0s] C_Android_arm32 Library/Bee/artifacts/Android/x6ly2/fknr40yi5cjw.o
[401/482    0s] C_Android_arm32 Library/Bee/artifacts/Android/x6ly2/6fi3yapk0f3i.o
[402/482    0s] C_Android_arm32 Library/Bee/artifacts/Android/x6ly2/1ydm5qlishqd.o
[403/482    0s] C_Android_arm32 Library/Bee/artifacts/Android/x6ly2/txw6eya2nak8.o
[404/482    2s] C_Android_arm64 Library/Bee/artifacts/Android/87lik/ayy08jxd7ptw.o
[405/482    0s] C_Android_arm32 Library/Bee/artifacts/Android/x6ly2/o208zdmx08zc.o
[406/482    0s] C_Android_arm32 Library/Bee/artifacts/Android/4qqi9/9bdtgs5avht6.o
[407/482    0s] C_Android_arm64 Library/Bee/artifacts/Android/87lik/9codqh5w1kpg.o
[408/482    0s] C_Android_arm32 Library/Bee/artifacts/Android/x6ly2/e8qc668dn8td.o
[409/482    0s] C_Android_arm32 Library/Bee/artifacts/Android/x6ly2/08l68qzopzdk.o
[410/482    0s] C_Android_arm64 Library/Bee/artifacts/Android/87lik/m0jbm20f2v7w.o
[411/482    0s] C_Android_arm64 Library/Bee/artifacts/Android/87lik/t1vrea8i6fg4.o
[412/482    0s] C_Android_arm32 Library/Bee/artifacts/Android/x6ly2/yb1kynhsmvqm.o
[413/482    0s] C_Android_arm32 Library/Bee/artifacts/Android/x6ly2/4xltkx8zhdqu.o
[414/482    0s] C_Android_arm64 Library/Bee/artifacts/Android/87lik/l5bfveghtmbm.o
[415/482    0s] C_Android_arm32 Library/Bee/artifacts/Android/x6ly2/gxkn0ibmsv57.o
[416/482    0s] C_Android_arm32 Library/Bee/artifacts/Android/x6ly2/elexj40p437c.o
[417/482    0s] C_Android_arm32 Library/Bee/artifacts/Android/x6ly2/0p6zqjexyngk.o
[418/482    0s] C_Android_arm32 Library/Bee/artifacts/Android/x6ly2/dfvc37cki6mz.o
[419/482    0s] C_Android_arm64 Library/Bee/artifacts/Android/87lik/646sy5kidykf.o
[420/482    0s] C_Android_arm64 Library/Bee/artifacts/Android/87lik/gxkn0ibmsv57.o
[421/482    4s] C_Android_arm32 Library/Bee/artifacts/Android/x6ly2/ak5wc0mpzhn5.o
[422/482    0s] C_Android_arm32 Library/Bee/artifacts/Android/x6ly2/ipye92o37dxy.o
[423/482    0s] C_Android_arm64 Library/Bee/artifacts/Android/87lik/08l68qzopzdk.o
[424/482    0s] C_Android_arm64 Library/Bee/artifacts/Android/87lik/pu603yejeej0.o
[425/482    0s] C_Android_arm64 Library/Bee/artifacts/Android/87lik/0p6zqjexyngk.o
[426/482    0s] C_Android_arm32 Library/Bee/artifacts/Android/x6ly2/fcz833fswctj.o
[427/482    0s] C_Android_arm64 Library/Bee/artifacts/Android/zz99l/z7zeuopx6tao.o
[428/482    0s] C_Android_arm32 Library/Bee/artifacts/Android/4qqi9/mmbok46qxi1r.o
[429/482    1s] C_Android_arm32 Library/Bee/artifacts/Android/x6ly2/v6ykbhaa7azm.o
[430/482    0s] C_Android_arm32 Library/Bee/artifacts/Android/x6ly2/fs586o5pjm1k.o
[431/482    0s] C_Android_arm32 Library/Bee/artifacts/Android/x6ly2/vl7fk9s014ty.o
[432/482    0s] C_Android_arm64 Library/Bee/artifacts/Android/87lik/t9ryp3mbhyfm.o
[433/482    0s] C_Android_arm64 Library/Bee/artifacts/Android/87lik/vl7fk9s014ty.o
[434/482    0s] C_Android_arm32 Library/Bee/artifacts/Android/x6ly2/et9kagx2j3ue.o
[435/482    0s] Lib_Android_arm32 Library/Bee/artifacts/Android/x6ly2/il2cpp.a
[           0s] ComputeLeafInputSignature Lib_Android_arm32 Library/Bee/artifacts/Android/x6ly2/il2cpp.a [success 25927ce09312638a5bcdb672288cf948]
[           0s] Lib_Android_arm32 Library/Bee/artifacts/Android/x6ly2/il2cpp.a [CacheWrite 25927ce09312638a5bcdb672288cf94800000000000000000000000000000006]
[436/482    1s] C_Android_arm64 Library/Bee/artifacts/Android/87lik/u5cmfax4y4ac.o
[437/482    0s] Lib_Android_arm64 Library/Bee/artifacts/Android/87lik/il2cpp.a
[           0s] ComputeLeafInputSignature Lib_Android_arm64 Library/Bee/artifacts/Android/87lik/il2cpp.a [success 598bfb724f6b796904262a088d790907]
[           0s] Lib_Android_arm64 Library/Bee/artifacts/Android/87lik/il2cpp.a [CacheWrite 598bfb724f6b796904262a088d79090700000000000000000000000000000006]
*** Tundra requires additional run (55.82 seconds), 437 items updated, 482 evaluated
*** Additional run caused by: contents change of Library/Bee/artifacts/Android/ManagedStripped
Starting: /opt/unity/Editor/Data/netcorerun/netcorerun "/opt/unity/Editor/Data/PlaybackEngines/AndroidPlayer/AndroidPlayerBuildProgram.exe" "/opt/unity/Editor/Data/PlaybackEngines/AndroidPlayer/Bee:/opt/unity/Editor/Data/Tools/BuildPipeline" "Library/Bee/Player1832e193.dag.json" "Library/Bee/Player1832e193-inputdata.json" "Library/Bee/buildprogram1.traceevents"
WorkingDir: /__w/avalon-the-waking-gates/avalon-the-waking-gates/unity
ExitCode: 4 Duration: 55s
ExitCode: 0 Duration: 0s670ms
Starting: /opt/unity/Editor/Data/Tools/BuildPipeline/bee_backend --ipc --dagfile="Library/Bee/Player1832e193.dag" --dagfilejson="Library/Bee/Player1832e193.dag.json" --profile="Library/Bee/backend3.traceevents" Player
WorkingDir: /__w/avalon-the-waking-gates/avalon-the-waking-gates/unity
Finished compiling graph: 585 nodes, 1302 flattened edges (1298 ToBuild, 4 ToUse), maximum node priority 93
[           0s] Delete 1 artifact files that are no longer in use. (like Library/Bee/artifacts/csharpactions/dummy-FeaturesChecked.txt_emel.info)
[  4/201    0s] WriteText Library/Bee/artifacts/csharpactions/UnityEngine.Physics2DModule-FeaturesChecked.txt_45hf.info
[  5/201    0s] WriteText Library/Bee/artifacts/csharpactions/UnityEngine-FeaturesChecked.txt_x1ug.info
[  6/201    0s] WriteText Library/Bee/artifacts/csharpactions/UnityEngine.UnityWebRequestModule-FeaturesChecked.txt_jk15.info
[  8/201    0s] WriteText Library/Bee/artifacts/csharpactions/UnityEngine.PhysicsModule-FeaturesChecked.txt_2l1t.info
[  9/201    0s] WriteText Library/Bee/artifacts/csharpactions/UnityEngine.UIElementsModule-FeaturesChecked.txt_aabo.info
[ 10/201    0s] WriteText Library/Bee/artifacts/csharpactions/UnityEngine.JSONSerializeModule-FeaturesChecked.txt_vjsc.info
[ 11/201    0s] WriteText Library/Bee/artifacts/csharpactions/UnityEngine.UI-FeaturesChecked.txt_v0bu.info
[ 12/201    0s] WriteText Library/Bee/artifacts/csharpactions/UnityEngine.TextRenderingModule-FeaturesChecked.txt_ighi.info
[ 13/201    0s] WriteText Library/Bee/artifacts/csharpactions/UnityEngine.TextCoreTextEngineModule-FeaturesChecked.txt_el85.info
[ 14/201    0s] WriteText Library/Bee/artifacts/csharpactions/UnityEngine.TextCoreFontEngineModule-FeaturesChecked.txt_4rfo.info
[ 15/201    0s] WriteText Library/Bee/artifacts/csharpactions/UnityEngine.SharedInternalsModule-FeaturesChecked.txt_sm9d.info
[ 16/201    0s] WriteText Library/Bee/artifacts/csharpactions/UnityEngine.ScriptingModule-FeaturesChecked.txt_ym60.info
[ 17/201    0s] WriteText Library/Bee/artifacts/csharpactions/UnityEngine.UIModule-FeaturesChecked.txt_zatd.info
[ 18/201    0s] WriteText Library/Bee/artifacts/csharpactions/mscorlib-FeaturesChecked.txt_pwj8.info
[ 19/201    0s] WriteText Library/Bee/artifacts/csharpactions/Mono.Security-FeaturesChecked.txt_pcel.info
[ 20/201    0s] WriteText Library/Bee/artifacts/csharpactions/System.Configuration-FeaturesChecked.txt_vfp9.info
[ 21/201    0s] WriteText Library/Bee/artifacts/csharpactions/System.Core-FeaturesChecked.txt_k2yd.info
[ 22/201    0s] WriteText Library/Bee/artifacts/csharpactions/System.Runtime.CompilerServices.Unsafe-FeaturesChecked.txt_it0y.info
[ 23/201    0s] WriteText Library/Bee/artifacts/csharpactions/Assembly-CSharp-FeaturesChecked.txt_ki5r.info
[ 24/201    0s] WriteText Library/Bee/artifacts/csharpactions/System-FeaturesChecked.txt_v90b.info
[ 25/201    0s] WriteText Library/Bee/artifacts/csharpactions/Unity.Scripting-FeaturesChecked.txt_k2ts.info
[ 26/201    0s] WriteText Library/Bee/artifacts/csharpactions/UnityEngine.AndroidJNIModule-FeaturesChecked.txt_x3ln.info
[ 27/201    0s] WriteText Library/Bee/artifacts/csharpactions/UnityEngine.AnimationModule-FeaturesChecked.txt_3sdh.info
[ 28/201    0s] WriteText Library/Bee/artifacts/csharpactions/UnityEngine.AudioModule-FeaturesChecked.txt_tbfa.info
[ 29/201    0s] WriteText Library/Bee/artifacts/csharpactions/UnityEngine.ContentLoadModule-FeaturesChecked.txt_23ys.info
[ 30/201    0s] WriteText Library/Bee/artifacts/csharpactions/UnityEngine.CoreModule-FeaturesChecked.txt_uimb.info
[ 31/201    0s] WriteText Library/Bee/artifacts/csharpactions/UnityEngine.HierarchyCoreModule-FeaturesChecked.txt_rzjr.info
[ 32/201    0s] WriteText Library/Bee/artifacts/csharpactions/UnityEngine.SpriteShapeModule-FeaturesChecked.txt_zrrh.info
[ 33/201    0s] WriteText Library/Bee/artifacts/csharpactions/UnityEngine.IMGUIModule-FeaturesChecked.txt_ufk2.info
[ 34/201    0s] WriteText Library/Bee/artifacts/csharpactions/System.Xml-FeaturesChecked.txt_wnnz.info
[ 35/201    0s] WriteText Library/Bee/artifacts/csharpactions/UnityEngine.InputForUIModule-FeaturesChecked.txt_awp5.info
[ 36/201    0s] WriteText Library/Bee/artifacts/csharpactions/UnityEngine.InputLegacyModule-FeaturesChecked.txt_y5my.info
[ 37/201    0s] WriteText Library/Bee/artifacts/csharpactions/UnityEngine.PropertiesModule-FeaturesChecked.txt_m9z5.info
[ 39/201    0s] ExtractUsedFeatures Library/Bee/artifacts/Android/Features/UnityEngine.SharedInternalsModule-FeaturesChecked.txt
[ 40/201    0s] ClassRegistrationGenerator /__w/avalon-the-waking-gates/avalon-the-waking-gates/unity/Library/Bee/artifacts/Android/il2cppOutput/UnityClassRegistration.cpp
[ 41/201    0s] ExtractUsedFeatures Library/Bee/artifacts/Android/Features/UnityEngine.HierarchyCoreModule-FeaturesChecked.txt
[ 42/201    0s] Compile UnityClassRegistration Library/Bee/artifacts/Android/libunity/arm64-v8a/UnityClassRegistration.o
clang++: warning: '-x c++' after last input file has no effect [-Wunused-command-line-argument]
[ 43/201    0s] Compile UnityClassRegistration Library/Bee/artifacts/Android/libunity/armeabi-v7a/UnityClassRegistration.o
clang++: warning: '-x c++' after last input file has no effect [-Wunused-command-line-argument]
[ 44/201    0s] ExtractUsedFeatures Library/Bee/artifacts/Android/Features/UnityEngine.UIModule-FeaturesChecked.txt
[ 45/201    0s] ExtractUsedFeatures Library/Bee/artifacts/Android/Features/UnityEngine.Physics2DModule-FeaturesChecked.txt
[ 46/201    0s] ExtractUsedFeatures Library/Bee/artifacts/Android/Features/UnityEngine.ScriptingModule-FeaturesChecked.txt
[ 47/201    0s] ExtractUsedFeatures Library/Bee/artifacts/Android/Features/UnityEngine.AnimationModule-FeaturesChecked.txt
[ 48/201    0s] ExtractUsedFeatures Library/Bee/artifacts/Android/Features/System.Runtime.CompilerServices.Unsafe-FeaturesChecked.txt
[ 49/201    0s] ExtractUsedFeatures Library/Bee/artifacts/Android/Features/UnityEngine.AndroidJNIModule-FeaturesChecked.txt
[ 50/201    1s] ICallRegistrationGenerator /__w/avalon-the-waking-gates/avalon-the-waking-gates/unity/Library/Bee/artifacts/Android/il2cppOutput/UnityICallRegistration.cpp
[ 51/201    0s] Compile UnityICallRegistration Library/Bee/artifacts/Android/libunity/arm64-v8a/UnityICallRegistration.o
clang++: warning: '-x c++' after last input file has no effect [-Wunused-command-line-argument]
[ 52/201    0s] ExtractUsedFeatures Library/Bee/artifacts/Android/Features/UnityEngine.UIElementsModule-FeaturesChecked.txt
[ 53/201    0s] ExtractUsedFeatures Library/Bee/artifacts/Android/Features/UnityEngine.ContentLoadModule-FeaturesChecked.txt
[ 54/201    0s] Compile UnityICallRegistration Library/Bee/artifacts/Android/libunity/armeabi-v7a/UnityICallRegistration.o
clang++: warning: '-x c++' after last input file has no effect [-Wunused-command-line-argument]
[ 55/201    0s] ExtractUsedFeatures Library/Bee/artifacts/Android/Features/UnityEngine.InputForUIModule-FeaturesChecked.txt
[ 56/201    0s] ExtractUsedFeatures Library/Bee/artifacts/Android/Features/UnityEngine.PhysicsModule-FeaturesChecked.txt
[ 57/201    0s] ExtractUsedFeatures Library/Bee/artifacts/Android/Features/UnityEngine.TextCoreTextEngineModule-FeaturesChecked.txt
[ 58/201    0s] ExtractUsedFeatures Library/Bee/artifacts/Android/Features/System-FeaturesChecked.txt
[ 59/201    0s] ExtractUsedFeatures Library/Bee/artifacts/Android/Features/mscorlib-FeaturesChecked.txt
[ 60/201    0s] ExtractUsedFeatures Library/Bee/artifacts/Android/Features/UnityEngine.UnityWebRequestModule-FeaturesChecked.txt
[ 61/201    0s] ExtractUsedFeatures Library/Bee/artifacts/Android/Features/UnityEngine.SpriteShapeModule-FeaturesChecked.txt
[ 62/201    0s] ExtractUsedFeatures Library/Bee/artifacts/Android/Features/Assembly-CSharp-FeaturesChecked.txt
[ 63/201    0s] ExtractUsedFeatures Library/Bee/artifacts/Android/Features/UnityEngine.TextRenderingModule-FeaturesChecked.txt
[ 64/201    0s] ExtractUsedFeatures Library/Bee/artifacts/Android/Features/Mono.Security-FeaturesChecked.txt
[ 65/201    2s] Link libunity Library/Bee/artifacts/Android/libunity/armeabi-v7a/unstripped/libunity.so
[ 66/201    2s] Link libunity Library/Bee/artifacts/Android/libunity/arm64-v8a/unstripped/libunity.so
[ 67/201    0s] ExtractUsedFeatures Library/Bee/artifacts/Android/Features/System.Configuration-FeaturesChecked.txt
[ 68/201    0s] ExtractUsedFeatures Library/Bee/artifacts/Android/Features/UnityEngine.TextCoreFontEngineModule-FeaturesChecked.txt
[ 69/201    0s] ExtractUsedFeatures Library/Bee/artifacts/Android/Features/UnityEngine-FeaturesChecked.txt
[ 70/201    0s] ExtractUsedFeatures Library/Bee/artifacts/Android/Features/UnityEngine.JSONSerializeModule-FeaturesChecked.txt
[ 71/201    0s] ExtractUsedFeatures Library/Bee/artifacts/Android/Features/UnityEngine.UI-FeaturesChecked.txt
[ 72/201    0s] ExtractUsedFeatures Library/Bee/artifacts/Android/Features/UnityEngine.PropertiesModule-FeaturesChecked.txt
[ 73/201    0s] ExtractUsedFeatures Library/Bee/artifacts/Android/Features/UnityEngine.AudioModule-FeaturesChecked.txt
[ 74/201    0s] ExtractUsedFeatures Library/Bee/artifacts/Android/Features/UnityEngine.InputLegacyModule-FeaturesChecked.txt
[ 75/201    0s] ExtractUsedFeatures Library/Bee/artifacts/Android/Features/UnityEngine.IMGUIModule-FeaturesChecked.txt
[ 76/201    0s] ExtractUsedFeatures Library/Bee/artifacts/Android/Features/System.Xml-FeaturesChecked.txt
[ 77/201    0s] ExtractUsedFeatures Library/Bee/artifacts/Android/Features/System.Core-FeaturesChecked.txt
[ 78/201    0s] WriteText Library/Bee/artifacts/csharpactions/IntermediateLauncherManifestDiag.txt_4oyd.info
[ 81/201    0s] ExtractUsedFeatures Library/Bee/artifacts/Android/Features/UnityEngine.CoreModule-FeaturesChecked.txt
[ 85/201    0s] ExtractUsedFeatures Library/Bee/artifacts/Android/Features/Unity.Scripting-FeaturesChecked.txt
[ 91/201    0s] Stripping Library/Bee/artifacts/Android/libunity/arm64-v8a/unstripped/libunity.so -> Library/Bee/artifacts/Android/libunity/arm64-v8a/stripped/libunity.so Library/Bee/artifacts/Android/libunity/arm64-v8a/stripped/libunity.so
[ 92/201    0s] Generate Library/Bee/artifacts/Android/libunity/arm64-v8a/libunity.dbg.so from Library/Bee/artifacts/Android/libunity/arm64-v8a/unstripped/libunity.so Library/Bee/artifacts/Android/libunity/arm64-v8a/libunity.dbg.so
[ 93/201    0s] Generate Library/Bee/artifacts/Android/libunity/armeabi-v7a/libunity.dbg.so from Library/Bee/artifacts/Android/libunity/armeabi-v7a/unstripped/libunity.so Library/Bee/artifacts/Android/libunity/armeabi-v7a/libunity.dbg.so
[ 94/201    0s] Stripping Library/Bee/artifacts/Android/libunity/armeabi-v7a/unstripped/libunity.so -> Library/Bee/artifacts/Android/libunity/armeabi-v7a/stripped/libunity.so Library/Bee/artifacts/Android/libunity/armeabi-v7a/stripped/libunity.so
[ 96/201    0s] WriteText Library/Bee/artifacts/csharpactions/unity_app_guid_in2m.info
[ 99/201    0s] CopyFiles /__w/avalon-the-waking-gates/avalon-the-waking-gates/unity/Library/Bee/Android/Prj/IL2CPP/Gradle/unityLibrary/src/main/assets/bin/Data/globalgamemanagers.assets.split0
[101/201    0s] CopyFiles /__w/avalon-the-waking-gates/avalon-the-waking-gates/unity/Library/Bee/Android/Prj/IL2CPP/Gradle/unityLibrary/src/main/assets/bin/Data/globalgamemanagers.assets.split2
[102/201    0s] Generate Library/Bee/artifacts/Android/libunity/arm64-v8a/libunity.sym.so from Library/Bee/artifacts/Android/libunity/arm64-v8a/libunity.dbg.so Library/Bee/artifacts/Android/libunity/arm64-v8a/libunity.sym.so
[103/201    0s] CopyFiles /__w/avalon-the-waking-gates/avalon-the-waking-gates/unity/Library/Bee/Android/Prj/IL2CPP/Gradle/unityLibrary/src/main/assets/bin/Data/globalgamemanagers.assets.split1
[106/201    0s] Adding note Library/Bee/artifacts/Android/libunity/arm64-v8a/stripped/libunity.so -> /__w/avalon-the-waking-gates/avalon-the-waking-gates/unity/Library/Bee/Android/Prj/IL2CPP/Gradle/unityLibrary/src/main/jniLibs/arm64-v8a/libunity.so /__w/avalon-the-waking-gates/avalon-the-waking-gates/unity/Library/Bee/Android/Prj/IL2CPP/Gradle/unityLibrary/src/main/jniLibs/arm64-v8a/libunity.so
[107/201    0s] CopyFiles /__w/avalon-the-waking-gates/avalon-the-waking-gates/unity/Library/Bee/Android/Prj/IL2CPP/Gradle/unityLibrary/src/main/assets/bin/Data/level0
[108/201    0s] CopyFiles /__w/avalon-the-waking-gates/avalon-the-waking-gates/unity/Library/Bee/Android/Prj/IL2CPP/Il2CppBackup/Managed/System.Xml.dll
[109/201    0s] CopyFiles /__w/avalon-the-waking-gates/avalon-the-waking-gates/unity/Library/Bee/Android/Prj/IL2CPP/Il2CppBackup/Managed/UnityEngine.TextCoreTextEngineModule.dll
[110/201    0s] CopyFiles /__w/avalon-the-waking-gates/avalon-the-waking-gates/unity/Library/Bee/Android/Prj/IL2CPP/Il2CppBackup/Managed/Mono.Security.dll
[112/201    0s] CopyFiles /__w/avalon-the-waking-gates/avalon-the-waking-gates/unity/Library/Bee/Android/Prj/IL2CPP/Il2CppBackup/Managed/UnityEngine.IMGUIModule.dll
[113/201    0s] CopyFiles /__w/avalon-the-waking-gates/avalon-the-waking-gates/unity/Library/Bee/Android/Prj/IL2CPP/Il2CppBackup/Managed/UnityEngine.ContentLoadModule.dll
[115/201    0s] CopyFiles /__w/avalon-the-waking-gates/avalon-the-waking-gates/unity/Library/Bee/Android/Prj/IL2CPP/Il2CppBackup/Managed/UnityEngine.AndroidJNIModule.dll
[116/201    0s] CopyFiles /__w/avalon-the-waking-gates/avalon-the-waking-gates/unity/Library/Bee/Android/Prj/IL2CPP/Il2CppBackup/Managed/UnityEngine.PhysicsModule.dll
[117/201    0s] CopyFiles /__w/avalon-the-waking-gates/avalon-the-waking-gates/unity/Library/Bee/Android/Prj/IL2CPP/Il2CppBackup/Managed/UnityEngine.ScriptingModule.dll
[119/201    0s] CopyFiles /__w/avalon-the-waking-gates/avalon-the-waking-gates/unity/Library/Bee/Android/Prj/IL2CPP/Il2CppBackup/Managed/UnityEngine.TextCoreFontEngineModule.dll
[122/201    0s] CopyFiles /__w/avalon-the-waking-gates/avalon-the-waking-gates/unity/Library/Bee/Android/Prj/IL2CPP/Il2CppBackup/Managed/UnityEngine.SharedInternalsModule.dll
[123/201    0s] CopyFiles /__w/avalon-the-waking-gates/avalon-the-waking-gates/unity/Library/Bee/Android/Prj/IL2CPP/Il2CppBackup/Managed/UnityEngine.InputLegacyModule.dll
[124/201    0s] CopyFiles /__w/avalon-the-waking-gates/avalon-the-waking-gates/unity/Library/Bee/Android/Prj/IL2CPP/Il2CppBackup/Managed/UnityEngine.SpriteShapeModule.dll
[125/201    0s] CopyFiles /__w/avalon-the-waking-gates/avalon-the-waking-gates/unity/Library/Bee/Android/Prj/IL2CPP/Il2CppBackup/Managed/UnityEngine.JSONSerializeModule.dll
[126/201    0s] CopyFiles /__w/avalon-the-waking-gates/avalon-the-waking-gates/unity/Library/Bee/Android/Prj/IL2CPP/Il2CppBackup/Managed/UnityEngine.dll
[127/201    0s] CopyFiles /__w/avalon-the-waking-gates/avalon-the-waking-gates/unity/Library/Bee/Android/Prj/IL2CPP/Il2CppBackup/Managed/analytics.json
[130/201    0s] CopyFiles /__w/avalon-the-waking-gates/avalon-the-waking-gates/unity/Library/Bee/Android/Prj/IL2CPP/Il2CppBackup/Managed/Assembly-CSharp.dll
[132/201    0s] CopyFiles /__w/avalon-the-waking-gates/avalon-the-waking-gates/unity/Library/Bee/Android/Prj/IL2CPP/Il2CppBackup/Managed/UnityEngine.TextRenderingModule.dll
[135/201    0s] CopyFiles /__w/avalon-the-waking-gates/avalon-the-waking-gates/unity/Library/Bee/Android/Prj/IL2CPP/Il2CppBackup/Managed/UnityEngine.HierarchyCoreModule.dll
[136/201    0s] CopyFiles /__w/avalon-the-waking-gates/avalon-the-waking-gates/unity/Library/Bee/Android/Prj/IL2CPP/Il2CppBackup/Managed/UnityEngine.AudioModule.dll
[137/201    0s] CopyFiles /__w/avalon-the-waking-gates/avalon-the-waking-gates/unity/Library/Bee/Android/Prj/IL2CPP/Il2CppBackup/Managed/System.Runtime.CompilerServices.Unsafe.dll
[141/201    0s] CopyFiles /__w/avalon-the-waking-gates/avalon-the-waking-gates/unity/Library/Bee/Android/Prj/IL2CPP/Il2CppBackup/Managed/UnityEngine.Physics2DModule.dll
[147/201    0s] CopyFiles /__w/avalon-the-waking-gates/avalon-the-waking-gates/unity/Library/Bee/Android/Prj/IL2CPP/Il2CppBackup/Managed/UnityLinkerToEditorData.json
[148/201    0s] CopyFiles /__w/avalon-the-waking-gates/avalon-the-waking-gates/unity/Library/Bee/Android/Prj/IL2CPP/Il2CppBackup/Managed/UnityEngine.UIElementsModule.dll
[149/201    0s] CopyFiles /__w/avalon-the-waking-gates/avalon-the-waking-gates/unity/Library/Bee/Android/Prj/IL2CPP/Il2CppBackup/Managed/UnityEngine.PropertiesModule.dll
[150/201    0s] CopyFiles /__w/avalon-the-waking-gates/avalon-the-waking-gates/unity/Library/Bee/Android/Prj/IL2CPP/Il2CppBackup/Managed/UnityEngine.AnimationModule.dll
[155/201    0s] CopyFiles /__w/avalon-the-waking-gates/avalon-the-waking-gates/unity/Library/Bee/Android/Prj/IL2CPP/Il2CppBackup/Managed/Unity.Scripting.dll
[156/201    0s] Generate[W] opendir() failed: /__w/avalon-the-waking-gates/avalon-the-waking-gates/unity/Library/Bee/artifacts/Android/il2cppOutput/cpp/Symbols
 Library/Bee/artifacts/Android/libunity/armeabi-v7a/libunity.sym.so from Library/Bee/artifacts/Android/libunity/armeabi-v7a/libunity.dbg.so Library/Bee/artifacts/Android/libunity/armeabi-v7a/libunity.sym.so
[157/201    0s] CopyFiles /__w/avalon-the-waking-gates/avalon-the-waking-gates/unity/Library/Bee/Android/Prj/IL2CPP/Il2CppBackup/Managed/mscorlib.dll
[158/201    0s] Adding note Library/Bee/artifacts/Android/libunity/armeabi-v7a/stripped/libunity.so -> /__w/avalon-the-waking-gates/avalon-the-waking-gates/unity/Library/Bee/Android/Prj/IL2CPP/Gradle/unityLibrary/src/main/jniLibs/armeabi-v7a/libunity.so /__w/avalon-the-waking-gates/avalon-the-waking-gates/unity/Library/Bee/Android/Prj/IL2CPP/Gradle/unityLibrary/src/main/jniLibs/armeabi-v7a/libunity.so
[163/201    0s] CopyFiles /__w/avalon-the-waking-gates/avalon-the-waking-gates/unity/Library/Bee/Android/Prj/IL2CPP/Il2CppBackup/Managed/UnityEngine.UI.dll
[165/201    0s] GuidGenerator /__w/avalon-the-waking-gates/avalon-the-waking-gates/unity/Library/Bee/Android/Prj/IL2CPP/Gradle/unityLibrary/src/main/assets/bin/Data/unity_app_guid
[166/201    0s] CopyFiles /__w/avalon-the-waking-gates/avalon-the-waking-gates/unity/Library/Bee/Android/Prj/IL2CPP/Il2CppBackup/Managed/System.dll
[167/201    0s] CopyFiles /__w/avalon-the-waking-gates/avalon-the-waking-gates/unity/Library/Bee/Android/Prj/IL2CPP/Il2CppBackup/Managed/System.Configuration.dll
[168/201    0s] CopyFiles /__w/avalon-the-waking-gates/avalon-the-waking-gates/unity/Library/Bee/Android/Prj/IL2CPP/Il2CppBackup/Managed/UnityEngine.InputForUIModule.dll
[169/201    0s] CopyFiles /__w/avalon-the-waking-gates/avalon-the-waking-gates/unity/Library/Bee/Android/Prj/IL2CPP/Gradle/unityLibrary/src/main/assets/bin/Data/sharedassets0.assets
[170/201    0s] CopyFiles /__w/avalon-the-waking-gates/avalon-the-waking-gates/unity/Library/Bee/Android/Prj/IL2CPP/Il2CppBackup/Managed/System.Core.dll
[173/201    0s] CopyFiles /__w/avalon-the-waking-gates/avalon-the-waking-gates/unity/Library/Bee/Android/Prj/IL2CPP/Il2CppBackup/Managed/UnityEngine.UnityWebRequestModule.dll
[174/201    0s] CopyFiles /__w/avalon-the-waking-gates/avalon-the-waking-gates/unity/Library/Bee/Android/Prj/IL2CPP/Il2CppBackup/Managed/UnityEngine.UIModule.dll
[175/201    0s] CopyFiles /__w/avalon-the-waking-gates/avalon-the-waking-gates/unity/Library/Bee/Android/Prj/IL2CPP/Il2CppBackup/Managed/UnityEngine.CoreModule.dll
[           0s] ComputeLeafInputSignature Lib_Android_arm64 Library/Bee/artifacts/Android/87lik/il2cpp.a [success 598bfb724f6b796904262a088d790907]
[           0s] ComputeLeafInputSignature Lib_Android_arm32 Library/Bee/artifacts/Android/x6ly2/il2cpp.a [success 25927ce09312638a5bcdb672288cf948]
[178/201    9s] IL2CPP_CodeGen /__w/avalon-the-waking-gates/avalon-the-waking-gates/unity/Library/Bee/artifacts/il2cpp_conv_5xoc.traceevents
/opt/unity/Editor/Data/il2cpp/build/deploy/il2cpp --convert-to-cpp --assembly=Library/Bee/artifacts/Android/ManagedStripped/Assembly-CSharp.dll --assembly=Library/Bee/artifacts/Android/ManagedStripped/Mono.Security.dll --assembly=Library/Bee/artifacts/Android/ManagedStripped/System.Configuration.dll --assembly=Library/Bee/artifacts/Android/ManagedStripped/System.Core.dll --assembly=Library/Bee/artifacts/Android/ManagedStripped/System.Runtime.CompilerServices.Unsafe.dll --assembly=Library/Bee/artifacts/Android/ManagedStripped/System.Xml.dll --assembly=Library/Bee/artifacts/Android/ManagedStripped/System.dll --assembly=Library/Bee/artifacts/Android/ManagedStripped/Unity.Scripting.dll --assembly=Library/Bee/artifacts/Android/ManagedStripped/UnityEngine.AndroidJNIModule.dll --assembly=Library/Bee/artifacts/Android/ManagedStripped/UnityEngine.AnimationModule.dll --assembly=Library/Bee/artifacts/Android/ManagedStripped/UnityEngine.AudioModule.dll --assembly=Library/Bee/artifacts/Android/ManagedStripped/UnityEngine.ContentLoadModule.dll --assembly=Library/Bee/artifacts/Android/ManagedStripped/UnityEngine.CoreModule.dll --assembly=Library/Bee/artifacts/Android/ManagedStripped/UnityEngine.HierarchyCoreModule.dll --assembly=Library/Bee/artifacts/Android/ManagedStripped/UnityEngine.IMGUIModule.dll --assembly=Library/Bee/artifacts/Android/ManagedStripped/UnityEngine.InputForUIModule.dll --assembly=Library/Bee/artifacts/Android/ManagedStripped/UnityEngine.InputLegacyModule.dll --assembly=Library/Bee/artifacts/Android/ManagedStripped/UnityEngine.JSONSerializeModule.dll --assembly=Library/Bee/artifacts/Android/ManagedStripped/UnityEngine.Physics2DModule.dll --assembly=Library/Bee/artifacts/Android/ManagedStripped/UnityEngine.PhysicsModule.dll --assembly=Library/Bee/artifacts/Android/ManagedStripped/UnityEngine.PropertiesModule.dll --assembly=Library/Bee/artifacts/Android/ManagedStripped/UnityEngine.ScriptingModule.dll --assembly=Library/Bee/artifacts/Android/ManagedStripped/UnityEngine.SharedInternalsModule.dll --assembly=Library/Bee/artifacts/Android/ManagedStripped/UnityEngine.SpriteShapeModule.dll --assembly=Library/Bee/artifacts/Android/ManagedStripped/UnityEngine.TextCoreFontEngineModule.dll --assembly=Library/Bee/artifacts/Android/ManagedStripped/UnityEngine.TextCoreTextEngineModule.dll --assembly=Library/Bee/artifacts/Android/ManagedStripped/UnityEngine.TextRenderingModule.dll --assembly=Library/Bee/artifacts/Android/ManagedStripped/UnityEngine.UI.dll --assembly=Library/Bee/artifacts/Android/ManagedStripped/UnityEngine.UIElementsModule.dll --assembly=Library/Bee/artifacts/Android/ManagedStripped/UnityEngine.UIModule.dll --assembly=Library/Bee/artifacts/Android/ManagedStripped/UnityEngine.UnityWebRequestModule.dll --assembly=Library/Bee/artifacts/Android/ManagedStripped/UnityEngine.dll --assembly=Library/Bee/artifacts/Android/ManagedStripped/mscorlib.dll --generatedcppdir=/__w/avalon-the-waking-gates/avalon-the-waking-gates/unity/Library/Bee/artifacts/Android/il2cppOutput/cpp --symbols-folder=/__w/avalon-the-waking-gates/avalon-the-waking-gates/unity/Library/Bee/artifacts/Android/il2cppOutput/cpp/Symbols --enable-analytics --emit-null-checks --enable-array-bounds-check --dotnetprofile=unityaot-linux --usymtool-path=/opt/unity/Editor/Data/Tools/usymtool --profiler-report --profiler-output-file=/__w/avalon-the-waking-gates/avalon-the-waking-gates/unity/Library/Bee/artifacts/il2cpp_conv_5xoc.traceevents --print-command-line --static-lib-il2-cpp --data-folder=/__w/avalon-the-waking-gates/avalon-the-waking-gates/unity/Library/Bee/artifacts/Android/il2cppOutput/data
*** Tundra requires additional run (9.60 seconds), 126 items updated, 201 evaluated
*** Additional run caused by: contents change of /__w/avalon-the-waking-gates/avalon-the-waking-gates/unity/Library/Bee/artifacts/Android/il2cppOutput/cpp
Starting: /opt/unity/Editor/Data/netcorerun/netcorerun "/opt/unity/Editor/Data/PlaybackEngines/AndroidPlayer/AndroidPlayerBuildProgram.exe" "/opt/unity/Editor/Data/PlaybackEngines/AndroidPlayer/Bee:/opt/unity/Editor/Data/Tools/BuildPipeline" "Library/Bee/Player1832e193.dag.json" "Library/Bee/Player1832e193-inputdata.json" "Library/Bee/buildprogram2.traceevents"
WorkingDir: /__w/avalon-the-waking-gates/avalon-the-waking-gates/unity
ExitCode: 4 Duration: 9s655ms
ExitCode: 0 Duration: 0s756ms
Starting: /opt/unity/Editor/Data/Tools/BuildPipeline/bee_backend --ipc --dagfile="Library/Bee/Player1832e193.dag" --dagfilejson="Library/Bee/Player1832e193.dag.json" --profile="Library/Bee/backend4.traceevents" Player
WorkingDir: /__w/avalon-the-waking-gates/avalon-the-waking-gates/unity
Finished compiling graph: 1258 nodes, 3322 flattened edges (3316 ToBuild, 6 ToUse), maximum node priority 767
[ 49/874    0s] WriteText Library/Bee/artifacts/csharpactions/unity_app_guid_in2m.info
[149/874    0s] CopyFiles /__w/avalon-the-waking-gates/avalon-the-waking-gates/unity/Library/Bee/Android/Prj/IL2CPP/Il2CppBackup/Managed/icallsummary.txt
[           0s] ComputeLeafInputSignature Lib_Android_arm32 Library/Bee/artifacts/Android/x6ly2/il2cpp.a [success 25927ce09312638a5bcdb672288cf948]
[           0s] ComputeLeafInputSignature Lib_Android_arm64 Library/Bee/artifacts/Android/87lik/il2cpp.a [success 598bfb724f6b796904262a088d790907]
[177/874    0s] Generate Manifests Library/Bee/artifacts/Android/Manifest/IntermediateLauncherManifestDiag.txt (+3 others)
warning: Unity is trying to add element uses-permission#android.permission.INTERNET but it is already declared by the user in Assets/Plugins/Android/AndroidManifest.xml.
[178/874    0s] C_Android_arm64 Library/Bee/artifacts/Android/d8kzr/aq93e9vjdrtb.o
[179/874    0s] C_Android_arm32 Library/Bee/artifacts/Android/iz17e/aq93e9vjdrtb.o
[180/874    3s] C_Android_arm64 Library/Bee/artifacts/Android/d8kzr/k4wmvdupiphi.o
[181/874    4s] C_Android_arm64 Library/Bee/artifacts/Android/d8kzr/d7fml36wseux.o
[182/874    3s] C_Android_arm64 Library/Bee/artifacts/Android/d8kzr/uraxbev6mqgi.o
[183/874    0s] C_Android_arm32 Library/Bee/artifacts/Android/iz17e/pnozkt2fmkv8.o
[184/874    0s] C_Android_arm64 Library/Bee/artifacts/Android/d8kzr/pnozkt2fmkv8.o
[185/874    4s] C_Android_arm32 Library/Bee/artifacts/Android/iz17e/k4wmvdupiphi.o
[186/874    2s] C_Android_arm64 Library/Bee/artifacts/Android/d8kzr/kmn8welch0c4.o
[187/874    4s] C_Android_arm32 Library/Bee/artifacts/Android/iz17e/uraxbev6mqgi.o
[188/874    4s] C_Android_arm32 Library/Bee/artifacts/Android/iz17e/kmn8welch0c4.o
[189/874    2s] C_Android_arm64 Library/Bee/artifacts/Android/d8kzr/qvu18ks9291q.o
[190/874    4s] C_Android_arm32 Library/Bee/artifacts/Android/iz17e/qvu18ks9291q.o
[191/874    3s] C_Android_arm32 Library/Bee/artifacts/Android/iz17e/50f7jz7c5lgb.o
[192/874    2s] C_Android_arm64 Library/Bee/artifacts/Android/d8kzr/j7xsfwpzoepb.o
[193/874    5s] C_Android_arm32 Library/Bee/artifacts/Android/iz17e/mvlfym1gghoj.o
[194/874    3s] C_Android_arm64 Library/Bee/artifacts/Android/d8kzr/69adx3f8nq52.o
[195/874    8s] C_Android_arm32 Library/Bee/artifacts/Android/iz17e/6y5a7rvf65d5.o
[196/874    0s] C_Android_arm64 Library/Bee/artifacts/Android/d8kzr/gqjnd96w5qad.o
[197/874    0s] C_Android_arm32 Library/Bee/artifacts/Android/iz17e/gqjnd96w5qad.o
[198/874    6s] C_Android_arm32 Library/Bee/artifacts/Android/iz17e/69adx3f8nq52.o
[199/874    1s] C_Android_arm64 Library/Bee/artifacts/Android/d8kzr/tte5qajeoqgn.o
[200/874    3s] C_Android_arm32 Library/Bee/artifacts/Android/iz17e/vzudwtb5qsxx.o
[201/874    3s] C_Android_arm64 Library/Bee/artifacts/Android/d8kzr/vzudwtb5qsxx.o
[202/874    4s] C_Android_arm32 Library/Bee/artifacts/Android/iz17e/60nuley4koof.o
[203/874    4s] C_Android_arm64 Library/Bee/artifacts/Android/d8kzr/uo3yfh9xgxg4.o
[204/874    4s] C_Android_arm64 Library/Bee/artifacts/Android/d8kzr/3ph8cxopl7ad.o
[205/874    6s] C_Android_arm32 Library/Bee/artifacts/Android/iz17e/uo3yfh9xgxg4.o
[206/874    2s] C_Android_arm32 Library/Bee/artifacts/Android/iz17e/tyc8dlaaqvs1.o
[207/874    0s] C_Android_arm64 Library/Bee/artifacts/Android/d8kzr/3x26cwozol06.o
[208/874    3s] C_Android_arm64 Library/Bee/artifacts/Android/d8kzr/mvlfym1gghoj.o
[209/874    2s] C_Android_arm64 Library/Bee/artifacts/Android/d8kzr/tyc8dlaaqvs1.o
[210/874    6s] C_Android_arm32 Library/Bee/artifacts/Android/iz17e/3ph8cxopl7ad.o
[211/874    2s] C_Android_arm64 Library/Bee/artifacts/Android/d8kzr/7ap3dwfej5z2.o
[212/874    2s] C_Android_arm32 Library/Bee/artifacts/Android/iz17e/cwu6gxqzq0bi.o
[213/874    6s] C_Android_arm64 Library/Bee/artifacts/Android/d8kzr/6zwke3esdfjs.o
[214/874    0s] C_Android_arm64 Library/Bee/artifacts/Android/d8kzr/sh9jqax4kwhs.o
[215/874    0s] C_Android_arm32 Library/Bee/artifacts/Android/iz17e/sh9jqax4kwhs.o
[216/874    3s] C_Android_arm32 Library/Bee/artifacts/Android/iz17e/gcr3f63tnn92.o
[217/874    4s] C_Android_arm64 Library/Bee/artifacts/Android/d8kzr/cwu6gxqzq0bi.o
[218/874    3s] C_Android_arm64 Library/Bee/artifacts/Android/d8kzr/gcr3f63tnn92.o
[219/874    0s] C_Android_arm64 Library/Bee/artifacts/Android/d8kzr/lk9m9mn55jb5.o
[220/874    0s] C_Android_arm32 Library/Bee/artifacts/Android/iz17e/3x26cwozol06.o
[221/874    1s] C_Android_arm64 Library/Bee/artifacts/Android/d8kzr/50zm5cgxcfj0.o
[222/874    1s] C_Android_arm32 Library/Bee/artifacts/Android/iz17e/50zm5cgxcfj0.o
[223/874    3s] C_Android_arm32 Library/Bee/artifacts/Android/iz17e/b7mrhp1y84ub.o
[224/874    4s] C_Android_arm64 Library/Bee/artifacts/Android/d8kzr/50f7jz7c5lgb.o
[225/874    5s] C_Android_arm32 Library/Bee/artifacts/Android/iz17e/6zwke3esdfjs.o
[226/874    2s] C_Android_arm64 Library/Bee/artifacts/Android/d8kzr/j66i8k6mh5jo.o
[227/874    5s] C_Android_arm64 Library/Bee/artifacts/Android/d8kzr/b7mrhp1y84ub.o
[228/874    4s] C_Android_arm32 Library/Bee/artifacts/Android/iz17e/j66i8k6mh5jo.o
[229/874    2s] C_Android_arm32 Library/Bee/artifacts/Android/iz17e/gfy1b3p2tg9g.o
[230/874    5s] C_Android_arm64 Library/Bee/artifacts/Android/d8kzr/gfy1b3p2tg9g.o
[231/874    5s] C_Android_arm32 Library/Bee/artifacts/Android/iz17e/s2j0lddctvty.o
[232/874    0s] C_Android_arm32 Library/Bee/artifacts/Android/iz17e/lk9m9mn55jb5.o
[233/874    0s] C_Android_arm32 Library/Bee/artifacts/Android/iz17e/fahyz2p0k9wa.o
[234/874    4s] C_Android_arm32 Library/Bee/artifacts/Android/iz17e/plpjqlddi5fr.o
[235/874    5s] C_Android_arm64 Library/Bee/artifacts/Android/d8kzr/s2j0lddctvty.o
[236/874    3s] C_Android_arm64 Library/Bee/artifacts/Android/d8kzr/07xayx6k9qvk.o
[237/874    5s] C_Android_arm64 Library/Bee/artifacts/Android/d8kzr/nlc6zi046icm.o
[238/874    2s] C_Android_arm32 Library/Bee/artifacts/Android/iz17e/07xayx6k9qvk.o
[239/874    6s] C_Android_arm32 Library/Bee/artifacts/Android/iz17e/nlc6zi046icm.o
[240/874    9s] C_Android_arm64 Library/Bee/artifacts/Android/d8kzr/6y5a7rvf65d5.o
[241/874    2s] C_Android_arm64 Library/Bee/artifacts/Android/d8kzr/ef025invwgbd.o
[242/874    0s] C_Android_arm64 Library/Bee/artifacts/Android/d8kzr/liq15ssprlug.o
[243/874    0s] C_Android_arm32 Library/Bee/artifacts/Android/iz17e/liq15ssprlug.o
[244/874    4s] C_Android_arm64 Library/Bee/artifacts/Android/d8kzr/e9pa0u1ucduf.o
[245/874    4s] C_Android_arm32 Library/Bee/artifacts/Android/iz17e/ef025invwgbd.o
[246/874    3s] C_Android_arm32 Library/Bee/artifacts/Android/iz17e/6kx0u0pbch2w.o
[247/874    1s] C_Android_arm64 Library/Bee/artifacts/Android/d8kzr/6kx0u0pbch2w.o
[248/874    0s] C_Android_arm64 Library/Bee/artifacts/Android/d8kzr/8bymdq465uf1.o
[249/874    0s] C_Android_arm32 Library/Bee/artifacts/Android/iz17e/8bymdq465uf1.o
[250/874    7s] C_Android_arm32 Library/Bee/artifacts/Android/iz17e/e9pa0u1ucduf.o
[251/874    4s] C_Android_arm64 Library/Bee/artifacts/Android/d8kzr/d7omt9596s7x.o
[252/874    4s] C_Android_arm32 Library/Bee/artifacts/Android/iz17e/kc9feekw6oqt.o
[253/874    6s] C_Android_arm32 Library/Bee/artifacts/Android/iz17e/k6e69zwex7rs.o
[254/874    4s] C_Android_arm64 Library/Bee/artifacts/Android/d8kzr/kc9feekw6oqt.o
[255/874    5s] C_Android_arm64 Library/Bee/artifacts/Android/d8kzr/cbczw0vk3jr6.o
[256/874    3s] C_Android_arm32 Library/Bee/artifacts/Android/iz17e/cbczw0vk3jr6.o
[257/874    4s] C_Android_arm32 Library/Bee/artifacts/Android/iz17e/6sb12d8xwof4.o
[258/874    0s] C_Android_arm32 Library/Bee/artifacts/Android/iz17e/4gioxzax67bp.o
[259/874    4s] C_Android_arm64 Library/Bee/artifacts/Android/d8kzr/yxoe40yjv7bt.o
[260/874    0s] C_Android_arm64 Library/Bee/artifacts/Android/d8kzr/4gioxzax67bp.o
[261/874    4s] C_Android_arm64 Library/Bee/artifacts/Android/d8kzr/pd5cdmjlsx3b.o
[262/874    0s] C_Android_arm32 Library/Bee/artifacts/Android/iz17e/bp7lq8uwv36a.o
[263/874    0s] C_Android_arm64 Library/Bee/artifacts/Android/d8kzr/bp7lq8uwv36a.o
[264/874    0s] C_Android_arm32 Library/Bee/artifacts/Android/iz17e/ss7m1ict8a3r.o
[265/874    0s] C_Android_arm64 Library/Bee/artifacts/Android/d8kzr/ss7m1ict8a3r.o
[266/874    4s] C_Android_arm32 Library/Bee/artifacts/Android/iz17e/pd5cdmjlsx3b.o
[267/874    3s] C_Android_arm32 Library/Bee/artifacts/Android/iz17e/d7omt9596s7x.o
[268/874    0s] C_Android_arm64 Library/Bee/artifacts/Android/d8kzr/nbnjufb5s0vw.o
[269/874    0s] C_Android_arm32 Library/Bee/artifacts/Android/iz17e/nbnjufb5s0vw.o
[270/874    2s] C_Android_arm32 Library/Bee/artifacts/Android/iz17e/tte5qajeoqgn.o
[271/874    2s] C_Android_arm32 Library/Bee/artifacts/Android/iz17e/hniiwi60xiqw.o
[272/874    7s] C_Android_arm64 Library/Bee/artifacts/Android/d8kzr/k6e69zwex7rs.o
[273/874    5s] C_Android_arm64 Library/Bee/artifacts/Android/d8kzr/60nuley4koof.o
[274/874    0s] C_Android_arm64 Library/Bee/artifacts/Android/d8kzr/fahyz2p0k9wa.o
[275/874    4s] C_Android_arm64 Library/Bee/artifacts/Android/d8kzr/hniiwi60xiqw.o
[276/874    3s] C_Android_arm64 Library/Bee/artifacts/Android/d8kzr/0le92dn2v887.o
[277/874    0s] C_Android_arm32 Library/Bee/artifacts/Android/iz17e/ffahitdy4ks2.o
[278/874    0s] C_Android_arm64 Library/Bee/artifacts/Android/d8kzr/ffahitdy4ks2.o
[279/874    0s] C_Android_arm64 Library/Bee/artifacts/Android/d8kzr/6ksklh45pbjh.o
[280/874    1s] C_Android_arm32 Library/Bee/artifacts/Android/iz17e/svsli43d7owv.o
[281/874    4s] C_Android_arm32 Library/Bee/artifacts/Android/iz17e/0le92dn2v887.o
[282/874    0s] C_Android_arm64 Library/Bee/artifacts/Android/d8kzr/pffx92rqp3q4.o
[283/874    0s] C_Android_arm32 Library/Bee/artifacts/Android/iz17e/pffx92rqp3q4.o
[284/874    4s] C_Android_arm64 Library/Bee/artifacts/Android/d8kzr/m91d32hy2y16.o
[285/874    1s] C_Android_arm32 Library/Bee/artifacts/Android/iz17e/6f1g9kvhqr31.o
[286/874    2s] C_Android_arm64 Library/Bee/artifacts/Android/d8kzr/6f1g9kvhqr31.o
[287/874    0s] C_Android_arm32 Library/Bee/artifacts/Android/iz17e/6ksklh45pbjh.o
[288/874    1s] C_Android_arm64 Library/Bee/artifacts/Android/d8kzr/svsli43d7owv.o
[289/874    5s] C_Android_arm64 Library/Bee/artifacts/Android/d8kzr/98za07u0d94k.o
[290/874    5s] C_Android_arm32 Library/Bee/artifacts/Android/iz17e/98za07u0d94k.o
[291/874    2s] C_Android_arm32 Library/Bee/artifacts/Android/iz17e/tct6i1qrcd6o.o
[292/874    0s] C_Android_arm64 Library/Bee/artifacts/Android/d8kzr/y8m3ryx96ixg.o
[293/874    0s] C_Android_arm32 Library/Bee/artifacts/Android/iz17e/y8m3ryx96ixg.o
[294/874    3s] C_Android_arm64 Library/Bee/artifacts/Android/d8kzr/tct6i1qrcd6o.o
[295/874    5s] C_Android_arm32 Library/Bee/artifacts/Android/iz17e/m91d32hy2y16.o
[296/874    5s] C_Android_arm32 Library/Bee/artifacts/Android/iz17e/zxw15fpbbakx.o
[297/874    3s] C_Android_arm64 Library/Bee/artifacts/Android/d8kzr/ypcll08c772h.o
[298/874    0s] C_Android_arm32 Library/Bee/artifacts/Android/iz17e/5y7r4kpu8cc6.o
[299/874    0s] C_Android_arm64 Library/Bee/artifacts/Android/d8kzr/5y7r4kpu8cc6.o
[300/874    1s] C_Android_arm64 Library/Bee/artifacts/Android/d8kzr/4lkzznc44s1k.o
[301/874    1s] C_Android_arm32 Library/Bee/artifacts/Android/iz17e/4lkzznc44s1k.o
[302/874    3s] C_Android_arm32 Library/Bee/artifacts/Android/iz17e/5cii2uatvanf.o
[303/874    0s] C_Android_arm32 Library/Bee/artifacts/Android/iz17e/xjaxausk12rl.o
[304/874    0s] C_Android_arm32 Library/Bee/artifacts/Android/iz17e/mo2lbskz6u21.o
[305/874    0s] C_Android_arm64 Library/Bee/artifacts/Android/d8kzr/mo2lbskz6u21.o
[306/874    3s] C_Android_arm64 Library/Bee/artifacts/Android/d8kzr/otwmkyg3alt1.o
[307/874    0s] C_Android_arm32 Library/Bee/artifacts/Android/iz17e/z5saaun262vx.o
[308/874    0s] C_Android_arm64 Library/Bee/artifacts/Android/d8kzr/z5saaun262vx.o
[309/874    5s] C_Android_arm64 Library/Bee/artifacts/Android/d8kzr/kerzs0mll703.o
[310/874    5s] C_Android_arm32 Library/Bee/artifacts/Android/iz17e/kerzs0mll703.o
[311/874    1s] C_Android_arm32 Library/Bee/artifacts/Android/iz17e/lch3ftaomryx.o
[312/874    0s] C_Android_arm64 Library/Bee/artifacts/Android/d8kzr/klwyp31z9q7g.o
[313/874    1s] C_Android_arm32 Library/Bee/artifacts/Android/iz17e/klwyp31z9q7g.o
[314/874    3s] C_Android_arm64 Library/Bee/artifacts/Android/d8kzr/22l6bsky061f.o
[315/874    0s] C_Android_arm32 Library/Bee/artifacts/Android/iz17e/ykat7r9cf0g3.o
[316/874    0s] C_Android_arm64 Library/Bee/artifacts/Android/d8kzr/xjaxausk12rl.o
[317/874    3s] C_Android_arm32 Library/Bee/artifacts/Android/iz17e/22l6bsky061f.o
[318/874    4s] C_Android_arm32 Library/Bee/artifacts/Android/iz17e/z5ozhvxtbjsa.o
[319/874    4s] C_Android_arm64 Library/Bee/artifacts/Android/d8kzr/z5ozhvxtbjsa.o
[320/874    3s] C_Android_arm32 Library/Bee/artifacts/Android/iz17e/j7xsfwpzoepb.o
[321/874    3s] C_Android_arm64 Library/Bee/artifacts/Android/d8kzr/db06c2dsbtwl.o
[322/874    5s] C_Android_arm32 Library/Bee/artifacts/Android/iz17e/2nrzb7sfrozf.o
[323/874    6s] C_Android_arm32 Library/Bee/artifacts/Android/iz17e/db06c2dsbtwl.o
[324/874    4s] C_Android_arm64 Library/Bee/artifacts/Android/d8kzr/2nrzb7sfrozf.o
[325/874    1s] C_Android_arm64 Library/Bee/artifacts/Android/d8kzr/ljhknm50e1qa.o
[326/874    1s] C_Android_arm32 Library/Bee/artifacts/Android/iz17e/ljhknm50e1qa.o
[327/874    6s] C_Android_arm32 Library/Bee/artifacts/Android/iz17e/1xo1zt58zsjn.o
[328/874    7s] C_Android_arm64 Library/Bee/artifacts/Android/d8kzr/1xo1zt58zsjn.o
[329/874    4s] C_Android_arm64 Library/Bee/artifacts/Android/d8kzr/5cii2uatvanf.o
[330/874    4s] C_Android_arm64 Library/Bee/artifacts/Android/d8kzr/at80svxivlfv.o
[331/874    3s] C_Android_arm32 Library/Bee/artifacts/Android/iz17e/at80svxivlfv.o
[332/874    0s] C_Android_arm64 Library/Bee/artifacts/Android/d8kzr/ooqutadgzvlb.o
[333/874    1s] C_Android_arm32 Library/Bee/artifacts/Android/iz17e/ooqutadgzvlb.o
[334/874    4s] C_Android_arm64 Library/Bee/artifacts/Android/d8kzr/zxw15fpbbakx.o
[335/874    4s] C_Android_arm32 Library/Bee/artifacts/Android/iz17e/5zoxcoo0xcbo.o
[336/874    1s] C_Android_arm64 Library/Bee/artifacts/Android/d8kzr/d6xs9b7enbfr.o
[337/874    0s] C_Android_arm64 Library/Bee/artifacts/Android/d8kzr/xcjp537ukern.o
[338/874    0s] C_Android_arm32 Library/Bee/artifacts/Android/iz17e/xcjp537ukern.o
[339/874    1s] C_Android_arm32 Library/Bee/artifacts/Android/iz17e/d6xs9b7enbfr.o
[340/874    0s] C_Android_arm32 Library/Bee/artifacts/Android/iz17e/2kucutei7lms.o
[341/874    0s] C_Android_arm64 Library/Bee/artifacts/Android/d8kzr/2kucutei7lms.o
[342/874    1s] C_Android_arm32 Library/Bee/artifacts/Android/iz17e/ffv1sc7m839b.o
[343/874    5s] C_Android_arm64 Library/Bee/artifacts/Android/d8kzr/ro3bko28bc99.o
[344/874    7s] C_Android_arm32 Library/Bee/artifacts/Android/iz17e/ro3bko28bc99.o
[345/874    1s] C_Android_arm64 Library/Bee/artifacts/Android/d8kzr/ffv1sc7m839b.o
[346/874    4s] C_Android_arm32 Library/Bee/artifacts/Android/iz17e/ypcll08c772h.o
[347/874    3s] C_Android_arm64 Library/Bee/artifacts/Android/d8kzr/5zoxcoo0xcbo.o
[348/874    3s] C_Android_arm32 Library/Bee/artifacts/Android/iz17e/1typnt30zaqn.o
[349/874    5s] C_Android_arm32 Library/Bee/artifacts/Android/iz17e/rnc2cdjw423m.o
[350/874    5s] C_Android_arm64 Library/Bee/artifacts/Android/d8kzr/rnc2cdjw423m.o
[351/874    2s] C_Android_arm32 Library/Bee/artifacts/Android/iz17e/zpk8mfz4mabm.o
[352/874    3s] C_Android_arm64 Library/Bee/artifacts/Android/d8kzr/1typnt30zaqn.o
[353/874    0s] C_Android_arm64 Library/Bee/artifacts/Android/d8kzr/2m2zpt4n0rtq.o
[354/874    0s] C_Android_arm32 Library/Bee/artifacts/Android/iz17e/2m2zpt4n0rtq.o
[355/874    2s] C_Android_arm64 Library/Bee/artifacts/Android/d8kzr/zpk8mfz4mabm.o
[356/874    2s] C_Android_arm64 Library/Bee/artifacts/Android/d8kzr/u9683kf601mt.o
[357/874    0s] C_Android_arm32 Library/Bee/artifacts/Android/iz17e/p25y2eeas6wq.o
[358/874    3s] C_Android_arm64 Library/Bee/artifacts/Android/d8kzr/bxn22z5mhjgv.o
[359/874    1s] C_Android_arm32 Library/Bee/artifacts/Android/iz17e/u9683kf601mt.o
[360/874    0s] C_Android_arm64 Library/Bee/artifacts/Android/d8kzr/ykat7r9cf0g3.o
[361/874    0s] C_Android_arm64 Library/Bee/artifacts/Android/d8kzr/36zkxd39y5ji.o
[362/874    0s] C_Android_arm32 Library/Bee/artifacts/Android/iz17e/36zkxd39y5ji.o
[363/874    3s] C_Android_arm32 Library/Bee/artifacts/Android/iz17e/51qwcoz9joon.o
[364/874    4s] C_Android_arm64 Library/Bee/artifacts/Android/d8kzr/eyaos3gv1xcg.o
[365/874    5s] C_Android_arm64 Library/Bee/artifacts/Android/d8kzr/51qwcoz9joon.o
[366/874    6s] C_Android_arm64 Library/Bee/artifacts/Android/d8kzr/plpjqlddi5fr.o
[367/874    8s] C_Android_arm32 Library/Bee/artifacts/Android/iz17e/eyaos3gv1xcg.o
[368/874    3s] C_Android_arm64 Library/Bee/artifacts/Android/d8kzr/sqsrt5tbmtbm.o
[369/874    0s] C_Android_arm32 Library/Bee/artifacts/Android/iz17e/f66odnnq7a4n.o
[370/874    0s] C_Android_arm64 Library/Bee/artifacts/Android/d8kzr/f66odnnq7a4n.o
[371/874    5s] C_Android_arm32 Library/Bee/artifacts/Android/iz17e/sqsrt5tbmtbm.o
[372/874    0s] C_Android_arm64 Library/Bee/artifacts/Android/d8kzr/p25y2eeas6wq.o
[373/874    4s] C_Android_arm32 Library/Bee/artifacts/Android/iz17e/n486ufkuxki2.o
[374/874    3s] C_Android_arm64 Library/Bee/artifacts/Android/d8kzr/n486ufkuxki2.o
[375/874    2s] C_Android_arm64 Library/Bee/artifacts/Android/d8kzr/lch3ftaomryx.o
[376/874    5s] C_Android_arm32 Library/Bee/artifacts/Android/iz17e/otwmkyg3alt1.o
[377/874    2s] C_Android_arm32 Library/Bee/artifacts/Android/iz17e/bxn22z5mhjgv.o
[378/874    3s] C_Android_arm32 Library/Bee/artifacts/Android/iz17e/5qhighby7ls2.o
[379/874    5s] C_Android_arm64 Library/Bee/artifacts/Android/d8kzr/5qhighby7ls2.o
[380/874    3s] C_Android_arm32 Library/Bee/artifacts/Android/iz17e/rgri1nc2nc0y.o
[381/874    0s] C_Android_arm64 Library/Bee/artifacts/Android/d8kzr/akwja0r4umhn.o
[382/874    4s] C_Android_arm64 Library/Bee/artifacts/Android/d8kzr/rgri1nc2nc0y.o
[383/874    0s] C_Android_arm32 Library/Bee/artifacts/Android/iz17e/j9ozwx3aw4l4.o
[384/874    0s] C_Android_arm64 Library/Bee/artifacts/Android/d8kzr/j9ozwx3aw4l4.o
[385/874    0s] C_Android_arm32 Library/Bee/artifacts/Android/iz17e/akwja0r4umhn.o
[386/874    4s] C_Android_arm32 Library/Bee/artifacts/Android/iz17e/wmqfxyfwbt6u.o
[387/874    4s] C_Android_arm64 Library/Bee/artifacts/Android/d8kzr/wmqfxyfwbt6u.o
[388/874    3s] C_Android_arm32 Library/Bee/artifacts/Android/iz17e/eahk75k7jmz2.o
[389/874    2s] C_Android_arm64 Library/Bee/artifacts/Android/d8kzr/f6u4cjxt5ztv.o
[390/874    5s] C_Android_arm32 Library/Bee/artifacts/Android/iz17e/iaekxnasijzt.o
[391/874    0s] C_Android_arm64 Library/Bee/artifacts/Android/d8kzr/6qj46q4vudmf.o
[392/874    0s] C_Android_arm32 Library/Bee/artifacts/Android/iz17e/6qj46q4vudmf.o
[393/874    3s] C_Android_arm32 Library/Bee/artifacts/Android/iz17e/yhwfw4enoqpj.o
[394/874    5s] C_Android_arm32 Library/Bee/artifacts/Android/iz17e/f6u4cjxt5ztv.o
[395/874    0s] C_Android_arm32 Library/Bee/artifacts/Android/iz17e/pjzz368xeglb.o
[396/874    0s] C_Android_arm64 Library/Bee/artifacts/Android/d8kzr/pjzz368xeglb.o
[397/874    3s] C_Android_arm64 Library/Bee/artifacts/Android/d8kzr/yhwfw4enoqpj.o
[398/874    3s] C_Android_arm64 Library/Bee/artifacts/Android/d8kzr/yq3usbspeh84.o
[399/874    5s] C_Android_arm32 Library/Bee/artifacts/Android/iz17e/yq3usbspeh84.o
[400/874    5s] C_Android_arm32 Library/Bee/artifacts/Android/iz17e/rv8ahrhn0vfn.o
[401/874    3s] C_Android_arm64 Library/Bee/artifacts/Android/d8kzr/eahk75k7jmz2.o
[402/874    5s] C_Android_arm64 Library/Bee/artifacts/Android/d8kzr/iaekxnasijzt.o
[403/874    4s] C_Android_arm32 Library/Bee/artifacts/Android/iz17e/k5nw2od2pym5.o
[404/874    0s] C_Android_arm64 Library/Bee/artifacts/Android/d8kzr/jprl7h9elxq5.o
[405/874    5s] C_Android_arm64 Library/Bee/artifacts/Android/d8kzr/rv8ahrhn0vfn.o
[406/874    2s] C_Android_arm32 Library/Bee/artifacts/Android/iz17e/eegwtuo7sj4k.o
[407/874    4s] C_Android_arm64 Library/Bee/artifacts/Android/d8kzr/eegwtuo7sj4k.o
[408/874    3s] C_Android_arm64 Library/Bee/artifacts/Android/d8kzr/6rkrv2olpfah.o
[409/874    3s] C_Android_arm32 Library/Bee/artifacts/Android/iz17e/6rkrv2olpfah.o
[410/874    5s] C_Android_arm32 Library/Bee/artifacts/Android/iz17e/4x1oxc5np9rs.o
[411/874    5s] C_Android_arm64 Library/Bee/artifacts/Android/d8kzr/rf08tctpg3ub.o
[412/874    3s] C_Android_arm32 Library/Bee/artifacts/Android/iz17e/c3fqsmxt7qf6.o
[413/874    6s] C_Android_arm64 Library/Bee/artifacts/Android/d8kzr/c3fqsmxt7qf6.o
[414/874    0s] C_Android_arm64 Library/Bee/artifacts/Android/d8kzr/h5fzk0zo3cc9.o
[415/874    6s] C_Android_arm32 Library/Bee/artifacts/Android/iz17e/rf08tctpg3ub.o
[416/874    0s] C_Android_arm32 Library/Bee/artifacts/Android/iz17e/h5fzk0zo3cc9.o
[417/874    4s] C_Android_arm32 Library/Bee/artifacts/Android/iz17e/61e4sphhsxt2.o
[418/874    0s] C_Android_arm32 Library/Bee/artifacts/Android/iz17e/itycxduq3mex.o
[419/874    0s] C_Android_arm64 Library/Bee/artifacts/Android/d8kzr/itycxduq3mex.o
[420/874    3s] C_Android_arm64 Library/Bee/artifacts/Android/d8kzr/l0xstbhkn3ri.o
[421/874    4s] C_Android_arm32 Library/Bee/artifacts/Android/iz17e/9b78v4g9j24y.o
[422/874    1s] C_Android_arm64 Library/Bee/artifacts/Android/d8kzr/fmqlwvl7dr78.o
[423/874    0s] C_Android_arm32 Library/Bee/artifacts/Android/iz17e/09rocfetr5nd.o
[424/874    0s] C_Android_arm64 Library/Bee/artifacts/Android/d8kzr/09rocfetr5nd.o
[425/874    0s] C_Android_arm64 Library/Bee/artifacts/Android/d8kzr/h83ukc3va4ft.o
[426/874    4s] C_Android_arm32 Library/Bee/artifacts/Android/iz17e/l0xstbhkn3ri.o
[427/874    6s] C_Android_arm64 Library/Bee/artifacts/Android/d8kzr/9b78v4g9j24y.o
[428/874    3s] C_Android_arm64 Library/Bee/artifacts/Android/d8kzr/oq9achfu7wue.o
[429/874    3s] C_Android_arm32 Library/Bee/artifacts/Android/iz17e/oq9achfu7wue.o
[430/874    3s] C_Android_arm64 Library/Bee/artifacts/Android/d8kzr/61e4sphhsxt2.o
[431/874    2s] C_Android_arm32 Library/Bee/artifacts/Android/iz17e/smtf7gqbdw63.o
[432/874    1s] C_Android_arm32 Library/Bee/artifacts/Android/iz17e/5ynsf8vxzci6.o
[433/874    4s] C_Android_arm64 Library/Bee/artifacts/Android/d8kzr/smtf7gqbdw63.o
[434/874    2s] C_Android_arm64 Library/Bee/artifacts/Android/d8kzr/5ynsf8vxzci6.o
[435/874    0s] C_Android_arm32 Library/Bee/artifacts/Android/iz17e/u8sf3ssvnj3i.o
[436/874    0s] C_Android_arm64 Library/Bee/artifacts/Android/d8kzr/u8sf3ssvnj3i.o
[437/874    7s] C_Android_arm32 Library/Bee/artifacts/Android/iz17e/5tun890iovcn.o
[438/874    3s] C_Android_arm32 Library/Bee/artifacts/Android/iz17e/kd0plp38dyvg.o
[439/874    3s] C_Android_arm64 Library/Bee/artifacts/Android/d8kzr/kd0plp38dyvg.o
[440/874    3s] C_Android_arm64 Library/Bee/artifacts/Android/d8kzr/8wpi3rcu9ou5.o
[441/874    2s] C_Android_arm32 Library/Bee/artifacts/Android/iz17e/8wpi3rcu9ou5.o
[442/874    0s] C_Android_arm32 Library/Bee/artifacts/Android/iz17e/gp1xmxlizp58.o
[443/874    0s] C_Android_arm32 Library/Bee/artifacts/Android/iz17e/1011ihz9mf0g.o
[444/874    5s] C_Android_arm64 Library/Bee/artifacts/Android/d8kzr/yru4zmb2lqds.o
[445/874    0s] C_Android_arm32 Library/Bee/artifacts/Android/iz17e/idayxeleohy4.o
[446/874    0s] C_Android_arm64 Library/Bee/artifacts/Android/d8kzr/idayxeleohy4.o
[447/874    3s] C_Android_arm32 Library/Bee/artifacts/Android/iz17e/az2ax9k042dw.o
[448/874    0s] C_Android_arm64 Library/Bee/artifacts/Android/d8kzr/f0xc4sqd41nz.o
[449/874    0s] C_Android_arm32 Library/Bee/artifacts/Android/iz17e/f0xc4sqd41nz.o
[450/874    4s] C_Android_arm32 Library/Bee/artifacts/Android/iz17e/yru4zmb2lqds.o
[451/874    0s] C_Android_arm64 Library/Bee/artifacts/Android/d8kzr/1011ihz9mf0g.o
[452/874    0s] C_Android_arm64 Library/Bee/artifacts/Android/d8kzr/om6n1zhd9dwo.o
[453/874    0s] C_Android_arm32 Library/Bee/artifacts/Android/iz17e/om6n1zhd9dwo.o
[454/874    5s] C_Android_arm64 Library/Bee/artifacts/Android/d8kzr/k5nw2od2pym5.o
[455/874    0s] C_Android_arm64 Library/Bee/artifacts/Android/d8kzr/gp1xmxlizp58.o
[456/874    3s] C_Android_arm32 Library/Bee/artifacts/Android/iz17e/fsumiosn62j1.o
[457/874    5s] C_Android_arm64 Library/Bee/artifacts/Android/d8kzr/az2ax9k042dw.o
[458/874    4s] C_Android_arm64 Library/Bee/artifacts/Android/d8kzr/zu3qls1sz4mw.o
[459/874    2s] C_Android_arm32 Library/Bee/artifacts/Android/iz17e/zu3qls1sz4mw.o
[460/874    0s] C_Android_arm64 Library/Bee/artifacts/Android/d8kzr/2bhbr7vxp47o.o
[461/874    7s] C_Android_arm64 Library/Bee/artifacts/Android/d8kzr/fsumiosn62j1.o
[462/874    0s] C_Android_arm32 Library/Bee/artifacts/Android/iz17e/2bhbr7vxp47o.o
[463/874    4s] C_Android_arm64 Library/Bee/artifacts/Android/d8kzr/zotyf4fsf15y.o
[465/874    3s] C_Android_arm64 Library/Bee/artifacts/Android/d8kzr/c46zzxg6e0kt.o
[466/874    0s] C_Android_arm32 Library/Bee/artifacts/Android/iz17e/88ywmbhdst4q.o
[467/874    0s] C_Android_arm64 Library/Bee/artifacts/Android/d8kzr/88ywmbhdst4q.o
[468/874    6s] C_Android_arm32 Library/Bee/artifacts/Android/iz17e/zotyf4fsf15y.o
[469/874    5s] C_Android_arm32 Library/Bee/artifacts/Android/iz17e/c46zzxg6e0kt.o
[470/874    0s] C_Android_arm32 Library/Bee/artifacts/Android/iz17e/jprl7h9elxq5.o
[471/874    0s] C_Android_arm64 Library/Bee/artifacts/Android/d8kzr/yx8tpe7320ei.o
[472/874    0s] C_Android_arm32 Library/Bee/artifacts/Android/iz17e/g5u05ne9jedd.o
[473/874    0s] C_Android_arm64 Library/Bee/artifacts/Android/d8kzr/g5u05ne9jedd.o
[474/874    3s] C_Android_arm32 Library/Bee/artifacts/Android/iz17e/7ap3dwfej5z2.o
[475/874    3s] C_Android_arm32 Library/Bee/artifacts/Android/iz17e/re9ym19c9tpo.o
[476/874    0s] C_Android_arm32 Library/Bee/artifacts/Android/iz17e/nlyec10qyqkz.o
[477/874    0s] C_Android_arm64 Library/Bee/artifacts/Android/d8kzr/nlyec10qyqkz.o
[478/874    5s] C_Android_arm32 Library/Bee/artifacts/Android/iz17e/zpgwgkvlss6y.o
[479/874    3s] C_Android_arm32 Library/Bee/artifacts/Android/iz17e/di5594s6zc3y.o
[480/874    4s] C_Android_arm64 Library/Bee/artifacts/Android/d8kzr/di5594s6zc3y.o
[481/874    4s] C_Android_arm32 Library/Bee/artifacts/Android/iz17e/h2t3c8ttehie.o
[482/874    3s] C_Android_arm32 Library/Bee/artifacts/Android/iz17e/678dx34y1es3.o
[483/874    2s] C_Android_arm32 Library/Bee/artifacts/Android/iz17e/d7fml36wseux.o
[484/874    6s] C_Android_arm64 Library/Bee/artifacts/Android/d8kzr/h2t3c8ttehie.o
[485/874    4s] C_Android_arm64 Library/Bee/artifacts/Android/d8kzr/678dx34y1es3.o
[486/874    1s] C_Android_arm32 Library/Bee/artifacts/Android/iz17e/fmqlwvl7dr78.o
[487/874    1s] C_Android_arm32 Library/Bee/artifacts/Android/iz17e/h83ukc3va4ft.o
[488/874    3s] C_Android_arm64 Library/Bee/artifacts/Android/d8kzr/re9ym19c9tpo.o
[489/874    3s] C_Android_arm64 Library/Bee/artifacts/Android/d8kzr/zpgwgkvlss6y.o
[490/874    3s] C_Android_arm32 Library/Bee/artifacts/Android/iz17e/vwnf0wpwkzxj.o
[491/874    5s] C_Android_arm64 Library/Bee/artifacts/Android/d8kzr/d2srgv0pl2d0.o
[492/874    4s] C_Android_arm64 Library/Bee/artifacts/Android/d8kzr/vwnf0wpwkzxj.o
[493/874    6s] C_Android_arm32 Library/Bee/artifacts/Android/iz17e/d2srgv0pl2d0.o
[494/874    6s] C_Android_arm64 Library/Bee/artifacts/Android/d8kzr/djwfhgcj7l8l.o
[495/874    4s] C_Android_arm64 Library/Bee/artifacts/Android/d8kzr/zqbiuqihujg9.o
[496/874    5s] C_Android_arm32 Library/Bee/artifacts/Android/iz17e/djwfhgcj7l8l.o
[497/874    5s] C_Android_arm32 Library/Bee/artifacts/Android/iz17e/zqbiuqihujg9.o
[498/874    0s] C_Android_arm64 Library/Bee/artifacts/Android/d8kzr/51sngy61ysbv.o
[499/874    3s] C_Android_arm64 Library/Bee/artifacts/Android/d8kzr/qf4fohc5nb6k.o
[500/874    3s] C_Android_arm32 Library/Bee/artifacts/Android/iz17e/d4en1c7xu2sx.o
[501/874    4s] C_Android_arm32 Library/Bee/artifacts/Android/iz17e/qf4fohc5nb6k.o
[502/874    3s] C_Android_arm64 Library/Bee/artifacts/Android/d8kzr/d4en1c7xu2sx.o
[503/874    3s] C_Android_arm64 Library/Bee/artifacts/Android/d8kzr/zw5ry45y30ea.o
[504/874    1s] C_Android_arm64 Library/Bee/artifacts/Android/d8kzr/rv44ou9etffl.o
[505/874    8s] C_Android_arm64 Library/Bee/artifacts/Android/d8kzr/4x1oxc5np9rs.o
[506/874    1s] C_Android_arm32 Library/Bee/artifacts/Android/iz17e/rv44ou9etffl.o
[507/874    4s] C_Android_arm32 Library/Bee/artifacts/Android/iz17e/zw5ry45y30ea.o
[508/874    3s] C_Android_arm32 Library/Bee/artifacts/Android/iz17e/d15tfflw8ad0.o
[509/874    0s] C_Android_arm64 Library/Bee/artifacts/Android/d8kzr/d6kbd61uh44t.o
[510/874    3s] C_Android_arm64 Library/Bee/artifacts/Android/d8kzr/d15tfflw8ad0.o
[511/874    0s] C_Android_arm32 Library/Bee/artifacts/Android/iz17e/51sngy61ysbv.o
[512/874    5s] C_Android_arm32 Library/Bee/artifacts/Android/iz17e/calpppc8vamj.o
[513/874    5s] C_Android_arm64 Library/Bee/artifacts/Android/d8kzr/calpppc8vamj.o
[514/874    0s] C_Android_arm32 Library/Bee/artifacts/Android/iz17e/yx8tpe7320ei.o
[515/874    0s] C_Android_arm32 Library/Bee/artifacts/Android/iz17e/a5mgqhdp72bn.o
[516/874    3s] C_Android_arm32 Library/Bee/artifacts/Android/iz17e/xjaof7u3howc.o
[517/874    3s] C_Android_arm64 Library/Bee/artifacts/Android/d8kzr/xjaof7u3howc.o
[518/874    2s] C_Android_arm32 Library/Bee/artifacts/Android/iz17e/kbeu07w04xgj.o
[519/874    2s] C_Android_arm64 Library/Bee/artifacts/Android/d8kzr/kbeu07w04xgj.o
[520/874    1s] C_Android_arm32 Library/Bee/artifacts/Android/iz17e/oxdkrr4jvaw5.o
[521/874    0s] C_Android_arm64 Library/Bee/artifacts/Android/d8kzr/a5mgqhdp72bn.o
[522/874   12s] C_Android_arm64 Library/Bee/artifacts/Android/d8kzr/f5066m5xvwmy.o
[523/874    5s] C_Android_arm64 Library/Bee/artifacts/Android/d8kzr/5s3d1yh6gm7z.o
[524/874    5s] C_Android_arm32 Library/Bee/artifacts/Android/iz17e/5s3d1yh6gm7z.o
[525/874    1s] C_Android_arm32 Library/Bee/artifacts/Android/iz17e/r2v0sdpwy1i0.o
[526/874    2s] C_Android_arm32 Library/Bee/artifacts/Android/iz17e/je3rcz4ddyvo.o
[527/874   15s] C_Android_arm32 Library/Bee/artifacts/Android/iz17e/f5066m5xvwmy.o
[528/874    3s] C_Android_arm64 Library/Bee/artifacts/Android/d8kzr/ld8cn4t0t03k.o
[529/874    7s] C_Android_arm64 Library/Bee/artifacts/Android/d8kzr/258hk9l73u02.o
[530/874    3s] C_Android_arm64 Library/Bee/artifacts/Android/d8kzr/5rc4tnyt9c2c.o
[531/874    8s] C_Android_arm32 Library/Bee/artifacts/Android/iz17e/258hk9l73u02.o
[532/874    6s] C_Android_arm32 Library/Bee/artifacts/Android/iz17e/ld8cn4t0t03k.o
[533/874    3s] C_Android_arm32 Library/Bee/artifacts/Android/iz17e/jds2jadhyvnc.o
[534/874    5s] C_Android_arm32 Library/Bee/artifacts/Android/iz17e/5rc4tnyt9c2c.o
[535/874    5s] C_Android_arm64 Library/Bee/artifacts/Android/d8kzr/jds2jadhyvnc.o
[536/874    5s] C_Android_arm32 Library/Bee/artifacts/Android/iz17e/6f5m1h3px733.o
[537/874    0s] C_Android_arm32 Library/Bee/artifacts/Android/iz17e/5mjrljcllk3p.o
[538/874    0s] C_Android_arm64 Library/Bee/artifacts/Android/d8kzr/5mjrljcllk3p.o
[539/874    0s] C_Android_arm32 Library/Bee/artifacts/Android/iz17e/rbh9y8b1k5ps.o
[540/874    0s] C_Android_arm64 Library/Bee/artifacts/Android/d8kzr/r2v0sdpwy1i0.o
[541/874    6s] C_Android_arm64 Library/Bee/artifacts/Android/d8kzr/6f5m1h3px733.o
[542/874    2s] C_Android_arm32 Library/Bee/artifacts/Android/iz17e/qgjvz8la89ru.o
[543/874    5s] C_Android_arm64 Library/Bee/artifacts/Android/d8kzr/je3rcz4ddyvo.o
[544/874    2s] C_Android_arm32 Library/Bee/artifacts/Android/iz17e/yxoe40yjv7bt.o
[545/874    5s] C_Android_arm64 Library/Bee/artifacts/Android/d8kzr/qgjvz8la89ru.o
[546/874    0s] C_Android_arm32 Library/Bee/artifacts/Android/iz17e/d9swqr0jdxub.o
[547/874    1s] C_Android_arm64 Library/Bee/artifacts/Android/d8kzr/d9swqr0jdxub.o
[548/874    4s] C_Android_arm32 Library/Bee/artifacts/Android/iz17e/6y1y0wrwbo9h.o
[549/874    4s] C_Android_arm64 Library/Bee/artifacts/Android/d8kzr/c2oglbeh0haj.o
[550/874    4s] C_Android_arm32 Library/Bee/artifacts/Android/iz17e/c2oglbeh0haj.o
[551/874    4s] C_Android_arm32 Library/Bee/artifacts/Android/iz17e/yyz3wpqgaak5.o
[552/874    1s] C_Android_arm64 Library/Bee/artifacts/Android/d8kzr/oxdkrr4jvaw5.o
[553/874    6s] C_Android_arm64 Library/Bee/artifacts/Android/d8kzr/yyz3wpqgaak5.o
[554/874    1s] C_Android_arm32 Library/Bee/artifacts/Android/iz17e/uwepp9jy0hl0.o
[555/874    3s] C_Android_arm64 Library/Bee/artifacts/Android/d8kzr/6sb12d8xwof4.o
[556/874    0s] C_Android_arm64 Library/Bee/artifacts/Android/d8kzr/42jo657kx9f8.o
[557/874    1s] C_Android_arm32 Library/Bee/artifacts/Android/iz17e/42jo657kx9f8.o
[558/874    4s] C_Android_arm64 Library/Bee/artifacts/Android/d8kzr/6y1y0wrwbo9h.o
[559/874    3s] C_Android_arm32 Library/Bee/artifacts/Android/iz17e/95czrqtral6x.o
[560/874    3s] C_Android_arm32 Library/Bee/artifacts/Android/iz17e/d3ndu1nlntna.o
[561/874    2s] C_Android_arm64 Library/Bee/artifacts/Android/d8kzr/d3ndu1nlntna.o
[562/874    0s] C_Android_arm64 Library/Bee/artifacts/Android/d8kzr/3nwiltcrzflm.o
[563/874    0s] C_Android_arm32 Library/Bee/artifacts/Android/iz17e/3nwiltcrzflm.o
[564/874    3s] C_Android_arm64 Library/Bee/artifacts/Android/d8kzr/95czrqtral6x.o
[565/874    1s] C_Android_arm32 Library/Bee/artifacts/Android/iz17e/5urscnzlqd98.o
[566/874    1s] C_Android_arm64 Library/Bee/artifacts/Android/d8kzr/5urscnzlqd98.o
[567/874    0s] C_Android_arm32 Library/Bee/artifacts/Android/iz17e/14r8r8lowkgr.o
[568/874    0s] C_Android_arm64 Library/Bee/artifacts/Android/d8kzr/14r8r8lowkgr.o
[569/874    1s] C_Android_arm64 Library/Bee/artifacts/Android/d8kzr/uwepp9jy0hl0.o
[570/874    3s] C_Android_arm64 Library/Bee/artifacts/Android/d8kzr/da9w5quf4jry.o
[571/874    4s] C_Android_arm64 Library/Bee/artifacts/Android/d8kzr/nipur1yv3udz.o
[572/874    4s] C_Android_arm32 Library/Bee/artifacts/Android/iz17e/nipur1yv3udz.o
[573/874    0s] C_Android_arm32 Library/Bee/artifacts/Android/iz17e/d0yxaju3axco.o
[574/874    0s] C_Android_arm64 Library/Bee/artifacts/Android/d8kzr/d0yxaju3axco.o
[575/874    2s] C_Android_arm32 Library/Bee/artifacts/Android/iz17e/yir19a2iqhzt.o
[576/874    5s] C_Android_arm32 Library/Bee/artifacts/Android/iz17e/da9w5quf4jry.o
[577/874    0s] C_Android_arm64 Library/Bee/artifacts/Android/d8kzr/b0ppt7fhxrnh.o
[578/874    3s] C_Android_arm64 Library/Bee/artifacts/Android/d8kzr/yir19a2iqhzt.o
[579/874    6s] C_Android_arm32 Library/Bee/artifacts/Android/iz17e/gildkkrbx473.o
[580/874    2s] C_Android_arm64 Library/Bee/artifacts/Android/d8kzr/7o51icwv5mdq.o
[581/874    0s] C_Android_arm64 Library/Bee/artifacts/Android/d8kzr/k8onj6mkzcsg.o
[582/874    0s] C_Android_arm64 Library/Bee/artifacts/Android/d8kzr/3rtahzqskcj8.o
[583/874    0s] C_Android_arm32 Library/Bee/artifacts/Android/iz17e/3rtahzqskcj8.o
[584/874    7s] C_Android_arm64 Library/Bee/artifacts/Android/d8kzr/gildkkrbx473.o
[585/874    3s] C_Android_arm32 Library/Bee/artifacts/Android/iz17e/7o51icwv5mdq.o
[586/874    3s] C_Android_arm32 Library/Bee/artifacts/Android/iz17e/re5mg65tecl1.o
[587/874    3s] C_Android_arm64 Library/Bee/artifacts/Android/d8kzr/0lysssbr8n5e.o
[588/874    0s] C_Android_arm32 Library/Bee/artifacts/Android/iz17e/b0ppt7fhxrnh.o
[589/874    3s] C_Android_arm32 Library/Bee/artifacts/Android/iz17e/0lysssbr8n5e.o
[590/874    0s] C_Android_arm32 Library/Bee/artifacts/Android/iz17e/pcog93momveq.o
[591/874    0s] C_Android_arm64 Library/Bee/artifacts/Android/d8kzr/pcog93momveq.o
[592/874    4s] C_Android_arm64 Library/Bee/artifacts/Android/d8kzr/zva6kyi3194z.o
[593/874    5s] C_Android_arm64 Library/Bee/artifacts/Android/d8kzr/5tun890iovcn.o
[594/874    0s] C_Android_arm32 Library/Bee/artifacts/Android/iz17e/k8onj6mkzcsg.o
[595/874    0s] C_Android_arm64 Library/Bee/artifacts/Android/d8kzr/rbh9y8b1k5ps.o
[596/874    0s] C_Android_arm64 Library/Bee/artifacts/Android/d8kzr/9t0nom1opp61.o
[597/874    5s] C_Android_arm32 Library/Bee/artifacts/Android/iz17e/zva6kyi3194z.o
[598/874    3s] C_Android_arm64 Library/Bee/artifacts/Android/d8kzr/cu8awfkrh0wk.o
[600/874    0s] C_Android_arm64 Library/Bee/artifacts/Android/d8kzr/qlw5uyefdhgv.o
[601/874    1s] C_Android_arm32 Library/Bee/artifacts/Android/iz17e/qlw5uyefdhgv.o
[602/874    4s] C_Android_arm32 Library/Bee/artifacts/Android/iz17e/cu8awfkrh0wk.o
[603/874    5s] C_Android_arm64 Library/Bee/artifacts/Android/d8kzr/snkpes9nk5br.o
[604/874    5s] C_Android_arm32 Library/Bee/artifacts/Android/iz17e/snkpes9nk5br.o
[605/874    3s] C_Android_arm32 Library/Bee/artifacts/Android/iz17e/3vbgwm9dvqgv.o
[606/874    3s] C_Android_arm64 Library/Bee/artifacts/Android/d8kzr/3vbgwm9dvqgv.o
[607/874    9s] C_Android_arm32 Library/Bee/artifacts/Android/iz17e/57k6g2mrt5mo.o
[608/874    4s] C_Android_arm32 Library/Bee/artifacts/Android/iz17e/r8epinmvzcrn.o
[609/874    2s] C_Android_arm64 Library/Bee/artifacts/Android/d8kzr/ln1yd7kicf73.o
[610/874    5s] C_Android_arm64 Library/Bee/artifacts/Android/d8kzr/r8epinmvzcrn.o
[611/874    3s] C_Android_arm32 Library/Bee/artifacts/Android/iz17e/ln1yd7kicf73.o
[612/874    3s] C_Android_arm32 Library/Bee/artifacts/Android/iz17e/shs5m3t1ief2.o
[613/874    1s] C_Android_arm32 Library/Bee/artifacts/Android/iz17e/75sax1acjpxi.o
[614/874    3s] C_Android_arm32 Library/Bee/artifacts/Android/iz17e/d2w3mq48fkin.o
[615/874    0s] C_Android_arm32 Library/Bee/artifacts/Android/iz17e/0zh6fnpivo5g.o
[616/874    0s] C_Android_arm64 Library/Bee/artifacts/Android/d8kzr/0zh6fnpivo5g.o
[617/874    3s] C_Android_arm64 Library/Bee/artifacts/Android/d8kzr/d2w3mq48fkin.o
[618/874    1s] C_Android_arm32 Library/Bee/artifacts/Android/iz17e/d6kbd61uh44t.o
[619/874    1s] C_Android_arm64 Library/Bee/artifacts/Android/d8kzr/75sax1acjpxi.o
[620/874    6s] C_Android_arm64 Library/Bee/artifacts/Android/d8kzr/57k6g2mrt5mo.o
[621/874    0s] C_Android_arm32 Library/Bee/artifacts/Android/iz17e/9t0nom1opp61.o
[622/874    2s] C_Android_arm32 Library/Bee/artifacts/Android/iz17e/klcj4ptf2x4r.o
[623/874    3s] C_Android_arm64 Library/Bee/artifacts/Android/d8kzr/klcj4ptf2x4r.o
[624/874    0s] ModifyAndroidProjectCallback /__w/avalon-the-waking-gates/avalon-the-waking-gates/unity/Library/Bee/Android/Prj/IL2CPP/Gradle/launcher/src/main/AndroidManifest.xml (+8 others)
[625/874    0s] CopyFiles /__w/avalon-the-waking-gates/avalon-the-waking-gates/unity/Library/Bee/Android/Prj/IL2CPP/Il2CppBackup/il2cppOutput/mscorlib_CodeGen.c
[626/874    0s] CopyFiles /__w/avalon-the-waking-gates/avalon-the-waking-gates/unity/Library/Bee/Android/Prj/IL2CPP/Il2CppBackup/il2cppOutput/GenericMethods.cpp
[627/874    0s] CopyFiles /__w/avalon-the-waking-gates/avalon-the-waking-gates/unity/Library/Bee/Android/Prj/IL2CPP/Il2CppBackup/il2cppOutput/Il2CppRgctxTable.c
[628/874    0s] CopyFiles /__w/avalon-the-waking-gates/avalon-the-waking-gates/unity/Library/Bee/Android/Prj/IL2CPP/Il2CppBackup/il2cppOutput/UnityEngine.UI.cpp
[629/874    0s] CopyFiles /__w/avalon-the-waking-gates/avalon-the-waking-gates/unity/Library/Bee/Android/Prj/IL2CPP/Il2CppBackup/il2cppOutput/Il2CppUnresolvedIndirectCallStubs.cpp
[630/874    0s] CopyFiles /__w/avalon-the-waking-gates/avalon-the-waking-gates/unity/Library/Bee/Android/Prj/IL2CPP/Il2CppBackup/il2cppOutput/UnityEngine.ContentLoadModule.cpp
[631/874    0s] CopyFiles /__w/avalon-the-waking-gates/avalon-the-waking-gates/unity/Library/Bee/Android/Prj/IL2CPP/Il2CppBackup/il2cppOutput/Il2CppCCTypeValuesTable.c
[632/874    0s] CopyFiles /__w/avalon-the-waking-gates/avalon-the-waking-gates/unity/Library/Bee/Android/Prj/IL2CPP/Il2CppBackup/il2cppOutput/Il2CppGenericClassTable.c
[633/874    0s] CopyFiles /__w/avalon-the-waking-gates/avalon-the-waking-gates/unity/Library/Bee/Android/Prj/IL2CPP/Il2CppBackup/il2cppOutput/UnityEngine.UIElementsModule__14.cpp
[634/874    0s] CopyFiles /__w/avalon-the-waking-gates/avalon-the-waking-gates/unity/Library/Bee/Android/Prj/IL2CPP/Il2CppBackup/il2cppOutput/Il2CppTypeDefinitions.c
[635/874    0s] CopyFiles /__w/avalon-the-waking-gates/avalon-the-waking-gates/unity/Library/Bee/Android/Prj/IL2CPP/Il2CppBackup/il2cppOutput/GenericMethods__20.cpp
[636/874    0s] CopyFiles /__w/avalon-the-waking-gates/avalon-the-waking-gates/unity/Library/Bee/Android/Prj/IL2CPP/Il2CppBackup/il2cppOutput/GenericMethods__17.cpp
[637/874    0s] CopyFiles /__w/avalon-the-waking-gates/avalon-the-waking-gates/unity/Library/Bee/Android/Prj/IL2CPP/Il2CppBackup/il2cppOutput/GenericMethods__15.cpp
[638/874    0s] CopyFiles /__w/avalon-the-waking-gates/avalon-the-waking-gates/unity/Library/Bee/Android/Prj/IL2CPP/Il2CppBackup/il2cppOutput/GenericMethods__24.cpp
[639/874    0s] CopyFiles /__w/avalon-the-waking-gates/avalon-the-waking-gates/unity/Library/Bee/Android/Prj/IL2CPP/Il2CppBackup/il2cppOutput/GenericMethods__25.cpp
[640/874    0s] CopyFiles /__w/avalon-the-waking-gates/avalon-the-waking-gates/unity/Library/Bee/Android/Prj/IL2CPP/Il2CppBackup/il2cppOutput/Il2CppInvokerTable.cpp
[641/874    0s] CopyFiles /__w/avalon-the-waking-gates/avalon-the-waking-gates/unity/Library/Bee/Android/Prj/IL2CPP/Il2CppBackup/il2cppOutput/GenericMethods__12.cpp
[642/874    0s] CopyFiles /__w/avalon-the-waking-gates/avalon-the-waking-gates/unity/Library/Bee/Android/Prj/IL2CPP/Il2CppBackup/il2cppOutput/GenericMethods__19.cpp
[643/874    0s] CopyFiles /__w/avalon-the-waking-gates/avalon-the-waking-gates/unity/Library/Bee/Android/Prj/IL2CPP/Il2CppBackup/il2cppOutput/GenericMethods__13.cpp
[644/874    0s] CopyFiles /__w/avalon-the-waking-gates/avalon-the-waking-gates/unity/Library/Bee/Android/Prj/IL2CPP/Il2CppBackup/il2cppOutput/GenericMethods__23.cpp
[645/874    0s] CopyFiles /__w/avalon-the-waking-gates/avalon-the-waking-gates/unity/Library/Bee/Android/Prj/IL2CPP/Il2CppBackup/il2cppOutput/GenericMethods__21.cpp
[646/874    0s] CopyFiles /__w/avalon-the-waking-gates/avalon-the-waking-gates/unity/Library/Bee/Android/Prj/IL2CPP/Il2CppBackup/il2cppOutput/GenericMethods__22.cpp
[647/874    0s] CopyFiles /__w/avalon-the-waking-gates/avalon-the-waking-gates/unity/Library/Bee/Android/Prj/IL2CPP/Il2CppBackup/il2cppOutput/GenericMethods__16.cpp
[648/874    0s] CopyFiles /__w/avalon-the-waking-gates/avalon-the-waking-gates/unity/Library/Bee/Android/Prj/IL2CPP/Il2CppBackup/il2cppOutput/GenericMethods__18.cpp
[649/874    0s] CopyFiles /__w/avalon-the-waking-gates/avalon-the-waking-gates/unity/Library/Bee/Android/Prj/IL2CPP/Il2CppBackup/il2cppOutput/mscorlib__11.cpp
[650/874    0s] CopyFiles /__w/avalon-the-waking-gates/avalon-the-waking-gates/unity/Library/Bee/Android/Prj/IL2CPP/Il2CppBackup/il2cppOutput/GenericMethods__11.cpp
[651/874    0s] CopyFiles /__w/avalon-the-waking-gates/avalon-the-waking-gates/unity/Library/Bee/Android/Prj/IL2CPP/Il2CppBackup/il2cppOutput/UnityEngine.UnityWebRequestModule.cpp
[652/874    0s] CopyFiles /__w/avalon-the-waking-gates/avalon-the-waking-gates/unity/Library/Bee/Android/Prj/IL2CPP/Il2CppBackup/il2cppOutput/Il2CppCCFieldValuesTable.c
[653/874    0s] CopyFiles /__w/avalon-the-waking-gates/avalon-the-waking-gates/unity/Library/Bee/Android/Prj/IL2CPP/Il2CppBackup/il2cppOutput/Generics__45.cpp
[654/874    0s] CopyFiles /__w/avalon-the-waking-gates/avalon-the-waking-gates/unity/Library/Bee/Android/Prj/IL2CPP/Il2CppBackup/il2cppOutput/Generics__18.cpp
[655/874    0s] CopyFiles /__w/avalon-the-waking-gates/avalon-the-waking-gates/unity/Library/Bee/Android/Prj/IL2CPP/Il2CppBackup/il2cppOutput/Generics__61.cpp
[656/874    0s] CopyFiles /__w/avalon-the-waking-gates/avalon-the-waking-gates/unity/Library/Bee/Android/Prj/IL2CPP/Il2CppBackup/il2cppOutput/Generics__30.cpp
[657/874    0s] CopyFiles /__w/avalon-the-waking-gates/avalon-the-waking-gates/unity/Library/Bee/Android/Prj/IL2CPP/Il2CppBackup/il2cppOutput/Generics__11.cpp
[658/874    0s] CopyFiles /__w/avalon-the-waking-gates/avalon-the-waking-gates/unity/Library/Bee/Android/Prj/IL2CPP/Il2CppBackup/il2cppOutput/Generics__21.cpp
[659/874    0s] CopyFiles /__w/avalon-the-waking-gates/avalon-the-waking-gates/unity/Library/Bee/Android/Prj/IL2CPP/Il2CppBackup/il2cppOutput/System_CodeGen.c
[660/874    0s] CopyFiles /__w/avalon-the-waking-gates/avalon-the-waking-gates/unity/Library/Bee/Android/Prj/IL2CPP/Il2CppBackup/il2cppOutput/Generics__24.cpp
[661/874    0s] CopyFiles /__w/avalon-the-waking-gates/avalon-the-waking-gates/unity/Library/Bee/Android/Prj/IL2CPP/Il2CppBackup/il2cppOutput/Generics__42.cpp
[662/874    0s] CopyFiles /__w/avalon-the-waking-gates/avalon-the-waking-gates/unity/Library/Bee/Android/Prj/IL2CPP/Il2CppBackup/il2cppOutput/Generics__14.cpp
[663/874    0s] CopyFiles /__w/avalon-the-waking-gates/avalon-the-waking-gates/unity/Library/Bee/Android/Prj/IL2CPP/Il2CppBackup/il2cppOutput/Generics__33.cpp
[664/874    0s] CopyFiles /__w/avalon-the-waking-gates/avalon-the-waking-gates/unity/Library/Bee/Android/Prj/IL2CPP/Il2CppBackup/il2cppOutput/GenericMethods__10.cpp
[665/874    0s] CopyFiles /__w/avalon-the-waking-gates/avalon-the-waking-gates/unity/Library/Bee/Android/Prj/IL2CPP/Il2CppBackup/il2cppOutput/UnityEngine.UIElementsModule__13.cpp
[666/874    0s] CopyFiles /__w/avalon-the-waking-gates/avalon-the-waking-gates/unity/Library/Bee/Android/Prj/IL2CPP/Il2CppBackup/il2cppOutput/Generics__40.cpp
[667/874    0s] CopyFiles /__w/avalon-the-waking-gates/avalon-the-waking-gates/unity/Library/Bee/Android/Prj/IL2CPP/Il2CppBackup/il2cppOutput/Generics__47.cpp
[668/874    0s] CopyFiles /__w/avalon-the-waking-gates/avalon-the-waking-gates/unity/Library/Bee/Android/Prj/IL2CPP/Il2CppBackup/il2cppOutput/Generics__15.cpp
[669/874    0s] CopyFiles /__w/avalon-the-waking-gates/avalon-the-waking-gates/unity/Library/Bee/Android/Prj/IL2CPP/Il2CppBackup/il2cppOutput/Generics__58.cpp
[670/874    0s] CopyFiles /__w/avalon-the-waking-gates/avalon-the-waking-gates/unity/Library/Bee/Android/Prj/IL2CPP/Il2CppBackup/il2cppOutput/Generics__23.cpp
[671/874    0s] CopyFiles /__w/avalon-the-waking-gates/avalon-the-waking-gates/unity/Library/Bee/Android/Prj/IL2CPP/Il2CppBackup/il2cppOutput/mscorlib__16.cpp
[672/874    0s] CopyFiles /__w/avalon-the-waking-gates/avalon-the-waking-gates/unity/Library/Bee/Android/Prj/IL2CPP/Il2CppBackup/il2cppOutput/Generics__39.cpp
[673/874    0s] CopyFiles /__w/avalon-the-waking-gates/avalon-the-waking-gates/unity/Library/Bee/Android/Prj/IL2CPP/Il2CppBackup/il2cppOutput/Generics__46.cpp
[674/874    0s] CopyFiles /__w/avalon-the-waking-gates/avalon-the-waking-gates/unity/Library/Bee/Android/Prj/IL2CPP/Il2CppBackup/il2cppOutput/Generics__57.cpp
[675/874    0s] CopyFiles /__w/avalon-the-waking-gates/avalon-the-waking-gates/unity/Library/Bee/Android/Prj/IL2CPP/Il2CppBackup/il2cppOutput/Generics__53.cpp
[676/874    0s] CopyFiles /__w/avalon-the-waking-gates/avalon-the-waking-gates/unity/Library/Bee/Android/Prj/IL2CPP/Il2CppBackup/il2cppOutput/Generics__20.cpp
[677/874    0s] CopyFiles /__w/avalon-the-waking-gates/avalon-the-waking-gates/unity/Library/Bee/Android/Prj/IL2CPP/Il2CppBackup/il2cppOutput/Generics__29.cpp
[678/874    0s] CopyFiles /__w/avalon-the-waking-gates/avalon-the-waking-gates/unity/Library/Bee/Android/Prj/IL2CPP/Il2CppBackup/il2cppOutput/mscorlib__13.cpp
[679/874    0s] CopyFiles /__w/avalon-the-waking-gates/avalon-the-waking-gates/unity/Library/Bee/Android/Prj/IL2CPP/Il2CppBackup/il2cppOutput/Generics__51.cpp
[680/874    0s] CopyFiles /__w/avalon-the-waking-gates/avalon-the-waking-gates/unity/Library/Bee/Android/Prj/IL2CPP/Il2CppBackup/il2cppOutput/Generics__44.cpp
[681/874    0s] CopyFiles /__w/avalon-the-waking-gates/avalon-the-waking-gates/unity/Library/Bee/Android/Prj/IL2CPP/Il2CppBackup/il2cppOutput/System.Runtime.CompilerServices.Unsafe.cpp
[682/874    0s] CopyFiles /__w/avalon-the-waking-gates/avalon-the-waking-gates/unity/Library/Bee/Android/Prj/IL2CPP/Il2CppBackup/il2cppOutput/System.Runtime.CompilerServices.Unsafe_CodeGen.c
[683/874    0s] CopyFiles /__w/avalon-the-waking-gates/avalon-the-waking-gates/unity/Library/Bee/Android/Prj/IL2CPP/Il2CppBackup/il2cppOutput/UnityEngine.UIElementsModule__5.cpp
[684/874    0s] CopyFiles /__w/avalon-the-waking-gates/avalon-the-waking-gates/unity/Library/Bee/Android/Prj/IL2CPP/Il2CppBackup/il2cppOutput/UnityEngine.UIElementsModule__4.cpp
[685/874    0s] CopyFiles /__w/avalon-the-waking-gates/avalon-the-waking-gates/unity/Library/Bee/Android/Prj/IL2CPP/Il2CppBackup/il2cppOutput/Mono.Security.cpp
[686/874    0s] CopyFiles /__w/avalon-the-waking-gates/avalon-the-waking-gates/unity/Library/Bee/Android/Prj/IL2CPP/Il2CppBackup/il2cppOutput/UnityEngine.TextRenderingModule_CodeGen.c
[687/874    0s] CopyFiles /__w/avalon-the-waking-gates/avalon-the-waking-gates/unity/Library/Bee/Android/Prj/IL2CPP/Il2CppBackup/il2cppOutput/UnityEngine.TextCoreTextEngineModule__1.cpp
[688/874    0s] CopyFiles /__w/avalon-the-waking-gates/avalon-the-waking-gates/unity/Library/Bee/Android/Prj/IL2CPP/Il2CppBackup/il2cppOutput/UnityEngine.TextCoreTextEngineModule__2.cpp
[689/874    0s] CopyFiles /__w/avalon-the-waking-gates/avalon-the-waking-gates/unity/Library/Bee/Android/Prj/IL2CPP/Il2CppBackup/il2cppOutput/UnityEngine.TextCoreTextEngineModule__3.cpp
[690/874    0s] CopyFiles /__w/avalon-the-waking-gates/avalon-the-waking-gates/unity/Library/Bee/Android/Prj/IL2CPP/Il2CppBackup/il2cppOutput/UnityEngine.TextCoreTextEngineModule_CodeGen.c
[691/874    0s] CopyFiles /__w/avalon-the-waking-gates/avalon-the-waking-gates/unity/Library/Bee/Android/Prj/IL2CPP/Il2CppBackup/il2cppOutput/Il2CppGenericMethodDefinitions.c
[692/874    4s] C_Android_arm64 Library/Bee/artifacts/Android/d8kzr/shs5m3t1ief2.o
[693/874    0s] CopyFiles /__w/avalon-the-waking-gates/avalon-the-waking-gates/unity/Library/Bee/Android/Prj/IL2CPP/Il2CppBackup/il2cppOutput/UnityEngine.UI_CodeGen.c
[694/874    0s] CopyFiles /__w/avalon-the-waking-gates/avalon-the-waking-gates/unity/Library/Bee/Android/Prj/IL2CPP/Il2CppBackup/il2cppOutput/UnityEngine.UIElementsModule.cpp
[695/874    0s] CopyFiles /__w/avalon-the-waking-gates/avalon-the-waking-gates/unity/Library/Bee/Android/Prj/IL2CPP/Il2CppBackup/il2cppOutput/GenericMethods__5.cpp
[696/874    0s] CopyFiles /__w/avalon-the-waking-gates/avalon-the-waking-gates/unity/Library/Bee/Android/Prj/IL2CPP/Il2CppBackup/il2cppOutput/Generics__16.cpp
[697/874    0s] CopyFiles /__w/avalon-the-waking-gates/avalon-the-waking-gates/unity/Library/Bee/Android/Prj/IL2CPP/Il2CppBackup/il2cppOutput/UnityEngine.UI__2.cpp
[698/874    0s] CopyFiles /__w/avalon-the-waking-gates/avalon-the-waking-gates/unity/Library/Bee/Android/Prj/IL2CPP/Il2CppBackup/il2cppOutput/GenericMethods__7.cpp
[699/874    0s] CopyFiles /__w/avalon-the-waking-gates/avalon-the-waking-gates/unity/Library/Bee/Android/Prj/IL2CPP/Il2CppBackup/il2cppOutput/GenericMethods__2.cpp
[700/874    0s] CopyFiles /__w/avalon-the-waking-gates/avalon-the-waking-gates/unity/Library/Bee/Android/Prj/IL2CPP/Il2CppBackup/il2cppOutput/GenericMethods__6.cpp
[701/874    0s] CopyFiles /__w/avalon-the-waking-gates/avalon-the-waking-gates/unity/Library/Bee/Android/Prj/IL2CPP/Il2CppBackup/il2cppOutput/GenericMethods__3.cpp
[702/874    0s] CopyFiles /__w/avalon-the-waking-gates/avalon-the-waking-gates/unity/Library/Bee/Android/Prj/IL2CPP/Il2CppBackup/il2cppOutput/GenericMethods__1.cpp
[703/874    0s] CopyFiles /__w/avalon-the-waking-gates/avalon-the-waking-gates/unity/Library/Bee/Android/Prj/IL2CPP/Il2CppBackup/il2cppOutput/GenericMethods__4.cpp
[704/874    0s] CopyFiles /__w/avalon-the-waking-gates/avalon-the-waking-gates/unity/Library/Bee/Android/Prj/IL2CPP/Il2CppBackup/il2cppOutput/GenericMethods__9.cpp
[705/874    0s] CopyFiles /__w/avalon-the-waking-gates/avalon-the-waking-gates/unity/Library/Bee/Android/Prj/IL2CPP/Il2CppBackup/il2cppOutput/UnityEngine.UI__3.cpp
[706/874    0s] CopyFiles /__w/avalon-the-waking-gates/avalon-the-waking-gates/unity/Library/Bee/Android/Prj/IL2CPP/Il2CppBackup/il2cppOutput/GenericMethods__8.cpp
[707/874    0s] CopyFiles /__w/avalon-the-waking-gates/avalon-the-waking-gates/unity/Library/Bee/Android/Prj/IL2CPP/Il2CppBackup/il2cppOutput/Il2CppMetadataRegistration.c
[708/874    0s] CopyFiles /__w/avalon-the-waking-gates/avalon-the-waking-gates/unity/Library/Bee/Android/Prj/IL2CPP/Il2CppBackup/il2cppOutput/Il2CppCodeRegistration.cpp
[709/874    0s] CopyFiles /__w/avalon-the-waking-gates/avalon-the-waking-gates/unity/Library/Bee/Android/Prj/IL2CPP/Il2CppBackup/il2cppOutput/Generics__35.cpp
[710/874    0s] CopyFiles /__w/avalon-the-waking-gates/avalon-the-waking-gates/unity/Library/Bee/Android/Prj/IL2CPP/Il2CppBackup/il2cppOutput/GenericMethods__14.cpp
[711/874    1s] Link_Android_arm32 Library/Bee/artifacts/Android/iz17e/libil2cpp.so
[712/874    0s] CopyFiles /__w/avalon-the-waking-gates/avalon-the-waking-gates/unity/Library/Bee/Android/Prj/IL2CPP/Il2CppBackup/il2cppOutput/UnityEngine.UI__1.cpp
[713/874    0s] CopyFiles /__w/avalon-the-waking-gates/avalon-the-waking-gates/unity/Library/Bee/Android/Prj/IL2CPP/Il2CppBackup/il2cppOutput/Il2CppCCalculateFieldValues.cpp
[714/874    0s] CopyFiles /__w/avalon-the-waking-gates/avalon-the-waking-gates/unity/Library/Bee/Android/Prj/IL2CPP/Il2CppBackup/il2cppOutput/Generics__31.cpp
[715/874    0s] CopyFiles /__w/avalon-the-waking-gates/avalon-the-waking-gates/unity/Library/Bee/Android/Prj/IL2CPP/Il2CppBackup/il2cppOutput/Generics__17.cpp
[716/874    0s] CopyFiles /__w/avalon-the-waking-gates/avalon-the-waking-gates/unity/Library/Bee/Android/Prj/IL2CPP/Il2CppBackup/il2cppOutput/Generics__27.cpp
[717/874    0s] CopyFiles /__w/avalon-the-waking-gates/avalon-the-waking-gates/unity/Library/Bee/Android/Prj/IL2CPP/Il2CppBackup/il2cppOutput/Generics__52.cpp
[718/874    0s] CopyFiles /__w/avalon-the-waking-gates/avalon-the-waking-gates/unity/Library/Bee/Android/Prj/IL2CPP/Il2CppBackup/il2cppOutput/Generics__10.cpp
[719/874    0s] CopyFiles /__w/avalon-the-waking-gates/avalon-the-waking-gates/unity/Library/Bee/Android/Prj/IL2CPP/Il2CppBackup/il2cppOutput/Generics__43.cpp
[720/874    0s] CopyFiles /__w/avalon-the-waking-gates/avalon-the-waking-gates/unity/Library/Bee/Android/Prj/IL2CPP/Il2CppBackup/il2cppOutput/mscorlib__15.cpp
[721/874    0s] CopyFiles /__w/avalon-the-waking-gates/avalon-the-waking-gates/unity/Library/Bee/Android/Prj/IL2CPP/Il2CppBackup/il2cppOutput/Generics__50.cpp
[722/874    0s] CopyFiles /__w/avalon-the-waking-gates/avalon-the-waking-gates/unity/Library/Bee/Android/Prj/IL2CPP/Il2CppBackup/il2cppOutput/System__2.cpp
[723/874    0s] CopyFiles /__w/avalon-the-waking-gates/avalon-the-waking-gates/unity/Library/Bee/Android/Prj/IL2CPP/Il2CppBackup/il2cppOutput/Generics__34.cpp
[724/874    0s] CopyFiles /__w/avalon-the-waking-gates/avalon-the-waking-gates/unity/Library/Bee/Android/Prj/IL2CPP/Il2CppBackup/il2cppOutput/Generics__19.cpp
[725/874    0s] CopyFiles /__w/avalon-the-waking-gates/avalon-the-waking-gates/unity/Library/Bee/Android/Prj/IL2CPP/Il2CppBackup/il2cppOutput/Generics__28.cpp
[726/874    0s] CopyFiles /__w/avalon-the-waking-gates/avalon-the-waking-gates/unity/Library/Bee/Android/Prj/IL2CPP/Il2CppBackup/il2cppOutput/Generics__55.cpp
[727/874    0s] CopyFiles /__w/avalon-the-waking-gates/avalon-the-waking-gates/unity/Library/Bee/Android/Prj/IL2CPP/Il2CppBackup/il2cppOutput/Generics__36.cpp
[728/874    0s] CopyFiles Library/Bee/artifacts/objcopy_b9ry/libil2cpp.dbg.so
[729/874    0s] CopyFiles /__w/avalon-the-waking-gates/avalon-the-waking-gates/unity/Library/Bee/artifacts/Android/il2cppOutput/build/armeabi-v7a/libil2cpp.dbg.so
[730/874    0s] CopyFiles /__w/avalon-the-waking-gates/avalon-the-waking-gates/unity/Library/Bee/Android/Prj/IL2CPP/Il2CppBackup/il2cppOutput/mscorlib__17.cpp
[731/874    0s] CopyFiles /__w/avalon-the-waking-gates/avalon-the-waking-gates/unity/Library/Bee/Android/Prj/IL2CPP/Il2CppBackup/il2cppOutput/mscorlib__6.cpp
[732/874    0s] CopyFiles /__w/avalon-the-waking-gates/avalon-the-waking-gates/unity/Library/Bee/Android/Prj/IL2CPP/Il2CppBackup/il2cppOutput/mscorlib__2.cpp
[733/874    0s] CopyFiles /__w/avalon-the-waking-gates/avalon-the-waking-gates/unity/Library/Bee/Android/Prj/IL2CPP/Il2CppBackup/il2cppOutput/mscorlib__7.cpp
[734/874    0s] CopyFiles /__w/avalon-the-waking-gates/avalon-the-waking-gates/unity/Library/Bee/Android/Prj/IL2CPP/Il2CppBackup/il2cppOutput/mscorlib__1.cpp
[735/874    0s] CopyFiles /__w/avalon-the-waking-gates/avalon-the-waking-gates/unity/Library/Bee/Android/Prj/IL2CPP/Il2CppBackup/il2cppOutput/UnityEngine.CoreModule__1.cpp
[736/874    0s] CopyFiles /__w/avalon-the-waking-gates/avalon-the-waking-gates/unity/Library/Bee/Android/Prj/IL2CPP/Il2CppBackup/il2cppOutput/System.Core.cpp
[737/874    0s] CopyFiles /__w/avalon-the-waking-gates/avalon-the-waking-gates/unity/Library/Bee/Android/Prj/IL2CPP/Il2CppBackup/il2cppOutput/Generics__4.cpp
[738/874    0s] CopyFiles /__w/avalon-the-waking-gates/avalon-the-waking-gates/unity/Library/Bee/Android/Prj/IL2CPP/Il2CppBackup/il2cppOutput/Generics__1.cpp
[739/874    0s] CopyFiles /__w/avalon-the-waking-gates/avalon-the-waking-gates/unity/Library/Bee/Android/Prj/IL2CPP/Il2CppBackup/il2cppOutput/Generics__2.cpp
[740/874    0s] CopyFiles /__w/avalon-the-waking-gates/avalon-the-waking-gates/unity/Library/Bee/Android/Prj/IL2CPP/Il2CppBackup/il2cppOutput/__Generated.cpp
[741/874    0s] CopyFiles /__w/avalon-the-waking-gates/avalon-the-waking-gates/unity/Library/Bee/Android/Prj/IL2CPP/Il2CppBackup/il2cppOutput/Generics__3.cpp
[742/874    0s] CopyFiles /__w/avalon-the-waking-gates/avalon-the-waking-gates/unity/Library/Bee/Android/Prj/IL2CPP/Il2CppBackup/il2cppOutput/Il2CppGenericInstDefinitions.c
[743/874    0s] CopyFiles /__w/avalon-the-waking-gates/avalon-the-waking-gates/unity/Library/Bee/Android/Prj/IL2CPP/Il2CppBackup/il2cppOutput/UnityEngine.UIModule_CodeGen.c
[744/874    0s] CopyFiles /__w/avalon-the-waking-gates/avalon-the-waking-gates/unity/Library/Bee/Android/Prj/IL2CPP/Il2CppBackup/il2cppOutput/UnityEngine.UIElementsModule__8.cpp
[745/874    0s] CopyFiles /__w/avalon-the-waking-gates/avalon-the-waking-gates/unity/Library/Bee/Android/Prj/IL2CPP/Il2CppBackup/il2cppOutput/mscorlib__4.cpp
[746/874    0s] CopyFiles /__w/avalon-the-waking-gates/avalon-the-waking-gates/unity/Library/Bee/Android/Prj/IL2CPP/Il2CppBackup/il2cppOutput/mscorlib__9.cpp
[747/874    0s] NdkObjCopy Library/Bee/artifacts/objcopy_b9ry/stripped/libil2cpp.so
[748/874    0s] CopyFiles /__w/avalon-the-waking-gates/avalon-the-waking-gates/unity/Library/Bee/Android/Prj/IL2CPP/Il2CppBackup/il2cppOutput/Generics__9.cpp
[749/874    0s] CopyFiles /__w/avalon-the-waking-gates/avalon-the-waking-gates/unity/Library/Bee/Android/Prj/IL2CPP/Il2CppBackup/il2cppOutput/mscorlib__3.cpp
[750/874    0s] CopyFiles /__w/avalon-the-waking-gates/avalon-the-waking-gates/unity/Library/Bee/Android/Prj/IL2CPP/Il2CppBackup/il2cppOutput/Assembly-CSharp_CodeGen.c
[751/874    0s] CopyFiles /__w/avalon-the-waking-gates/avalon-the-waking-gates/unity/Library/Bee/Android/Prj/IL2CPP/Il2CppBackup/il2cppOutput/Generics__7.cpp
[752/874    0s] CopyFiles /__w/avalon-the-waking-gates/avalon-the-waking-gates/unity/Library/Bee/Android/Prj/IL2CPP/Il2CppBackup/il2cppOutput/Unity.Scripting_CodeGen.c
[753/874    0s] CopyFiles /__w/avalon-the-waking-gates/avalon-the-waking-gates/unity/Library/Bee/Android/Prj/IL2CPP/Il2CppBackup/il2cppOutput/UnityEngine.InputForUIModule.cpp
[754/874    0s] CopyFiles /__w/avalon-the-waking-gates/avalon-the-waking-gates/unity/Library/Bee/Android/Prj/IL2CPP/Il2CppBackup/il2cppOutput/System.Xml_CodeGen.c
[755/874    0s] CopyFiles /__w/avalon-the-waking-gates/avalon-the-waking-gates/unity/Library/Bee/Android/Prj/IL2CPP/Il2CppBackup/il2cppOutput/UnityEngine.SharedInternalsModule.cpp
[756/874    0s] CopyFiles /__w/avalon-the-waking-gates/avalon-the-waking-gates/unity/Library/Bee/Android/Prj/IL2CPP/Il2CppBackup/il2cppOutput/Il2CppInteropDataTable.cpp
[757/874    0s] CopyFiles /__w/avalon-the-waking-gates/avalon-the-waking-gates/unity/Library/Bee/Android/Prj/IL2CPP/Il2CppBackup/il2cppOutput/UnityEngine.UIElementsModule__2.cpp
[758/874    0s] CopyFiles /__w/avalon-the-waking-gates/avalon-the-waking-gates/unity/Library/Bee/Android/Prj/IL2CPP/Il2CppBackup/il2cppOutput/UnityEngine.PropertiesModule_CodeGen.c
[759/874    0s] CopyFiles /__w/avalon-the-waking-gates/avalon-the-waking-gates/unity/Library/Bee/Android/Prj/IL2CPP/Il2CppBackup/il2cppOutput/UnityEngine.ScriptingModule.cpp
[760/874    0s] CopyFiles /__w/avalon-the-waking-gates/avalon-the-waking-gates/unity/Library/Bee/Android/Prj/IL2CPP/Il2CppBackup/il2cppOutput/UnityEngine.JSONSerializeModule.cpp
[761/874    0s] CopyFiles /__w/avalon-the-waking-gates/avalon-the-waking-gates/unity/Library/Bee/Android/Prj/IL2CPP/Il2CppBackup/il2cppOutput/UnityEngine.IMGUIModule.cpp
[762/874    0s] CopyFiles /__w/avalon-the-waking-gates/avalon-the-waking-gates/unity/Library/Bee/Android/Prj/IL2CPP/Il2CppBackup/il2cppOutput/System.Configuration.cpp
[763/874    0s] CopyFiles /__w/avalon-the-waking-gates/avalon-the-waking-gates/unity/Library/Bee/Android/Prj/IL2CPP/Il2CppBackup/il2cppOutput/UnityEngine.UIElementsModule__1.cpp
[764/874    0s] CopyFiles /__w/avalon-the-waking-gates/avalon-the-waking-gates/unity/Library/Bee/Android/Prj/IL2CPP/Il2CppBackup/il2cppOutput/System.Configuration_CodeGen.c
[765/874    0s] CopyFiles /__w/avalon-the-waking-gates/avalon-the-waking-gates/unity/Library/Bee/Android/Prj/IL2CPP/Il2CppBackup/il2cppOutput/UnityEngine.UIModule.cpp
[766/874    0s] CopyFiles /__w/avalon-the-waking-gates/avalon-the-waking-gates/unity/Library/Bee/Android/Prj/IL2CPP/Il2CppBackup/il2cppOutput/UnityEngine.TextCoreFontEngineModule.cpp
[767/874    0s] CopyFiles /__w/avalon-the-waking-gates/avalon-the-waking-gates/unity/Library/Bee/Android/Prj/IL2CPP/Il2CppBackup/il2cppOutput/UnityEngine.UIElementsModule_CodeGen.c
[768/874    0s] CopyFiles /__w/avalon-the-waking-gates/avalon-the-waking-gates/unity/Library/Bee/Android/Prj/IL2CPP/Il2CppBackup/il2cppOutput/Il2CppGenericAdjustorThunkTable.c
[769/874    0s] CopyFiles /__w/avalon-the-waking-gates/avalon-the-waking-gates/unity/Library/Bee/artifacts/Android/il2cppOutput/build/armeabi-v7a/Data/Metadata/global-metadata.dat
[770/874    0s] CopyFiles /__w/avalon-the-waking-gates/avalon-the-waking-gates/unity/Library/Bee/Android/Prj/IL2CPP/Il2CppBackup/il2cppOutput/UnityEngine.HierarchyCoreModule.cpp
[771/874    0s] CopyFiles /__w/avalon-the-waking-gates/avalon-the-waking-gates/unity/Library/Bee/Android/Prj/IL2CPP/Il2CppBackup/il2cppOutput/UnityEngine.CoreModule.cpp
[772/874    0s] CopyFiles /__w/avalon-the-waking-gates/avalon-the-waking-gates/unity/Library/Bee/Android/Prj/IL2CPP/Il2CppBackup/il2cppOutput/UnityEngine.AndroidJNIModule.cpp
[773/874    0s] CopyFiles /__w/avalon-the-waking-gates/avalon-the-waking-gates/unity/Library/Bee/Android/Prj/IL2CPP/Il2CppBackup/il2cppOutput/Generics__60.cpp
[774/874    0s] CopyFiles /__w/avalon-the-waking-gates/avalon-the-waking-gates/unity/Library/Bee/Android/Prj/IL2CPP/Il2CppBackup/il2cppOutput/UnityEngine.AudioModule_CodeGen.c
[775/874    0s] CopyFiles /__w/avalon-the-waking-gates/avalon-the-waking-gates/unity/Library/Bee/Android/Prj/IL2CPP/Il2CppBackup/il2cppOutput/System.cpp
[776/874    0s] CopyFiles /__w/avalon-the-waking-gates/avalon-the-waking-gates/unity/Library/Bee/Android/Prj/IL2CPP/Il2CppBackup/il2cppOutput/UnityEngine.UIElementsModule__11.cpp
[777/874    0s] CopyFiles /__w/avalon-the-waking-gates/avalon-the-waking-gates/unity/Library/Bee/Android/Prj/IL2CPP/Il2CppBackup/il2cppOutput/Generics__22.cpp
[778/874    0s] CopyFiles /__w/avalon-the-waking-gates/avalon-the-waking-gates/unity/Library/Bee/Android/Prj/IL2CPP/Il2CppBackup/il2cppOutput/UnityEngine.UIElementsModule__10.cpp
[779/874    0s] CopyFiles /__w/avalon-the-waking-gates/avalon-the-waking-gates/unity/Library/Bee/Android/Prj/IL2CPP/Il2CppBackup/il2cppOutput/UnityEngine.JSONSerializeModule_CodeGen.c
[780/874    0s] CopyFiles /__w/avalon-the-waking-gates/avalon-the-waking-gates/unity/Library/Bee/Android/Prj/IL2CPP/Il2CppBackup/il2cppOutput/UnityEngine.UIElementsModule__3.cpp
[781/874    0s] CopyFiles /__w/avalon-the-waking-gates/avalon-the-waking-gates/unity/Library/Bee/Android/Prj/IL2CPP/Il2CppBackup/il2cppOutput/UnityEngine.cpp
[782/874    0s] CopyFiles /__w/avalon-the-waking-gates/avalon-the-waking-gates/unity/Library/Bee/Android/Prj/IL2CPP/Il2CppBackup/il2cppOutput/Il2CppReversePInvokeWrapperTable.cpp
[783/874    0s] CopyFiles /__w/avalon-the-waking-gates/avalon-the-waking-gates/unity/Library/Bee/artifacts/Android/il2cppOutput/build/armeabi-v7a/Data/Resources/mscorlib.dll-resources.dat
[784/874    0s] CopyFiles /__w/avalon-the-waking-gates/avalon-the-waking-gates/unity/Library/Bee/Android/Prj/IL2CPP/Il2CppBackup/il2cppOutput/UnityEngine.CoreModule__2.cpp
[785/874    0s] CopyFiles /__w/avalon-the-waking-gates/avalon-the-waking-gates/unity/Library/Bee/Android/Prj/IL2CPP/Il2CppBackup/il2cppOutput/Il2CppCCalculateFieldValues1.cpp
[786/874    0s] CopyFiles /__w/avalon-the-waking-gates/avalon-the-waking-gates/unity/Library/Bee/Android/Prj/IL2CPP/Il2CppBackup/il2cppOutput/UnityEngine.SpriteShapeModule_CodeGen.c
[787/874    0s] CopyFiles /__w/avalon-the-waking-gates/avalon-the-waking-gates/unity/Library/Bee/Android/Prj/IL2CPP/Il2CppBackup/il2cppOutput/UnityEngine.PhysicsModule.cpp
[788/874    0s] CopyFiles /__w/avalon-the-waking-gates/avalon-the-waking-gates/unity/Library/Bee/Android/Prj/IL2CPP/Il2CppBackup/il2cppOutput/UnityEngine.UIElementsModule__15.cpp
[789/874    0s] CopyFiles /__w/avalon-the-waking-gates/avalon-the-waking-gates/unity/Library/Bee/Android/Prj/IL2CPP/Il2CppBackup/il2cppOutput/UnityEngine.TextRenderingModule.cpp
[790/874    0s] CopyFiles /__w/avalon-the-waking-gates/avalon-the-waking-gates/unity/Library/Bee/Android/Prj/IL2CPP/Il2CppBackup/il2cppOutput/mscorlib.cpp
[791/874    0s] CopyFiles /__w/avalon-the-waking-gates/avalon-the-waking-gates/unity/Library/Bee/Android/Prj/IL2CPP/Il2CppBackup/il2cppOutput/Generics.cpp
[792/874    0s] CopyFiles /__w/avalon-the-waking-gates/avalon-the-waking-gates/unity/Library/Bee/Android/Prj/IL2CPP/Il2CppBackup/il2cppOutput/UnityEngine.AudioModule.cpp
[793/874    0s] CopyFiles /__w/avalon-the-waking-gates/avalon-the-waking-gates/unity/Library/Bee/Android/Prj/IL2CPP/Il2CppBackup/il2cppOutput/UnityEngine.UIElementsModule__12.cpp
[794/874    0s] CopyFiles /__w/avalon-the-waking-gates/avalon-the-waking-gates/unity/Library/Bee/Android/Prj/IL2CPP/Il2CppBackup/il2cppOutput/UnityEngine.UIElementsModule__7.cpp
[795/874    0s] CopyFiles /__w/avalon-the-waking-gates/avalon-the-waking-gates/unity/Library/Bee/Android/Prj/IL2CPP/Il2CppBackup/il2cppOutput/UnityEngine.PropertiesModule.cpp
[796/874    0s] CopyFiles /__w/avalon-the-waking-gates/avalon-the-waking-gates/unity/Library/Bee/Android/Prj/IL2CPP/Il2CppBackup/il2cppOutput/UnityEngine.Physics2DModule.cpp
[797/874    0s] CopyFiles /__w/avalon-the-waking-gates/avalon-the-waking-gates/unity/Library/Bee/Android/Prj/IL2CPP/Il2CppBackup/il2cppOutput/System__3.cpp
[798/874    0s] CopyFiles /__w/avalon-the-waking-gates/avalon-the-waking-gates/unity/Library/Bee/Android/Prj/IL2CPP/Il2CppBackup/il2cppOutput/UnityEngine.ScriptingModule_CodeGen.c
[799/874    0s] NdkObjCopy Library/Bee/artifacts/objcopy_b9ry/libil2cpp.sym.so
[800/874    0s] CopyFiles /__w/avalon-the-waking-gates/avalon-the-waking-gates/unity/Library/Bee/artifacts/Android/il2cppOutput/build/armeabi-v7a/libil2cpp.sym.so
[801/874    0s] CopyFiles /__w/avalon-the-waking-gates/avalon-the-waking-gates/unity/Library/Bee/Android/Prj/IL2CPP/Il2CppBackup/il2cppOutput/UnityEngine.UIElementsModule__6.cpp
[802/874    0s] CopyFiles /__w/avalon-the-waking-gates/avalon-the-waking-gates/unity/Library/Bee/Android/Prj/IL2CPP/Il2CppBackup/il2cppOutput/Generics__8.cpp
[803/874    0s] CopyFiles /__w/avalon-the-waking-gates/avalon-the-waking-gates/unity/Library/Bee/Android/Prj/IL2CPP/Il2CppBackup/il2cppOutput/mscorlib__8.cpp
[804/874    0s] CopyFiles /__w/avalon-the-waking-gates/avalon-the-waking-gates/unity/Library/Bee/Android/Prj/IL2CPP/Il2CppBackup/il2cppOutput/mscorlib__5.cpp
[805/874    0s] CopyFiles /__w/avalon-the-waking-gates/avalon-the-waking-gates/unity/Library/Bee/Android/Prj/IL2CPP/Il2CppBackup/il2cppOutput/Generics__5.cpp
[806/874    0s] CopyFiles /__w/avalon-the-waking-gates/avalon-the-waking-gates/unity/Library/Bee/Android/Prj/IL2CPP/Il2CppBackup/il2cppOutput/analytics.json
[807/874    0s] CopyFiles /__w/avalon-the-waking-gates/avalon-the-waking-gates/unity/Library/Bee/Android/Prj/IL2CPP/Il2CppBackup/il2cppOutput/UnityEngine.InputLegacyModule.cpp
[808/874    0s] CopyFiles /__w/avalon-the-waking-gates/avalon-the-waking-gates/unity/Library/Bee/Android/Prj/IL2CPP/Il2CppBackup/il2cppOutput/UnityEngine.PhysicsModule_CodeGen.c
[809/874    0s] CopyFiles /__w/avalon-the-waking-gates/avalon-the-waking-gates/unity/Library/Bee/Android/Prj/IL2CPP/Il2CppBackup/il2cppOutput/Mono.Security_CodeGen.c
[810/874    0s] CopyFiles /__w/avalon-the-waking-gates/avalon-the-waking-gates/unity/Library/Bee/Android/Prj/IL2CPP/Il2CppBackup/il2cppOutput/UnityEngine.AnimationModule.cpp
[811/874    0s] CopyFiles /__w/avalon-the-waking-gates/avalon-the-waking-gates/unity/Library/Bee/Android/Prj/IL2CPP/Gradle/unityLibrary/src/main/assets/bin/Data/Managed/Resources/mscorlib.dll-resources.dat
[812/874    0s] CopyFiles /__w/avalon-the-waking-gates/avalon-the-waking-gates/unity/Library/Bee/Android/Prj/IL2CPP/Il2CppBackup/il2cppOutput/UnityEngine.UnityWebRequestModule_CodeGen.c
[813/874    0s] CopyFiles /__w/avalon-the-waking-gates/avalon-the-waking-gates/unity/Library/Bee/Android/Prj/IL2CPP/Il2CppBackup/il2cppOutput/UnityEngine.HierarchyCoreModule_CodeGen.c
[814/874    0s] CopyFiles /__w/avalon-the-waking-gates/avalon-the-waking-gates/unity/Library/Bee/Android/Prj/IL2CPP/Il2CppBackup/il2cppOutput/Generics__56.cpp
[815/874    0s] CopyFiles /__w/avalon-the-waking-gates/avalon-the-waking-gates/unity/Library/Bee/Android/Prj/IL2CPP/Il2CppBackup/il2cppOutput/UnityEngine.TextCoreFontEngineModule_CodeGen.c
[816/874    0s] CopyFiles /__w/avalon-the-waking-gates/avalon-the-waking-gates/unity/Library/Bee/Android/Prj/IL2CPP/Il2CppBackup/il2cppOutput/Il2CppGenericMethodTable.c
[817/874    0s] GuidGenerator /__w/avalon-the-waking-gates/avalon-the-waking-gates/unity/Library/Bee/Android/Prj/IL2CPP/Gradle/unityLibrary/src/main/assets/bin/Data/unity_app_guid
[818/874    0s] CopyFiles /__w/avalon-the-waking-gates/avalon-the-waking-gates/unity/Library/Bee/Android/Prj/IL2CPP/Il2CppBackup/il2cppOutput/Generics__65.cpp
[819/874    0s] CopyFiles /__w/avalon-the-waking-gates/avalon-the-waking-gates/unity/Library/Bee/Android/Prj/IL2CPP/Il2CppBackup/il2cppOutput/Generics__41.cpp
[820/874    0s] CopyFiles /__w/avalon-the-waking-gates/avalon-the-waking-gates/unity/Library/Bee/Android/Prj/IL2CPP/Il2CppBackup/il2cppOutput/Generics__32.cpp
[821/874    0s] CopyFiles /__w/avalon-the-waking-gates/avalon-the-waking-gates/unity/Library/Bee/Android/Prj/IL2CPP/Il2CppBackup/il2cppOutput/mscorlib__14.cpp
[822/874    0s] CopyFiles /__w/avalon-the-waking-gates/avalon-the-waking-gates/unity/Library/Bee/Android/Prj/IL2CPP/Il2CppBackup/il2cppOutput/Generics__64.cpp
[823/874    0s] CopyFiles /__w/avalon-the-waking-gates/avalon-the-waking-gates/unity/Library/Bee/Android/Prj/IL2CPP/Il2CppBackup/il2cppOutput/Generics__62.cpp
[824/874    0s] CopyFiles /__w/avalon-the-waking-gates/avalon-the-waking-gates/unity/Library/Bee/Android/Prj/IL2CPP/Il2CppBackup/il2cppOutput/mscorlib__12.cpp
[825/874    0s] CopyFiles /__w/avalon-the-waking-gates/avalon-the-waking-gates/unity/Library/Bee/Android/Prj/IL2CPP/Il2CppBackup/il2cppOutput/System__1.cpp
[826/874    0s] CopyFiles /__w/avalon-the-waking-gates/avalon-the-waking-gates/unity/Library/Bee/Android/Prj/IL2CPP/Il2CppBackup/il2cppOutput/Assembly-CSharp.cpp
[827/874    0s] CopyFiles /__w/avalon-the-waking-gates/avalon-the-waking-gates/unity/Library/Bee/Android/Prj/IL2CPP/Il2CppBackup/il2cppOutput/Generics__37.cpp
[828/874    0s] NdkObjCopy Library/Bee/artifacts/objcopy_b9ry/libil2cpp.so
[829/874    0s] CopyFiles /__w/avalon-the-waking-gates/avalon-the-waking-gates/unity/Library/Bee/Android/Prj/IL2CPP/Il2CppBackup/il2cppOutput/Generics__13.cpp
[830/874    0s] CopyFiles /__w/avalon-the-waking-gates/avalon-the-waking-gates/unity/Library/Bee/Android/Prj/IL2CPP/Gradle/unityLibrary/src/main/assets/bin/Data/Managed/Metadata/global-metadata.dat
[831/874    0s] CopyFiles /__w/avalon-the-waking-gates/avalon-the-waking-gates/unity/Library/Bee/Android/Prj/IL2CPP/Il2CppBackup/il2cppOutput/Generics__12.cpp
[832/874    0s] CopyFiles /__w/avalon-the-waking-gates/avalon-the-waking-gates/unity/Library/Bee/Android/Prj/IL2CPP/Il2CppBackup/il2cppOutput/UnityEngine.AndroidJNIModule_CodeGen.c
[833/874    0s] CopyFiles /__w/avalon-the-waking-gates/avalon-the-waking-gates/unity/Library/Bee/Android/Prj/IL2CPP/Il2CppBackup/il2cppOutput/Generics__26.cpp
[834/874    0s] CopyFiles /__w/avalon-the-waking-gates/avalon-the-waking-gates/unity/Library/Bee/Android/Prj/IL2CPP/Il2CppBackup/il2cppOutput/Generics__38.cpp
[835/874    0s] CopyFiles /__w/avalon-the-waking-gates/avalon-the-waking-gates/unity/Library/Bee/Android/Prj/IL2CPP/Il2CppBackup/il2cppOutput/Generics__25.cpp
[836/874    0s] CopyFiles /__w/avalon-the-waking-gates/avalon-the-waking-gates/unity/Library/Bee/Android/Prj/IL2CPP/Il2CppBackup/il2cppOutput/UnityEngine.ContentLoadModule_CodeGen.c
[837/874    0s] CopyFiles /__w/avalon-the-waking-gates/avalon-the-waking-gates/unity/Library/Bee/Android/Prj/IL2CPP/Il2CppBackup/il2cppOutput/UnityEngine.SpriteShapeModule.cpp
[838/874    0s] CopyFiles /__w/avalon-the-waking-gates/avalon-the-waking-gates/unity/Library/Bee/Android/Prj/IL2CPP/Il2CppBackup/il2cppOutput/Il2CppCCalculateTypeValues.cpp
[839/874    0s] CopyFiles /__w/avalon-the-waking-gates/avalon-the-waking-gates/unity/Library/Bee/Android/Prj/IL2CPP/Il2CppBackup/il2cppOutput/UnityEngine.CoreModule_CodeGen.c
[840/874    0s] CopyFiles /__w/avalon-the-waking-gates/avalon-the-waking-gates/unity/Library/Bee/Android/Prj/IL2CPP/Il2CppBackup/il2cppOutput/UnityEngine.UIElementsModule__9.cpp
[841/874    0s] CopyFiles /__w/avalon-the-waking-gates/avalon-the-waking-gates/unity/Library/Bee/Android/Prj/IL2CPP/Il2CppBackup/il2cppOutput/Il2CppMetadataUsage.c
[842/874    0s] CopyFiles /__w/avalon-the-waking-gates/avalon-the-waking-gates/unity/Library/Bee/Android/Prj/IL2CPP/Il2CppBackup/il2cppOutput/System.Core_CodeGen.c
[843/874    0s] CopyFiles /__w/avalon-the-waking-gates/avalon-the-waking-gates/unity/Library/Bee/Android/Prj/IL2CPP/Il2CppBackup/il2cppOutput/__Generated_CodeGen.c
[844/874    0s] CopyFiles /__w/avalon-the-waking-gates/avalon-the-waking-gates/unity/Library/Bee/Android/Prj/IL2CPP/Il2CppBackup/il2cppOutput/Generics__48.cpp
[845/874    0s] CopyFiles /__w/avalon-the-waking-gates/avalon-the-waking-gates/unity/Library/Bee/Android/Prj/IL2CPP/Il2CppBackup/il2cppOutput/Generics__49.cpp
[846/874    0s] CopyFiles /__w/avalon-the-waking-gates/avalon-the-waking-gates/unity/Library/Bee/Android/Prj/IL2CPP/Il2CppBackup/il2cppOutput/UnityEngine.IMGUIModule_CodeGen.c
[847/874    0s] CopyFiles /__w/avalon-the-waking-gates/avalon-the-waking-gates/unity/Library/Bee/Android/Prj/IL2CPP/Il2CppBackup/il2cppOutput/System.Xml.cpp
[848/874    0s] CopyFiles /__w/avalon-the-waking-gates/avalon-the-waking-gates/unity/Library/Bee/Android/Prj/IL2CPP/Il2CppBackup/il2cppOutput/Generics__6.cpp
[849/874    0s] CopyFiles /__w/avalon-the-waking-gates/avalon-the-waking-gates/unity/Library/Bee/artifacts/Android/il2cppOutput/build/armeabi-v7a/libil2cpp.so
[850/874    0s] CopyFiles /__w/avalon-the-waking-gates/avalon-the-waking-gates/unity/Library/Bee/Android/Prj/IL2CPP/Gradle/unityLibrary/src/main/jniLibs/armeabi-v7a/libil2cpp.so
[851/874    0s] CopyFiles /__w/avalon-the-waking-gates/avalon-the-waking-gates/unity/Library/Bee/Android/Prj/IL2CPP/Il2CppBackup/il2cppOutput/UnityEngine.InputLegacyModule_CodeGen.c
[852/874    0s] CopyFiles /__w/avalon-the-waking-gates/avalon-the-waking-gates/unity/Library/Bee/Android/Prj/IL2CPP/Il2CppBackup/il2cppOutput/Generics__63.cpp
[853/874    0s] CopyFiles /__w/avalon-the-waking-gates/avalon-the-waking-gates/unity/Library/Bee/Android/Prj/IL2CPP/Il2CppBackup/il2cppOutput/UnityEngine.TextCoreTextEngineModule.cpp
[854/874    0s] CopyFiles /__w/avalon-the-waking-gates/avalon-the-waking-gates/unity/Library/Bee/Android/Prj/IL2CPP/Il2CppBackup/il2cppOutput/UnityEngine_CodeGen.c
[855/874    0s] CopyFiles /__w/avalon-the-waking-gates/avalon-the-waking-gates/unity/Library/Bee/Android/Prj/IL2CPP/Il2CppBackup/il2cppOutput/Generics__54.cpp
[856/874    0s] CopyFiles /__w/avalon-the-waking-gates/avalon-the-waking-gates/unity/Library/Bee/Android/Prj/IL2CPP/Il2CppBackup/il2cppOutput/Generics__59.cpp
[857/874    0s] CopyFiles /__w/avalon-the-waking-gates/avalon-the-waking-gates/unity/Library/Bee/Android/Prj/IL2CPP/Il2CppBackup/il2cppOutput/mscorlib__10.cpp
[858/874    0s] CopyFiles /__w/avalon-the-waking-gates/avalon-the-waking-gates/unity/Library/Bee/Android/Prj/IL2CPP/Il2CppBackup/il2cppOutput/UnityEngine.Physics2DModule_CodeGen.c
[859/874    0s] CopyFiles /__w/avalon-the-waking-gates/avalon-the-waking-gates/unity/Library/Bee/Android/Prj/IL2CPP/Il2CppBackup/il2cppOutput/Unity.Scripting.cpp
[860/874    0s] CopyFiles /__w/avalon-the-waking-gates/avalon-the-waking-gates/unity/Library/Bee/Android/Prj/IL2CPP/Il2CppBackup/il2cppOutput/UnityEngine.InputForUIModule_CodeGen.c
[861/874    0s] CopyFiles /__w/avalon-the-waking-gates/avalon-the-waking-gates/unity/Library/Bee/Android/Prj/IL2CPP/Il2CppBackup/il2cppOutput/UnityEngine.AnimationModule_CodeGen.c
[862/874    0s] CopyFiles /__w/avalon-the-waking-gates/avalon-the-waking-gates/unity/Library/Bee/Android/Prj/IL2CPP/Il2CppBackup/il2cppOutput/UnityEngine.SharedInternalsModule_CodeGen.c
[863/874    0s] CopyFiles /__w/avalon-the-waking-gates/avalon-the-waking-gates/unity/Library/Bee/Android/Prj/IL2CPP/Il2CppBackup/il2cppOutput/Il2CppGenericMethodPointerTable.c
[864/874    4s] C_Android_arm64 Library/Bee/artifacts/Android/d8kzr/re5mg65tecl1.o
[865/874    0s] Link_Android_arm64 Library/Bee/artifacts/Android/d8kzr/libil2cpp.so
[866/874    1s] CopyFiles /__w/avalon-the-waking-gates/avalon-the-waking-gates/unity/Library/Bee/artifacts/Android/il2cppOutput/build/arm64-v8a/libil2cpp.dbg.so
[867/874    1s] CopyFiles Library/Bee/artifacts/objcopy_5lmi/libil2cpp.dbg.so
[868/874    0s] NdkObjCopy Library/Bee/artifacts/objcopy_5lmi/libil2cpp.sym.so
[869/874    0s] NdkObjCopy Library/Bee/artifacts/objcopy_5lmi/stripped/libil2cpp.so
[870/874    0s] CopyFiles /__w/avalon-the-waking-gates/avalon-the-waking-gates/unity/Library/Bee/artifacts/Android/il2cppOutput/build/arm64-v8a/libil2cpp.sym.so
[871/874    0s] NdkObjCopy Library/Bee/artifacts/objcopy_5lmi/libil2cpp.so
[872/874    0s] CopyFiles /__w/avalon-the-waking-gates/avalon-the-waking-gates/unity/Library/Bee/artifacts/Android/il2cppOutput/build/arm64-v8a/libil2cpp.so
[873/874    0s] CopyFiles /__w/avalon-the-waking-gates/avalon-the-waking-gates/unity/Library/Bee/Android/Prj/IL2CPP/Gradle/unityLibrary/src/main/jniLibs/arm64-v8a/libil2cpp.so
*** Tundra build success (342.98 seconds - 0:05:42), 697 items updated, 874 evaluated
Library/Bee/artifacts/Android/Manifest/IntermediateLauncherManifestDiag.txt: Unity is trying to add element uses-permission#android.permission.INTERNET but it is already declared by the user in Assets/Plugins/Android/AndroidManifest.xml.
UnityEngine.Debug:ExtractStackTraceNoAlloc (byte*,int,string)
UnityEngine.StackTraceUtility:ExtractStackTrace () (at /home/bokken/build/output/unity/unity/Runtime/Export/Scripting/StackTrace.cs:35)
UnityEngine.DebugLogHandler:Internal_Log (UnityEngine.LogType,UnityEngine.LogOption,string,UnityEngine.Object)
UnityEngine.DebugLogHandler:LogFormat (UnityEngine.LogType,UnityEngine.Object,string,object[])
UnityEngine.Logger:Log (UnityEngine.LogType,object)
UnityEngine.Debug:LogWarning (object)
UnityEditor.Modules.BeeBuildPostprocessor:DefaultResultProcessor (Bee.BinLog.NodeFinishedMessage,bool,bool) (at /home/bokken/build/output/unity/unity/Editor/Mono/Modules/BeeBuildPostprocessor.cs:653)
UnityEditor.Modules.BeeBuildPostprocessor:ReportBuildResults () (at /home/bokken/build/output/unity/unity/Editor/Mono/Modules/BeeBuildPostprocessor.cs:668)
UnityEditor.Modules.BeeBuildPostprocessor:PostProcess (UnityEditor.Modules.BuildPostProcessArgs) (at /home/bokken/build/output/unity/unity/Editor/Mono/Modules/BeeBuildPostprocessor.cs:828)
UnityEditor.Modules.BeeBuildPostprocessor:PostProcess (UnityEditor.Modules.BuildPostProcessArgs,UnityEditor.BuildProperties&) (at /home/bokken/build/output/unity/unity/Editor/Mono/Modules/BeeBuildPostprocessor.cs:40)
UnityEditor.Android.AndroidBuildPostprocessor:PostProcess (UnityEditor.Modules.BuildPostProcessArgs,UnityEditor.BuildProperties&) (at /home/bokken/build/output/unity/unity/PlatformDependent/AndroidPlayer/Editor/Managed/ExtensionModule.cs:418)
UnityEditor.PostprocessBuildPlayer:Postprocess (UnityEditor.BuildTarget,int,string,string,string,UnityEditor.BuildOptions,UnityEditor.RuntimeClassRegistry,UnityEditor.Build.Reporting.BuildReport) (at /home/bokken/build/output/unity/unity/Editor/Mono/BuildPipeline/PostprocessBuildPlayer.cs:347)
UnityEditor.BuildPipeline:BuildPlayerInternal (string[],string,string,UnityEditor.BuildTargetGroup,UnityEditor.BuildTarget,int,UnityEditor.BuildOptions,string[],string[],bool)
UnityEditor.BuildPipeline:BuildPlayer (UnityEditor.BuildPlayerOptions) (at /home/bokken/build/output/unity/unity/Editor/Mono/BuildPipeline/BuildPipeline.bindings.cs:267)
UnityEditor.BuildPipeline:BuildPlayer (string[],string,UnityEditor.BuildTarget,UnityEditor.BuildOptions) (at /home/bokken/build/output/unity/unity/Editor/Mono/BuildPipeline/BuildPipeline.bindings.cs:168)
AvalonShell.AvalonShellBuild:BuildForAndroid () (at Assets/AvalonShell/Editor/AvalonShellBuild.cs:83)

(Filename: /home/bokken/build/output/unity/unity/Editor/Mono/Modules/BeeBuildPostprocessor.cs Line: 653)

Total cache size 77334946
Total cache size after purge 77334946, took 00:00:00.0032927
DisplayProgressbar: Calling IPostGenerateGradleAndroidProject callbacks
Calling IPostGenerateGradleAndroidProject callbacks on '/__w/avalon-the-waking-gates/avalon-the-waking-gates/unity/Library/Bee/Android/Prj/IL2CPP/Gradle/unityLibrary':
Android PostProcess task "Calling IPostGenerateGradleAndroidProject callbacks" took 0.841 ms
DisplayProgressbar: Validate Gradle Project
Android PostProcess task "Validate Gradle Project" took 0.4146 ms
Android PostProcess task "Unity Services Symbol Upload" took 0.2495 ms
DisplayProgressbar: Building Gradle project
Starting: /opt/unity/Editor/Data/PlaybackEngines/AndroidPlayer/OpenJDK/bin/java -classpath "/opt/unity/Editor/Data/PlaybackEngines/AndroidPlayer/Tools/gradle/lib/gradle-launcher-9.1.0.jar" org.gradle.launcher.GradleMain "-Dorg.gradle.jvmargs=-Xmx4096m" "assembleRelease" 
WorkingDir: /__w/avalon-the-waking-gates/avalon-the-waking-gates/unity/Library/Bee/Android/Prj/IL2CPP/Gradle/launcher
ExitCode: 0 Duration: 5m:43s
Build log was saved at '/__w/avalon-the-waking-gates/avalon-the-waking-gates/unity/Library/Bee/Android/Prj/IL2CPP/Gradle/launcher/build/outputs/logs/unity-assembleRelease-build.log'
Android PostProcess task "Building Gradle project" took 81396.2822 ms
DisplayProgressbar: Building Gradle Symbols
Android PostProcess task "Building Gradle Symbols" took 0.2519 ms
DisplayProgressbar: Processing Mapping File
Android PostProcess task "Processing Mapping File" took 0.319 ms
DisplayProgressbar: Moving output package(s)
Copy '/__w/avalon-the-waking-gates/avalon-the-waking-gates/unity/Library/Bee/Android/Prj/IL2CPP/Gradle/launcher/build/outputs/apk/release/launcher-release.apk' -> 
 '/__w/avalon-the-waking-gates/avalon-the-waking-gates/build/avalon-unity-shell.apk'
Android PostProcess task "Moving output package(s)" took 16.8098 ms
Android PostProcess task "Checking Symbols size" took 0.9604 ms
[Licensing::Client] Successfully resolved entitlement details
[Licensing::Client] Successfully resolved entitlement details

-------------------------------------------------------------------------------
Build Report
Uncompressed usage by category (Percentages based on user generated assets only):
Textures               7.8 mb	 29.3% 
Meshes                 18.7 mb	 69.8% 
Animations             213.5 kb	 0.8% 
Sounds                 0.0 kb	 0.0% 
Shaders                14.2 kb	 0.1% 
Other Assets           5.7 kb	 0.0% 
Levels                 2.1 kb	 0.0% 
File headers           8.4 kb	 0.0% 
Total User Assets      26.8 mb	 100.0% 
Complete build size    420.7 mb
Used Assets and files from the Resources folder, sorted by uncompressed size:
 18.7 mb	 4.4% Assets/AvalonForge/Generated/Sovereign-M.fbx
 2.7 mb	 0.6% Built-in Texture2D: Splash Screen Unity Logo
 682.8 kb	 0.2% Assets/AvalonShell/Resources/Art/CINEMATIC-TEASER-KEYART-CANON.png
 682.8 kb	 0.2% Assets/AvalonShell/Resources/Art/CLASS-SOVEREIGN-CANON.png
 682.8 kb	 0.2% Assets/AvalonShell/Resources/Art/CLASS-WILDBORN-CANON.png
 682.8 kb	 0.2% Assets/AvalonShell/Resources/Art/CLASS-WEAVER-CANON.png
 682.8 kb	 0.2% Assets/AvalonShell/Resources/Art/CLASS-WARDEN-CANON.png
 682.8 kb	 0.2% Assets/AvalonShell/Resources/Art/CLASS-VEILBORN-CANON.png
 682.8 kb	 0.2% Assets/AvalonShell/Resources/Art/CLASS-RAVAGER-CANON.png
 527.0 kb	 0.1% Resources/unity_builtin_extra
 213.5 kb	 0.0% Assets/AvalonForge/Mocap/AEDAN-idle.fbx
 3.1 kb	 0.0% Assets/AvalonShell/Resources/Sovereign-GAME.prefab
 0.6 kb	 0.0% Assets/AvalonForge/Animators/Sovereign.controller
 0.4 kb	 0.0% Built-in Sprite: 
 0.1 kb	 0.0% Packages/com.unity.ugui/Runtime/UGUI/EventSystem/UIElements/UIToolkitInteroperabilityBridge.cs
 0.1 kb	 0.0% Packages/com.unity.ugui/Runtime/TMP/TMP_SpriteAssetImportFormats.cs
 0.1 kb	 0.0% Packages/com.unity.ugui/Runtime/UGUI/UI/Core/Layout/HorizontalOrVerticalLayoutGroup.cs
 0.1 kb	 0.0% Packages/com.unity.ugui/Runtime/TMP/TMP_DynamicFontAssetUtilities.cs
 0.1 kb	 0.0% Packages/com.unity.ugui/Runtime/UGUI/EventSystem/UIElements/WorldDocumentRaycaster.cs
 0.1 kb	 0.0% Packages/com.unity.ugui/Runtime/UGUI/EventSystem/InputModules/StandaloneInputModule.cs
 0.1 kb	 0.0% Packages/com.unity.ugui/Runtime/TMP/TMP_ScrollbarEventHandler.cs
 0.1 kb	 0.0% Packages/com.unity.ugui/Runtime/TMP/TMP_PackageResourceImporter.cs
 0.1 kb	 0.0% Packages/com.unity.ugui/Runtime/InternalBridge/ObjectUtilsBridge.cs
 0.1 kb	 0.0% Packages/com.unity.ugui/Runtime/UGUI/UI/Core/Utility/ReflectionMethodsCache.cs
 0.1 kb	 0.0% Packages/com.unity.ugui/Runtime/UGUI/UI/Core/MultipleDisplayUtilities.cs
 0.1 kb	 0.0% Packages/com.unity.ugui/Runtime/UGUI/UI/Core/Layout/HorizontalLayoutGroup.cs
 0.1 kb	 0.0% Packages/com.unity.ugui/Runtime/UGUI/UI/Core/IGraphicEnabledDisabled.cs
 0.1 kb	 0.0% Packages/com.unity.ugui/Runtime/UGUI/UI/Core/GraphicRebuildTracker.cs
 0.1 kb	 0.0% Packages/com.unity.ugui/Runtime/UGUI/UI/Core/Culling/RectangularVertexClipper.cs
 0.1 kb	 0.0% Packages/com.unity.ugui/Runtime/UGUI/EventSystem/UIElements/PanelEventHandler.cs
 0.1 kb	 0.0% Packages/com.unity.ugui/Runtime/UGUI/EventSystem/Raycasters/Physics2DRaycaster.cs
 0.1 kb	 0.0% Packages/com.unity.ugui/Runtime/UGUI/EventSystem/InputModules/PointerInputModule.cs
 0.1 kb	 0.0% Packages/com.unity.ugui/Runtime/UGUI/UI/Animation/CoroutineTween.cs
 0.1 kb	 0.0% Packages/com.unity.ugui/Runtime/UGUI/EventSystem/EventInterfaces.cs
 0.1 kb	 0.0% Packages/com.unity.ugui/Runtime/TMP/TMPro_ExtensionMethods.cs
 0.1 kb	 0.0% Packages/com.unity.ugui/Runtime/TMP/TMP_TextParsingUtilities.cs
 0.1 kb	 0.0% Packages/com.unity.ugui/Runtime/TMP/TMP_TextElement_Legacy.cs
 0.1 kb	 0.0% Packages/com.unity.ugui/Runtime/TMP/TMP_FontAssetUtilities.cs
 0.1 kb	 0.0% Packages/com.unity.ugui/Runtime/TMP/MaterialReferenceManager.cs
 0.1 kb	 0.0% Packages/com.unity.ugui/Runtime/TMP/FontFeatureCommonGSUB.cs
 0.1 kb	 0.0% Packages/com.unity.ugui/Runtime/UGUI/UI/Core/SetPropertyUtility.cs
 0.1 kb	 0.0% Packages/com.unity.ugui/Runtime/UGUI/UI/Core/MaterialModifiers/IMaterialModifier.cs
 0.1 kb	 0.0% Packages/com.unity.ugui/Runtime/UGUI/UI/Core/Layout/VerticalLayoutGroup.cs
 0.1 kb	 0.0% Packages/com.unity.ugui/Runtime/UGUI/UI/Core/Layout/ContentSizeFitter.cs
 0.1 kb	 0.0% Packages/com.unity.ugui/Runtime/UGUI/UI/Core/Layout/AspectRatioFitter.cs
 0.1 kb	 0.0% Packages/com.unity.ugui/Runtime/UGUI/UI/Core/FontUpdateTracker.cs
 0.1 kb	 0.0% Packages/com.unity.ugui/Runtime/UGUI/UI/Core/CanvasUpdateRegistry.cs
 0.1 kb	 0.0% Packages/com.unity.ugui/Runtime/UGUI/UI/Core/AnimationTriggers.cs
 0.1 kb	 0.0% Packages/com.unity.ugui/Runtime/UGUI/EventSystem/UIElements/PanelRaycaster.cs
 0.1 kb	 0.0% Packages/com.unity.ugui/Runtime/UGUI/EventSystem/Raycasters/PhysicsRaycaster.cs
 0.1 kb	 0.0% Packages/com.unity.ugui/Runtime/UGUI/EventSystem/Raycasters/BaseRaycaster.cs
 0.1 kb	 0.0% Packages/com.unity.ugui/Runtime/UGUI/EventSystem/RaycasterManager.cs
 0.1 kb	 0.0% Packages/com.unity.ugui/Runtime/UGUI/EventSystem/RaycastResult.cs
 0.1 kb	 0.0% Packages/com.unity.ugui/Runtime/UGUI/EventSystem/InputModules/TouchInputModule.cs
 0.1 kb	 0.0% Packages/com.unity.ugui/Runtime/UGUI/EventSystem/InputModules/BaseInputModule.cs
 0.1 kb	 0.0% Packages/com.unity.ugui/Runtime/UGUI/EventSystem/ExecuteEvents.cs
 0.1 kb	 0.0% Packages/com.unity.ugui/Runtime/UGUI/EventSystem/EventData/PointerEventData.cs
 0.1 kb	 0.0% Packages/com.unity.ugui/Runtime/UGUI/EventSystem/EventData/BaseEventData.cs
 0.1 kb	 0.0% Packages/com.unity.ugui/Runtime/UGUI/EventSystem/EventData/AxisEventData.cs
 0.1 kb	 0.0% Packages/com.unity.ugui/Runtime/TMP/TMP_TextProcessingStack.cs
 0.1 kb	 0.0% Packages/com.unity.ugui/Runtime/TMP/TMP_FontFeaturesCommon.cs
 0.1 kb	 0.0% Packages/com.unity.ugui/Runtime/TMP/TMPro_EventManager.cs
 0.1 kb	 0.0% Packages/com.unity.ugui/Runtime/TMP/TMP_UpdateRegistery.cs
 0.1 kb	 0.0% Packages/com.unity.ugui/Runtime/TMP/TMP_UpdateManager.cs
 0.1 kb	 0.0% Packages/com.unity.ugui/Runtime/TMP/TMP_TextUtilities.cs
 0.1 kb	 0.0% Packages/com.unity.ugui/Runtime/TMP/TMP_TextProcessingCommon.cs
 0.1 kb	 0.0% Packages/com.unity.ugui/Runtime/TMP/TMP_SpriteCharacter.cs
 0.1 kb	 0.0% Packages/com.unity.ugui/Runtime/TMP/TMP_SpriteAnimator.cs
 0.1 kb	 0.0% Packages/com.unity.ugui/Runtime/TMP/TMP_SelectionCaret.cs
 0.1 kb	 0.0% Packages/com.unity.ugui/Runtime/TMP/TMP_ResourcesManager.cs
 0.1 kb	 0.0% Packages/com.unity.ugui/Runtime/TMP/TMP_MaterialManager.cs
 0.1 kb	 0.0% Packages/com.unity.ugui/Runtime/TMP/TMP_InputValidator.cs
 0.1 kb	 0.0% Packages/com.unity.ugui/Runtime/TMP/TMP_FontFeatureTable.cs
 0.1 kb	 0.0% Packages/com.unity.ugui/Runtime/TMP/TMP_DefaultControls.cs
 0.1 kb	 0.0% Packages/com.unity.ugui/Runtime/TMP/TMP_Compatibility.cs
 0.1 kb	 0.0% Packages/com.unity.ugui/Runtime/TMP/TMP_ColorGradient.cs
 0.1 kb	 0.0% Packages/com.unity.ugui/Runtime/TMP/TMP_CharacterInfo.cs
 0.1 kb	 0.0% Packages/com.unity.ugui/Runtime/TMP/ITextPreProcessor.cs
 0.1 kb	 0.0% Packages/com.unity.ugui/Runtime/TMP/FontFeatureCommonGPOS.cs
 0.1 kb	 0.0% Packages/com.unity.ugui/Runtime/InternalBridge/TMPHelpURL.cs
 0.1 kb	 0.0% Packages/com.unity.ugui/Runtime/UGUI/UI/Core/VertexModifiers/PositionAsUV1.cs
 0.1 kb	 0.0% Packages/com.unity.ugui/Runtime/UGUI/UI/Core/VertexModifiers/IMeshModifier.cs
 0.1 kb	 0.0% Packages/com.unity.ugui/Runtime/UGUI/UI/Core/VertexModifiers/BaseMeshEffect.cs
 0.1 kb	 0.0% Packages/com.unity.ugui/Runtime/UGUI/UI/Core/StencilMaterial.cs
 0.1 kb	 0.0% Packages/com.unity.ugui/Runtime/UGUI/UI/Core/RaycastReceiver.cs
 0.1 kb	 0.0% Packages/com.unity.ugui/Runtime/UGUI/UI/Core/MaskableGraphic.cs
 0.1 kb	 0.0% Packages/com.unity.ugui/Runtime/UGUI/UI/Core/MaskUtilities.cs
 0.1 kb	 0.0% Packages/com.unity.ugui/Runtime/UGUI/UI/Core/Layout/LayoutUtility.cs
 0.1 kb	 0.0% Packages/com.unity.ugui/Runtime/UGUI/UI/Core/Layout/LayoutRebuilder.cs
 0.1 kb	 0.0% Packages/com.unity.ugui/Runtime/UGUI/UI/Core/Layout/LayoutElement.cs
 0.1 kb	 0.0% Packages/com.unity.ugui/Runtime/UGUI/UI/Core/Layout/ILayoutElement.cs
 0.1 kb	 0.0% Packages/com.unity.ugui/Runtime/UGUI/UI/Core/Layout/GridLayoutGroup.cs
 0.1 kb	 0.0% Packages/com.unity.ugui/Runtime/UGUI/UI/Core/GraphicRegistry.cs
 0.1 kb	 0.0% Packages/com.unity.ugui/Runtime/UGUI/UI/Core/GraphicRaycaster.cs
 0.1 kb	 0.0% Packages/com.unity.ugui/Runtime/UGUI/UI/Core/DefaultControls.cs
 0.1 kb	 0.0% Packages/com.unity.ugui/Runtime/UGUI/UI/Core/Culling/ClipperRegistry.cs
 0.1 kb	 0.0% Packages/com.unity.ugui/Runtime/UGUI/EventSystem/UIBehaviour.cs
 0.1 kb	 0.0% Packages/com.unity.ugui/Runtime/UGUI/EventSystem/InputModules/BaseInput.cs
 0.1 kb	 0.0% Packages/com.unity.ugui/Runtime/UGUI/EventSystem/EventTrigger.cs
 0.1 kb	 0.0% Packages/com.unity.ugui/Runtime/UGUI/EventSystem/EventSystem.cs
 0.1 kb	 0.0% Packages/com.unity.ugui/Runtime/TMP/TMPro_MeshUtilities.cs
 0.1 kb	 0.0% Packages/com.unity.ugui/Runtime/TMP/TMP_ShaderUtilities.cs
 0.1 kb	 0.0% Packages/com.unity.ugui/Runtime/TMP/TMP_RichTextTagsCommon.cs
 0.1 kb	 0.0% Packages/com.unity.ugui/Runtime/TMP/TMP_FontAssetCommon.cs
 0.1 kb	 0.0% Packages/com.unity.ugui/Runtime/TMP/TextMeshProUGUI.cs
 0.1 kb	 0.0% Packages/com.unity.ugui/Runtime/TMP/TextContainer.cs
 0.1 kb	 0.0% Packages/com.unity.ugui/Runtime/TMP/TMP_TextElement.cs
 0.1 kb	 0.0% Packages/com.unity.ugui/Runtime/TMP/TMP_SubMeshUI.cs
 0.1 kb	 0.0% Packages/com.unity.ugui/Runtime/TMP/TMP_StyleSheet.cs
 0.1 kb	 0.0% Packages/com.unity.ugui/Runtime/TMP/TMP_SpriteGlyph.cs
 0.1 kb	 0.0% Packages/com.unity.ugui/Runtime/TMP/TMP_SpriteAsset.cs
 0.1 kb	 0.0% Packages/com.unity.ugui/Runtime/TMP/TMP_InputField.cs
 0.1 kb	 0.0% Packages/com.unity.ugui/Runtime/TMP/TMP_FontAsset.cs
 0.1 kb	 0.0% Packages/com.unity.ugui/Runtime/TMP/TMP_CoroutineTween.cs
 0.1 kb	 0.0% Packages/com.unity.ugui/Runtime/TMP/TMP_Character.cs
 0.1 kb	 0.0% Packages/com.unity.ugui/Runtime/UGUI/UI/Core/Utility/VertexHelper.cs
 0.1 kb	 0.0% Packages/com.unity.ugui/Runtime/UGUI/UI/Core/ToggleGroup.cs
 0.1 kb	 0.0% Packages/com.unity.ugui/Runtime/UGUI/UI/Core/SpriteState.cs
 0.1 kb	 0.0% Packages/com.unity.ugui/Runtime/UGUI/UI/Core/Selectable.cs
 0.1 kb	 0.0% Packages/com.unity.ugui/Runtime/UGUI/UI/Core/Scrollbar.cs
 0.1 kb	 0.0% Packages/com.unity.ugui/Runtime/UGUI/UI/Core/ScrollRect.cs
 0.1 kb	 0.0% Packages/com.unity.ugui/Runtime/UGUI/UI/Core/RectMask2D.cs
 0.1 kb	 0.0% Packages/com.unity.ugui/Runtime/UGUI/UI/Core/Navigation.cs
 0.1 kb	 0.0% Packages/com.unity.ugui/Runtime/UGUI/UI/Core/Layout/LayoutGroup.cs
 0.1 kb	 0.0% Packages/com.unity.ugui/Runtime/UGUI/UI/Core/Layout/CanvasScaler.cs
 0.1 kb	 0.0% Packages/com.unity.ugui/Runtime/UGUI/UI/Core/InputField.cs
 0.1 kb	 0.0% Packages/com.unity.ugui/Runtime/UGUI/UI/Core/IMaskable.cs
 0.1 kb	 0.0% Packages/com.unity.ugui/Runtime/UGUI/UI/Core/ColorBlock.cs
 0.1 kb	 0.0% Packages/com.unity.ugui/Runtime/UGUI/UI/Core/Culling/IClipRegion.cs
 0.1 kb	 0.0% Packages/com.unity.ugui/Runtime/TMP/TextMeshPro.cs
 0.1 kb	 0.0% Packages/com.unity.ugui/Runtime/TMP/TMP_TextInfo.cs
 0.1 kb	 0.0% Packages/com.unity.ugui/Runtime/TMP/TMP_SubMesh.cs
 0.1 kb	 0.0% Packages/com.unity.ugui/Runtime/TMP/TMP_Style.cs
 0.1 kb	 0.0% Packages/com.unity.ugui/Runtime/TMP/TMP_Sprite.cs
 0.1 kb	 0.0% Packages/com.unity.ugui/Runtime/TMP/TMP_Settings.cs
 0.1 kb	 0.0% Packages/com.unity.ugui/Runtime/TMP/TMP_MeshInfo.cs
 0.1 kb	 0.0% Packages/com.unity.ugui/Runtime/TMP/TMP_LineInfo.cs
 0.1 kb	 0.0% Packages/com.unity.ugui/Runtime/TMP/TMP_Dropdown.cs
 0.1 kb	 0.0% Packages/com.unity.ugui/Runtime/TMP/TMP_Asset.cs
 0.1 kb	 0.0% Packages/com.unity.ugui/Runtime/TMP/FastAction.cs
 0.1 kb	 0.0% Packages/com.unity.ugui/Runtime/UGUI/UI/Core/VertexModifiers/Shadow.cs
 0.1 kb	 0.0% Packages/com.unity.ugui/Runtime/UGUI/UI/Core/VertexModifiers/Outline.cs
 0.1 kb	 0.0% Packages/com.unity.ugui/Runtime/UGUI/UI/Core/Toggle.cs
 0.1 kb	 0.0% Packages/com.unity.ugui/Runtime/UGUI/UI/Core/Slider.cs
 0.1 kb	 0.0% Packages/com.unity.ugui/Runtime/UGUI/UI/Core/RawImage.cs
 0.1 kb	 0.0% Packages/com.unity.ugui/Runtime/UGUI/UI/Core/Image.cs
 0.1 kb	 0.0% Packages/com.unity.ugui/Runtime/UGUI/UI/Core/IMask.cs
 0.1 kb	 0.0% Packages/com.unity.ugui/Runtime/UGUI/UI/Core/Graphic.cs
 0.1 kb	 0.0% Packages/com.unity.ugui/Runtime/UGUI/UI/Core/FontData.cs
 0.1 kb	 0.0% Packages/com.unity.ugui/Runtime/UGUI/UI/Core/Dropdown.cs
 0.1 kb	 0.0% Packages/com.unity.ugui/Runtime/UGUI/UI/Core/Culling/Clipping.cs
 0.1 kb	 0.0% Packages/com.unity.ugui/Runtime/UGUI/UI/Core/Button.cs
 0.1 kb	 0.0% Packages/com.unity.ugui/Runtime/TMP/TMP_Text.cs
 0.1 kb	 0.0% Assets/AvalonShell/Shell.cs
 0.1 kb	 0.0% Packages/com.unity.ugui/Runtime/UGUI/UI/Core/Text.cs
 0.1 kb	 0.0% Packages/com.unity.ugui/Runtime/UGUI/UI/Core/Misc.cs
 0.1 kb	 0.0% Packages/com.unity.ugui/Runtime/UGUI/UI/Core/Mask.cs
-------------------------------------------------------------------------------
Unloading 15 Unused Serialized files (Serialized files now loaded: 0)
Unloading 61 unused Assets / (28.0 KB). Loaded Objects now: 1273.
Memory consumption went from 140.5 MB to 140.5 MB.
Total: 12.872920 ms (FindLiveObjects: 0.090925 ms CreateObjectMapping: 0.020290 ms MarkObjects: 12.528157 ms  DeleteObjects: 0.232676 ms)

Build Finished, Result: Success.
##utp:{"success":true,"type":"PlayerBuildInfo","version":2,"phase":"Immediate","time":1789107692569,"processId":2037,"steps":[{"description":"Preprocess Player","duration":12},{"description":"Prepare For Build","duration":3061},{"description":"ProducePlayerScriptAssemblies","duration":8061},{"description":"Verify Build setup","duration":17},{"description":"Prepare assets for target platform","duration":4826},{"description":"Prepare splash screen","duration":2066},{"description":"Build scripts DLLs","duration":27},{"description":"Building scenes","duration":84},{"description":"Build GlobalGameManagers file","duration":64},{"description":"Writing asset files","duration":787},{"description":"Building Resources/unity_builtin_extra","duration":27398},{"description":"Write data build dirty tracking information","duration":21},{"description":"Postprocess built player","duration":492638}],"duration":539062}
Unloading 0 Unused Serialized files (Serialized files now loaded: 0)
Loaded scene 'Temp/__Backupscenes/0.backup'
	Deserialize:            1.017 ms
	Integration:            5.093 ms
	Integration of assets:  0.001 ms
	Thread Wait Time:       0.008 ms
	Total Operation Time:   6.119 ms
Unloading 0 unused Assets / (0 B). Loaded Objects now: 1276.
Memory consumption went from 137.2 MB to 137.2 MB.
Total: 8.982169 ms (FindLiveObjects: 0.115732 ms CreateObjectMapping: 0.024447 ms MarkObjects: 8.836623 ms  DeleteObjects: 0.004767 ms)

[SHELL] build: Succeeded size=441163401 errors=0
UnityEngine.Debug:ExtractStackTraceNoAlloc (byte*,int,string)
UnityEngine.StackTraceUtility:ExtractStackTrace () (at /home/bokken/build/output/unity/unity/Runtime/Export/Scripting/StackTrace.cs:35)
UnityEngine.DebugLogHandler:Internal_Log (UnityEngine.LogType,UnityEngine.LogOption,string,UnityEngine.Object)
UnityEngine.DebugLogHandler:LogFormat (UnityEngine.LogType,UnityEngine.Object,string,object[])
UnityEngine.Logger:Log (UnityEngine.LogType,object)
UnityEngine.Debug:Log (object)
AvalonShell.AvalonShellBuild:BuildForAndroid () (at Assets/AvalonShell/Editor/AvalonShellBuild.cs:85)

(Filename: Assets/AvalonShell/Editor/AvalonShellBuild.cs Line: 85)

MonoPathRemapper: Attempts to remap: 3073; Successful remaps: 284
Serialized file version minimum: 23, current 23
Starting: /opt/unity/Editor/Data/PlaybackEngines/AndroidPlayer/OpenJDK/bin/java -classpath "/opt/unity/Editor/Data/PlaybackEngines/AndroidPlayer/Tools/gradle/lib/gradle-launcher-9.1.0.jar" org.gradle.launcher.GradleMain "-Dorg.gradle.jvmargs=-Xmx4096m" "--stop" 
WorkingDir: 
Build log was saved at '/__w/avalon-the-waking-gates/avalon-the-waking-gates/unity/build/outputs/logs/unity---stop-build.log'
Killing ADB server in 0.024016 seconds.
Shutting down MSBuild server...
Shutting down VB/C# compiler server...
[Physics::Module] Cleanup current backend.
[Physics::Module] Id: 0xf2b8ea05
Input System module state changed to: ShutdownInProgress.
Input Polling Thread exited.
Input System module state changed to: Shutdown.
[Licensing::IpcConnector] LicenseClient-root-notifications channel disconnected successfully.
[Licensing::IpcConnector] LicenseClient-root channel disconnected successfully.
MSBuild server shut down successfully.
Lingering sessions upon destruction of worker manager
AcceleratorClientConnectionCallback - disconnected - :0
info: Microsoft.Hosting.Lifetime[0]
      Application is shutting down...
Cleanup mono
CodeReloadManager destroyed
debugger-agent: Unable to listen on 44
Checking for leaked weakptr:
  Found no leaked weakptrs.
[Package Manager] Server process was shutdown
##utp:{"type":"MemoryLeaks","version":2,"phase":"Immediate","time":1789107699997,"processId":2037,"allocatedMemory":8600165,"memoryLabels":[{"Default":195233},{"Permanent":16152},{"Thread":1051832},{"Manager":17330},{"VertexData":8},{"Geometry":408},{"Texture":24},{"Shader":1499747},{"Material":24},{"GfxDevice":36096},{"Animation":1016},{"Audio":712},{"Font":67949},{"FreeType":9790},{"FontEngine":736},{"Physics":1970},{"Physics2D":16},{"Serialization":1752},{"Input":60256},{"JobScheduler":256},{"TextLib":280},{"Mono":80},{"ScriptingNativeRuntime":155088},{"BaseObject":1625992},{"Resource":1032},{"Renderer":3072},{"Transform":4717},{"File":3797},{"WebCam":80},{"Culling":32},{"Terrain":11346},{"Wind":24},{"String":80576},{"StaticString":4140},{"Utility":2671728},{"Curl":2450},{"PoolAlloc":1960},{"AI":80},{"TypeTree":8869},{"CodeReload":448},{"RuntimeInitializeOnLoadManager":64},{"Sprites":102},{"SpriteAtlas":120},{"GI":7408},{"Director":8280},{"CloudService":24328},{"WebRequest":552},{"VR":47018},{"SceneManager":640},{"Video":64},{"LazyScriptCache":32},{"Camera":17},{"Secure":12449},{"SerializationCache":1576},{"APIUpdating":10320},{"Subsystems":336},{"VirtualTexturing":57552},{"StaticSafetyDebugInfo":278528},{"Analytics":552},{"Hierarchy":1424},{"UIElements":72},{"CoreStats":13688},{"Identifiers":6768},{"Gui":160},{"EditorUtility":70625},{"VersionControl":8},{"Undo":963},{"AssetDatabase":464374},{"AssetImporter":40},{"EditorGi":328},{"UnityConnect":38913},{"Upm":1760},{"UpmDiagnostics":8},{"AssetCompliance":64},{"DrivenProperties":72},{"LocalIPC":147},{"ProfilerEditor":9746},{"CoreBusinessMetrics":2401},{"Windowing":480},{"Licensing":1128},{"AssetReference":32},{"IPCStream":32}]}
